*Action(SiteID=UK|Country=GB|Currency=GBP|Version=1193),CustomLabel,*Category,*Title,*ConditionID,*C:Brand,C:Type,C:Material,C:Capacity,C:Colour,C:Theme,C:Features,C:Care Instructions,C:Country/Region of Manufacture,Relationship,RelationshipDetails,PicURL,*Description,*Format,*Duration,*StartPrice,*Quantity,*Location,ShippingProfileName,ReturnProfileName,PaymentProfileName
Add,FOXY-SUB-FNPMBUBU,,Funny Number Plate Mug BR3W UP Brew Up Gift 11oz Ceramic UK Seller,1000,Foxy Printing,Mug,Ceramic,11oz,White,Novelty,Dishwasher Safe|Microwave Safe,Dishwasher Safe,United Kingdom,,Country=GB;Scotland;Wales;Northern Ireland;Ireland,https://cdn.shopify.com/s/files/1/1774/9115/files/FOXY-SUB-FNPMBUBU-GB-mockup.jpg?v=1791278317|https://cdn.shopify.com/s/files/1/1774/9115/files/FOXY-SUB-FNPMBUBU-both-sides.jpg?v=1791278317|https://cdn.shopify.com/s/files/1/1774/9115/files/FOXY-SUB-FNPMBUBU-life-1.jpg?v=1791278318|https://cdn.shopify.com/s/files/1/1774/9115/files/FOXY-SUB-FNPMBUBU-life-2.jpg?v=1791278317|https://cdn.shopify.com/s/files/1/1774/9115/files/FOXY-SUB-FNPMBUBU-life-3.jpg?v=1791278317,"<div style=""font-family:Arial,sans-serif;max-width:800px""><h2>Funny Number Plate Mug – BR3W UP (Brew Up) – Tea Lover Gift – 11oz Ceramic</h2><p>This funny tea mug is for the person who meets every crisis with “I’ll put the kettle on”. Styled like a proper British number plate, it reads BR3W UP – the call to arms in every Yorkshire kitchen when a cuppa is overdue.</p><h2>A funny tea mug with a number plate twist</h2><p>BR3W UP is printed on both sides of the mug, as a white front plate and a yellow rear plate, just like a car. Choose the band on the left of the plate to suit the tea drinker in your life: GB, Scotland, Wales, Northern Ireland or Ireland. It’s a novelty number plate mug rather than a real registration, so nobody will be clamping the kitchen.</p><h3>Why you’ll love it</h3><ul><li>Gives the household tea maker a mug that finally gives them the credit</li><li>A tea lover gift for birthdays, Secret Santa or a new-job welcome</li><li>Two plates on one mug: a white front plate on one side and a yellow rear plate on the other, so the joke faces out whichever hand they drink with</li><li>Pick the band that suits them – GB with the Union flag, Scotland with the saltire and SCO, Wales with the dragon and CYM, Northern Ireland with NI lettering, or Ireland with the tricolour and IRL</li><li>Sublimation printed onto an 11oz white ceramic mug, dishwasher and microwave safe for everyday brews</li></ul><h3>Size &amp; details</h3><ul><li>White ceramic mug, 11oz (approx. 325ml)</li><li>C-shaped handle and a high-gloss finish</li><li>Sublimation printed in-house in North Yorkshire</li><li>Dishwasher and microwave safe – avoid abrasive scourers</li><li>Novelty plate design – not a real or road-legal registration</li></ul><h3>Delivery</h3><p>Every mug is printed to order in our North Yorkshire workshop and sent out in protective packaging for UK delivery.</p><p>Pair it with a box of their favourite tea bags for an easy tea lover gift.</p></div>",FixedPrice,GTC,,,"North Yorkshire, UK",,,
,FOXY-SUB-FNPMBUBU-01,,,,,,,,,,,,,Variation,Country=GB,Country=GB|https://cdn.shopify.com/s/files/1/1774/9115/files/FOXY-SUB-FNPMBUBU-GB-mockup.jpg?v=1791278317,,,,7.99,10,,,,
,FOXY-SUB-FNPMBUBU-02,,,,,,,,,,,,,Variation,Country=Scotland,Country=Scotland|https://cdn.shopify.com/s/files/1/1774/9115/files/FOXY-SUB-FNPMBUBU-SCO-mockup.jpg?v=1791278317,,,,7.99,10,,,,
,FOXY-SUB-FNPMBUBU-03,,,,,,,,,,,,,Variation,Country=Wales,Country=Wales|https://cdn.shopify.com/s/files/1/1774/9115/files/FOXY-SUB-FNPMBUBU-CYM-mockup.jpg?v=1791278317,,,,7.99,10,,,,
,FOXY-SUB-FNPMBUBU-04,,,,,,,,,,,,,Variation,Country=Northern Ireland,Country=Northern Ireland|https://cdn.shopify.com/s/files/1/1774/9115/files/FOXY-SUB-FNPMBUBU-NI-mockup.jpg?v=1791278317,,,,7.99,10,,,,
,FOXY-SUB-FNPMBUBU-05,,,,,,,,,,,,,Variation,Country=Ireland,Country=Ireland|https://cdn.shopify.com/s/files/1/1774/9115/files/FOXY-SUB-FNPMBUBU-IRL-mockup.jpg?v=1791278317,,,,7.99,10,,,,
Add,FOXY-SUB-FNPMBCBB,,Funny Number Plate Mug B15 CU1T Biscuit Gift 11oz Ceramic UK Seller,1000,Foxy Printing,Mug,Ceramic,11oz,White,Novelty,Dishwasher Safe|Microwave Safe,Dishwasher Safe,United Kingdom,,Country=GB;Scotland;Wales;Northern Ireland;Ireland,https://cdn.shopify.com/s/files/1/1774/9115/files/FOXY-SUB-FNPMBCBB-GB-mockup.jpg?v=1791278318|https://cdn.shopify.com/s/files/1/1774/9115/files/FOXY-SUB-FNPMBCBB-both-sides.jpg?v=1791278318|https://cdn.shopify.com/s/files/1/1774/9115/files/FOXY-SUB-FNPMBCBB-life-1.jpg?v=1791278318|https://cdn.shopify.com/s/files/1/1774/9115/files/FOXY-SUB-FNPMBCBB-life-2.jpg?v=1791278318|https://cdn.shopify.com/s/files/1/1774/9115/files/FOXY-SUB-FNPMBCBB-life-3.jpg?v=1791278318,"<div style=""font-family:Arial,sans-serif;max-width:800px""><h2>Funny Number Plate Mug – B15 CU1T (Biscuit) – Biscuit Lover Gift – 11oz Ceramic</h2><p>This biscuit lover mug is for the person in every office who knows exactly where the good biscuits are hidden. It gives them a number plate of their own, B15 CU1T, so everyone knows what goes with their brew.</p><h2>Biscuit lover mug with a cheeky registration</h2><p>We print the B15 CU1T plate twice – once as a white front plate and once as a yellow rear plate – so the joke is on show whichever way the mug is put down. Pick a GB, Scotland, Wales, Northern Ireland or Ireland band to match where they’re from. It’s a novelty number plate mug and not a real registration, although it does make dunking feel like serious business.</p><h3>Why you’ll love it</h3><ul><li>A fun desk mug that gets people talking at tea break</li><li>An easy add-on gift with a packet of their favourite biscuits</li><li>Two plates on one mug: a white front plate on one side and a yellow rear plate on the other, so the joke faces out whichever hand they drink with</li><li>Pick the band that suits them – GB with the Union flag, Scotland with the saltire and SCO, Wales with the dragon and CYM, Northern Ireland with NI lettering, or Ireland with the tricolour and IRL</li><li>Sublimation printed onto an 11oz white ceramic mug, dishwasher and microwave safe for everyday brews</li></ul><h3>Size &amp; details</h3><ul><li>White ceramic mug, 11oz (approx. 325ml)</li><li>C-shaped handle and a high-gloss finish</li><li>Sublimation printed in-house in North Yorkshire</li><li>Dishwasher and microwave safe – avoid abrasive scourers</li><li>Novelty plate design – not a real or road-legal registration</li></ul><h3>Delivery</h3><p>Every mug is printed to order in our North Yorkshire workshop and sent out in protective packaging for UK delivery.</p><p>Tuck a packet of chocolate digestives in with it and you’ve got a ready-made tea break gift.</p></div>",FixedPrice,GTC,,,"North Yorkshire, UK",,,
,FOXY-SUB-FNPMBCBB-01,,,,,,,,,,,,,Variation,Country=GB,Country=GB|https://cdn.shopify.com/s/files/1/1774/9115/files/FOXY-SUB-FNPMBCBB-GB-mockup.jpg?v=1791278318,,,,7.99,10,,,,
,FOXY-SUB-FNPMBCBB-02,,,,,,,,,,,,,Variation,Country=Scotland,Country=Scotland|https://cdn.shopify.com/s/files/1/1774/9115/files/FOXY-SUB-FNPMBCBB-SCO-mockup.jpg?v=1791278318,,,,7.99,10,,,,
,FOXY-SUB-FNPMBCBB-03,,,,,,,,,,,,,Variation,Country=Wales,Country=Wales|https://cdn.shopify.com/s/files/1/1774/9115/files/FOXY-SUB-FNPMBCBB-CYM-mockup.jpg?v=1791278317,,,,7.99,10,,,,
,FOXY-SUB-FNPMBCBB-04,,,,,,,,,,,,,Variation,Country=Northern Ireland,Country=Northern Ireland|https://cdn.shopify.com/s/files/1/1774/9115/files/FOXY-SUB-FNPMBCBB-NI-mockup.jpg?v=1791278318,,,,7.99,10,,,,
,FOXY-SUB-FNPMBCBB-05,,,,,,,,,,,,,Variation,Country=Ireland,Country=Ireland|https://cdn.shopify.com/s/files/1/1774/9115/files/FOXY-SUB-FNPMBCBB-IRL-mockup.jpg?v=1791278318,,,,7.99,10,,,,
Add,FOXY-SUB-FNPM2STS,,Funny Number Plate Mug 2 SUG4RS Two Sugars Gift 11oz Ceramic UK Seller,1000,Foxy Printing,Mug,Ceramic,11oz,White,Novelty,Dishwasher Safe|Microwave Safe,Dishwasher Safe,United Kingdom,,Country=GB;Scotland;Wales;Northern Ireland;Ireland,https://cdn.shopify.com/s/files/1/1774/9115/files/FOXY-SUB-FNPM2STS-GB-mockup.jpg?v=1791278319|https://cdn.shopify.com/s/files/1/1774/9115/files/FOXY-SUB-FNPM2STS-both-sides.jpg?v=1791278318|https://cdn.shopify.com/s/files/1/1774/9115/files/FOXY-SUB-FNPM2STS-life-1.jpg?v=1791278318|https://cdn.shopify.com/s/files/1/1774/9115/files/FOXY-SUB-FNPM2STS-life-2.jpg?v=1791278319|https://cdn.shopify.com/s/files/1/1774/9115/files/FOXY-SUB-FNPM2STS-life-3.jpg?v=1791278318,"<div style=""font-family:Arial,sans-serif;max-width:800px""><h2>Funny Number Plate Mug – 2 SUG4RS (Two Sugars) – Builder’s Tea Gift – 11oz Ceramic</h2><p>This two sugars mug settles the tea round for good, with a UK number plate design that reads 2 SUG4RS. No more shouting “how many sugars?” across the office.</p><h2>The two sugars mug that remembers their order</h2><p>Whoever’s on the tea round only needs one glance: 2 SUG4RS sits on a white front plate on one side and a yellow rear plate on the other. You choose the country band – GB, Scotland, Wales, Northern Ireland or Ireland. The plate is a novelty design, not a real registration, so it’s a number plate mug that never needs taxing.</p><h3>Why you’ll love it</h3><ul><li>Ends the daily tea round guessing game once and for all</li><li>Great for builders, tradespeople and anyone who likes their tea sweet</li><li>Two plates on one mug: a white front plate on one side and a yellow rear plate on the other, so the joke faces out whichever hand they drink with</li><li>Pick the band that suits them – GB with the Union flag, Scotland with the saltire and SCO, Wales with the dragon and CYM, Northern Ireland with NI lettering, or Ireland with the tricolour and IRL</li><li>Sublimation printed onto an 11oz white ceramic mug, dishwasher and microwave safe for everyday brews</li></ul><h3>Size &amp; details</h3><ul><li>White ceramic mug, 11oz (approx. 325ml)</li><li>C-shaped handle and a high-gloss finish</li><li>Sublimation printed in-house in North Yorkshire</li><li>Dishwasher and microwave safe – avoid abrasive scourers</li><li>Novelty plate design – not a real or road-legal registration</li></ul><h3>Delivery</h3><p>Every mug is printed to order in our North Yorkshire workshop and sent out in protective packaging for UK delivery.</p><p>A builder’s tea gift for the van, the site cabin or the staffroom.</p></div>",FixedPrice,GTC,,,"North Yorkshire, UK",,,
,FOXY-SUB-FNPM2STS-01,,,,,,,,,,,,,Variation,Country=GB,Country=GB|https://cdn.shopify.com/s/files/1/1774/9115/files/FOXY-SUB-FNPM2STS-GB-mockup.jpg?v=1791278319,,,,7.99,10,,,,
,FOXY-SUB-FNPM2STS-02,,,,,,,,,,,,,Variation,Country=Scotland,Country=Scotland|https://cdn.shopify.com/s/files/1/1774/9115/files/FOXY-SUB-FNPM2STS-SCO-mockup.jpg?v=1791278318,,,,7.99,10,,,,
,FOXY-SUB-FNPM2STS-03,,,,,,,,,,,,,Variation,Country=Wales,Country=Wales|https://cdn.shopify.com/s/files/1/1774/9115/files/FOXY-SUB-FNPM2STS-CYM-mockup.jpg?v=1791278318,,,,7.99,10,,,,
,FOXY-SUB-FNPM2STS-04,,,,,,,,,,,,,Variation,Country=Northern Ireland,Country=Northern Ireland|https://cdn.shopify.com/s/files/1/1774/9115/files/FOXY-SUB-FNPM2STS-NI-mockup.jpg?v=1791278318,,,,7.99,10,,,,
,FOXY-SUB-FNPM2STS-05,,,,,,,,,,,,,Variation,Country=Ireland,Country=Ireland|https://cdn.shopify.com/s/files/1/1774/9115/files/FOXY-SUB-FNPM2STS-IRL-mockup.jpg?v=1791278318,,,,7.99,10,,,,
Add,FOXY-SUB-FNPMDNND,,Funny Number Plate Mug D3C4F N0 No Decaf Gift 11oz Ceramic UK Seller,1000,Foxy Printing,Mug,Ceramic,11oz,White,Novelty,Dishwasher Safe|Microwave Safe,Dishwasher Safe,United Kingdom,,Country=GB;Scotland;Wales;Northern Ireland;Ireland,https://cdn.shopify.com/s/files/1/1774/9115/files/FOXY-SUB-FNPMDNND-GB-mockup.jpg?v=1791278319|https://cdn.shopify.com/s/files/1/1774/9115/files/FOXY-SUB-FNPMDNND-both-sides.jpg?v=1791278319|https://cdn.shopify.com/s/files/1/1774/9115/files/FOXY-SUB-FNPMDNND-life-1.jpg?v=1791278319|https://cdn.shopify.com/s/files/1/1774/9115/files/FOXY-SUB-FNPMDNND-life-2.jpg?v=1791278319|https://cdn.shopify.com/s/files/1/1774/9115/files/FOXY-SUB-FNPMDNND-life-3.jpg?v=1791278319,"<div style=""font-family:Arial,sans-serif;max-width:800px""><h2>Funny Number Plate Mug – D3C4F N0 (No Decaf) – Coffee Lover Gift – 11oz Ceramic</h2><p>For the friend who treats decaf as a personal insult, this funny coffee mug says it before they’ve had their first sip. The number plate reads D3C4F N0 – short, sharp and as strong as their morning espresso.</p><h2>A funny coffee mug for proper coffee drinkers</h2><p>The D3C4F N0 plate appears twice, a white front plate on one side and a yellow rear plate on the other, with the country band of your choice: GB, Scotland, Wales, Northern Ireland or Ireland. It’s a novelty number plate mug – the registration isn’t real, but their feelings about decaf definitely are.</p><h3>Why you’ll love it</h3><ul><li>Lets the coffee lover in your life make their feelings clear</li><li>Holds 11oz, plenty for that first strong coffee of the day</li><li>Two plates on one mug: a white front plate on one side and a yellow rear plate on the other, so the joke faces out whichever hand they drink with</li><li>Pick the band that suits them – GB with the Union flag, Scotland with the saltire and SCO, Wales with the dragon and CYM, Northern Ireland with NI lettering, or Ireland with the tricolour and IRL</li><li>Sublimation printed onto an 11oz white ceramic mug, dishwasher and microwave safe for everyday brews</li></ul><h3>Size &amp; details</h3><ul><li>White ceramic mug, 11oz (approx. 325ml)</li><li>C-shaped handle and a high-gloss finish</li><li>Sublimation printed in-house in North Yorkshire</li><li>Dishwasher and microwave safe – avoid abrasive scourers</li><li>Novelty plate design – not a real or road-legal registration</li></ul><h3>Delivery</h3><p>Every mug is printed to order in our North Yorkshire workshop and sent out in protective packaging for UK delivery.</p><p>Pair it with a bag of freshly ground beans for a coffee lover gift they’ll use every morning.</p></div>",FixedPrice,GTC,,,"North Yorkshire, UK",,,
,FOXY-SUB-FNPMDNND-01,,,,,,,,,,,,,Variation,Country=GB,Country=GB|https://cdn.shopify.com/s/files/1/1774/9115/files/FOXY-SUB-FNPMDNND-GB-mockup.jpg?v=1791278319,,,,7.99,10,,,,
,FOXY-SUB-FNPMDNND-02,,,,,,,,,,,,,Variation,Country=Scotland,Country=Scotland|https://cdn.shopify.com/s/files/1/1774/9115/files/FOXY-SUB-FNPMDNND-SCO-mockup.jpg?v=1791278319,,,,7.99,10,,,,
,FOXY-SUB-FNPMDNND-03,,,,,,,,,,,,,Variation,Country=Wales,Country=Wales|https://cdn.shopify.com/s/files/1/1774/9115/files/FOXY-SUB-FNPMDNND-CYM-mockup.jpg?v=1791278319,,,,7.99,10,,,,
,FOXY-SUB-FNPMDNND-04,,,,,,,,,,,,,Variation,Country=Northern Ireland,Country=Northern Ireland|https://cdn.shopify.com/s/files/1/1774/9115/files/FOXY-SUB-FNPMDNND-NI-mockup.jpg?v=1791278319,,,,7.99,10,,,,
,FOXY-SUB-FNPMDNND-05,,,,,,,,,,,,,Variation,Country=Ireland,Country=Ireland|https://cdn.shopify.com/s/files/1/1774/9115/files/FOXY-SUB-FNPMDNND-IRL-mockup.jpg?v=1791278319,,,,7.99,10,,,,
