Person,Foxy product id,Was,Title
Adam Johnson,gid://shopify/Product/9520496840,ACTIVE,Adam Johnson Celebrity Face Mask Fancy Dress Cardboard Costume Mask
Adolf Hitler,gid://shopify/Product/9438745416,ACTIVE,Adolf Hitler Politician Face Mask FANCY DRESS BIRTHDAY PARTY FUN STAG
Adolf Hitler,gid://shopify/Product/9438755912,ACTIVE,Adolf Hitler Colour 2017 Face Mask Politician Royal Government Party Face Mask
Alex Belfield,gid://shopify/Product/8245751939323,ACTIVE,Alex Belfield Celebrity Face Mask Fancy Dress Cardboard Costume Mask
Bashar al-Assad,gid://shopify/Product/9438736840,ACTIVE,President Bashar Al Assad Celebrity Face Mask Fancy Dress Cardboard Costume Mask
Bill Cosby,gid://shopify/Product/4328386822219,ACTIVE,Bill Cosby JB Actor Movie Tv Celebrity Party Face Mask
Bill Cosby,gid://shopify/Product/14834568331645,ACTIVE,Bill Cosby Celebrity Face Mask Fancy Dress - High-Quality Cardboard Masks for An
Bill Cosby,gid://shopify/Product/15030278324605,ACTIVE,Bill Cosby Celebrity Face Mask Fancy Dress Cardboard Costume Mask
Boris Becker,gid://shopify/Product/9520794824,ACTIVE,Boris Becker TENNIS Celebrity Face Mask Fancy Dress Cardboard Costume Mask
Caroline Flack,gid://shopify/Product/9614853192,ACTIVE,Caroline Flack TV STARS 2018 Celebrity Face Mask Fancy Dress Cardboard Costume M
Caroline Flack,gid://shopify/Product/8360985231611,ACTIVE,Caroline Flack Love Island Mask Celebrity Cardboard Face Mask
Dalai Lama,gid://shopify/Product/9614916616,ACTIVE,Dalai Lama Celebrity Face Mask Fancy Dress Cardboard Costume Mask
Dani Alves,gid://shopify/Product/9520484744,ACTIVE,Dani Alves FOOTBALL 2018 Celebrity Face Mask Fancy Dress Cardboard Costume Mask
Dave Lee Travis,gid://shopify/Product/9530652232,ACTIVE,Dave Lee Travis Celebrity Face Mask Fancy Dress Cardboard Costume Mask
Dave Lee Travis,gid://shopify/Product/9530664200,ACTIVE,Dave Lee Travis TV STAR Celebrity Face Mask Fancy Dress Cardboard Costume Mask
Ed Gein,gid://shopify/Product/15660493832573,ACTIVE,"Ed Gein Face Mask – Realistic Cardboard Celebrity Mask for Stag Do, Hen Do, Fanc"
Gary Glitter,gid://shopify/Product/8122431897851,ACTIVE,Gary Glitter Celebrity Face Mask Fancy Dress Cardboard Costume Mask
Gary Glitter,gid://shopify/Product/8122432028923,ACTIVE,Gary Glitter Young Celebrity Face Mask Fancy Dress Cardboard Costume Mask
Gerry Adams,gid://shopify/Product/9438739272,ACTIVE,Gerry Adams Celebrity Face Mask Fancy Dress Cardboard Costume Mask
Jeffrey Dahmer,gid://shopify/Product/15660494651773,ACTIVE,"Jeffrey Dahmer Face Mask – Realistic Cardboard Celebrity Mask for Stag Do, Hen D"
Jeffrey Epstein,gid://shopify/Product/8289356742907,ACTIVE,Jeffrey Epstein Face Mask Fancy Dress Cardboard Costume Mask
Jeffrey Epstein,gid://shopify/Product/14834575409533,ACTIVE,Jeffrey Epstein Celebrity Face Mask Fancy Dress - High-Quality Cardboard Masks f
Jeffrey Epstein,gid://shopify/Product/15042721218941,ACTIVE,Jeffrey Epstein 2 Celebrity Face Mask Fancy Dress Cardboard Costume Mask
John Leslie,gid://shopify/Product/9530644744,ACTIVE,John Leslie Celebrity Face Mask Fancy Dress Cardboard Costume Mask
Jonathan King,gid://shopify/Product/9530645512,ACTIVE,Jonathan King Celebrity Face Mask Fancy Dress Cardboard Costume Mask
Justin Lee Collins,gid://shopify/Product/9369920584,ACTIVE,Justin Lee Collins Celebrity Comedian Face Mask FANCY DRESS BIRTHDAY PARTY FUN S
Kevin Spacey,gid://shopify/Product/9369921032,ACTIVE,Kevin Spacey Celebrity Comedian Face Mask FANCY DRESS BIRTHDAY PARTY FUN STAG HE
Kevin Spacey,gid://shopify/Product/4328399634507,ACTIVE,KEVIN SPACEY JB Actor Movie Tv Celebrity Party Face Mask
Kim Jong Il,gid://shopify/Product/9438735048,ACTIVE,Kim Jong Un Face Mask Korean Dictator
Kim Jong Il,gid://shopify/Product/9438735240,ACTIVE,Kim Jong Il Face Mask Korean Dictator
Leon Trotsky,gid://shopify/Product/9438739912,ACTIVE,Leon Trotsky Celebrity Face Mask Fancy Dress Cardboard Costume Mask
Louis C.K.,gid://shopify/Product/9369957704,ACTIVE,Louis C.K. Celebrity Comedian Face Mask FANCY DRESS BIRTHDAY PARTY FUN STAG HEN
Marilyn Manson,gid://shopify/Product/15049860678013,ACTIVE,Marilyn Manson 2025 Celebrity Face Mask Fancy Dress Cardboard Costume Mask
Martin Luther King Jr.,gid://shopify/Product/4328437121099,ACTIVE,MARTIN LUTHER KING JB - TV Star Fancy Dress Cardboard Celebrity Party Face Mask
Martin McGuinness,gid://shopify/Product/9438747976,ACTIVE,Martin Mcguinness UK Politician Face Mask FANCY DRESS BIRTHDAY PARTY FUN STAG
Monica Lewinsky,gid://shopify/Product/9438740808,ACTIVE,Monica Lewinsky Celebrity Face Mask Fancy Dress Cardboard Costume Mask
Nelson Mandela,gid://shopify/Product/9438732552,ACTIVE,Nelson Mandela Face Mask Celebrity Party Face Mask
Noel Clarke,gid://shopify/Product/8782407663867,ACTIVE,Noel Clarke 2023 Celebrity Face Mask Fancy Dress Cardboard Costume Mask
Osama bin Laden,gid://shopify/Product/9438733000,ACTIVE,Osama Bin Laden Face Mask Royal Family Celebrity Party Face Mask
Reggie Kray,gid://shopify/Product/8283952906491,ACTIVE,Reggie Kray - Legend Face Mask Fancy Dress Cardboard Costume Mask
Rolf Harris,gid://shopify/Product/9369893512,ACTIVE,Rolf Harris Face Mask Comedian Face Mask FANCY DRESS BIRTHDAY PARTY FUN STAG HEN
Ron Jeremy,gid://shopify/Product/8250059948283,ACTIVE,Ron Jeremy Celebrity Face Mask Fancy Dress Cardboard Costume Mask
Ronnie Kray,gid://shopify/Product/8283953135867,ACTIVE,Ronnie Kray - Legend Face Mask Fancy Dress Cardboard Costume Mask
Russell Brand,gid://shopify/Product/9369889032,ACTIVE,Russell Brand 2 Face Mask Comedian Face Mask FANCY DRESS BIRTHDAY PARTY FUN STAG
Russell Brand,gid://shopify/Product/9369906376,ACTIVE,Russell Brand Celebrity Face Mask Fancy Dress Cardboard Costume Mask
Russell Brand,gid://shopify/Product/9369928584,ACTIVE,Russell Brand 2018 Celebrity Face Mask Fancy Dress Cardboard Costume Mask
Russell Brand,gid://shopify/Product/4328409694283,ACTIVE,Russell Brand-01 JB Actor Movie Tv Celebrity Party Face Mask
Shinzo Abe,gid://shopify/Product/9438744520,ACTIVE,Shinzo Abe Politician Celebrity Face Mask Fancy Dress Cardboard Costume Mask
Stuart Hall,gid://shopify/Product/9369909064,ACTIVE,Stuart Hall JB Celebrity Face Mask Fancy Dress Cardboard Costume Mask
Stuart Hall,gid://shopify/Product/8122431799547,ACTIVE,Stuart Hall Celebrity Face Mask Fancy Dress Cardboard Costume Mask
Vladimir Putin,gid://shopify/Product/9438734792,ACTIVE,Vladimir Putin Face Mask Russian Politician Face Mask
Vladimir Putin,gid://shopify/Product/9438745288,ACTIVE,Vladimir Putin Politician Celebrity Face Mask Fancy Dress Cardboard Costume Mask
Andrew Mountbatten-Windsor,(not on Foxy),,
Benjamin Mendy,(not on Foxy),,
Drake Bell,(not on Foxy),,
Guy Fawkes,(not on Foxy),,
Harvey Weinstein,(not on Foxy),,
Imelda Marcos,(not on Foxy),,
Jimmy Savile,(not on Foxy),,
Joe Exotic,(not on Foxy),,
Josef Fritzl,(not on Foxy),,
Joseph Stalin,(not on Foxy),,
Katie Piper,(not on Foxy),,
Kay Flock,(not on Foxy),,
Kim Jong Un,(not on Foxy),,
Lord Brocket,(not on Foxy),,
Marine Le Pen,(not on Foxy),,
Muammar Gaddafi,(not on Foxy),,
Māori Face,(not on Foxy),,
O. J. Simpson,(not on Foxy),,
Oscar Pistorius,(not on Foxy),,
Sean Combs,(not on Foxy),,
Sean Kingston,(not on Foxy),,
Silvio Berlusconi,(not on Foxy),,
Stormy Daniels,(not on Foxy),,
Vladimir Lenin,(not on Foxy),,
Woody Allen,(not on Foxy),,
Xi Jinping,(not on Foxy),,
Ángel Cabrera,(not on Foxy),,
