junk_id,junk_title,junk_status,junk_handle,clean_title_proposed,clean_handle_proposed,existing_id,existing_title,existing_status,existing_handle,same_description_after_cleanup
gid://shopify/Product/14903390175613,Harry Stlyes 2 – Printed Signature Music Star Print – Reproduction Print,ACTIVE,harry-stlyes-2-signed-autographed-music-star-print,Harry Styles 2 – Printed Signature Music Star Print – Reproduction Print,harry-styles-2-signed-autographed-music-star-print,gid://shopify/Product/14903391093117,Harry Styles 2 – Printed Signature Music Star Print – Reproduction Print,ACTIVE,harry-styles-2-signed-autographed-music-star-print,False
gid://shopify/Product/14903426941309,Lady Gaga 4 Fujistsu-Pc's CoNFLicted 2019-04-08 – Printed Signature Music Star Print – Reproduction Print,ACTIVE,lady-gaga-4-fujistsu-pcs-conflicted-copy-2019-04-08-signed-autographed-music-star-print,Lady Gaga 4 – Printed Signature Music Star Print – Reproduction Print,lady-gaga-4-signed-autographed-music-star-print,gid://shopify/Product/14903426843005,Lady Gaga 4 – Printed Signature Music Star Print – Reproduction Print,ACTIVE,lady-gaga-4-signed-autographed-music-star-print,True
gid://shopify/Product/14903429235069,Leona Lewis Fujistsu-Pc's CoNFLicted 2019-04-08 – Printed Signature Music Star Print – Reproduction Print,ACTIVE,leona-lewis-fujistsu-pcs-conflicted-copy-2019-04-08-signed-autographed-music-star-print,Leona Lewis – Printed Signature Music Star Print – Reproduction Print,leona-lewis-signed-autographed-music-star-print,gid://shopify/Product/14903428678013,Leona Lewis – Printed Signature Music Star Print – Reproduction Print,ACTIVE,leona-lewis-signed-autographed-music-star-print,True
gid://shopify/Product/14903430545789,Liam Gallagher Fujistsu-Pc's CoNFLicted 2019-04-08 – Printed Signature Music Star Print – Reproduction Print,ACTIVE,liam-gallagher-fujistsu-pcs-conflicted-copy-2019-04-08-signed-autographed-music-star-print,Liam Gallagher – Printed Signature Music Star Print – Reproduction Print,liam-gallagher-signed-autographed-music-star-print,gid://shopify/Product/14903429890429,Liam Gallagher – Printed Signature Music Star Print – Reproduction Print,ACTIVE,liam-gallagher-signed-autographed-music-star-print,True
gid://shopify/Product/14903431004541,Liam Payne Fujistsu-Pc's CoNFLicted 2019-04-08 – Printed Signature Music Star Print – Reproduction Print,ACTIVE,liam-payne-fujistsu-pcs-conflicted-copy-2019-04-08-signed-autographed-music-star-print,Liam Payne – Printed Signature Music Star Print – Reproduction Print,liam-payne-signed-autographed-music-star-print,gid://shopify/Product/14903430939005,Liam Payne – Printed Signature Music Star Print – Reproduction Print,ACTIVE,liam-payne-signed-autographed-music-star-print,True
gid://shopify/Product/14903431856509,Liam Payne 2 Fujistsu-Pc's CoNFLicted 2019-04-08 – Printed Signature Music Star Print – Reproduction Print,ACTIVE,liam-payne-2-fujistsu-pcs-conflicted-copy-2019-04-08-signed-autographed-music-star-print,Liam Payne 2 – Printed Signature Music Star Print – Reproduction Print,liam-payne-2-signed-autographed-music-star-print,gid://shopify/Product/14903431397757,Liam Payne 2 – Printed Signature Music Star Print – Reproduction Print,ACTIVE,liam-payne-2-signed-autographed-music-star-print,True
gid://shopify/Product/14903432020349,Lily Allen 1 Fujistsu-Pc's CoNFLicted 2019-04-08 – Printed Signature Music Star Print – Reproduction Print,ACTIVE,lily-allen-1-fujistsu-pcs-conflicted-copy-2019-04-08-signed-autographed-music-star-print,Lily Allen 1 – Printed Signature Music Star Print – Reproduction Print,lily-allen-1-signed-autographed-music-star-print,gid://shopify/Product/14903431922045,Lily Allen 1 – Printed Signature Music Star Print – Reproduction Print,ACTIVE,lily-allen-1-signed-autographed-music-star-print,True
gid://shopify/Product/14903432937853,Lily Allen 2 Fujistsu-Pc's CoNFLicted 2019-04-08 – Printed Signature Music Star Print – Reproduction Print,ACTIVE,lily-allen-2-fujistsu-pcs-conflicted-copy-2019-04-08-signed-autographed-music-star-print,Lily Allen 2 – Printed Signature Music Star Print – Reproduction Print,lily-allen-2-signed-autographed-music-star-print,gid://shopify/Product/14903432085885,Lily Allen 2 – Printed Signature Music Star Print – Reproduction Print,ACTIVE,lily-allen-2-signed-autographed-music-star-print,True
gid://shopify/Product/14903434641789,Lloyd Banks 2 Fujistsu-Pc's CoNFLicted 2019-04-08 – Printed Signature Music Star Print – Reproduction Print,ACTIVE,lloyd-banks-2-fujistsu-pcs-conflicted-copy-2019-04-08-signed-autographed-music-star-print,Lloyd Banks 2 – Printed Signature Music Star Print – Reproduction Print,lloyd-banks-2-signed-autographed-music-star-print,gid://shopify/Product/14903434445181,Lloyd Banks 2 – Printed Signature Music Star Print – Reproduction Print,ACTIVE,lloyd-banks-2-signed-autographed-music-star-print,True
gid://shopify/Product/14903435395453,Lorde 1 Fujistsu-Pc's CoNFLicted 2019-04-08 – Printed Signature Music Star Print – Reproduction Print,ACTIVE,lorde-1-fujistsu-pcs-conflicted-copy-2019-04-08-signed-autographed-music-star-print,Lorde 1 – Printed Signature Music Star Print – Reproduction Print,lorde-1-signed-autographed-music-star-print,gid://shopify/Product/14903435166077,Lorde 1 – Printed Signature Music Star Print – Reproduction Print,ACTIVE,lorde-1-signed-autographed-music-star-print,True
gid://shopify/Product/14903436444029,Lou Reed 1 Fujistsu-Pc's CoNFLicted 2019-04-08 – Printed Signature Music Star Print – Reproduction Print,ACTIVE,lou-reed-1-fujistsu-pcs-conflicted-copy-2019-04-08-signed-autographed-music-star-print,Lou Reed 1 – Printed Signature Music Star Print – Reproduction Print,lou-reed-1-signed-autographed-music-star-print,gid://shopify/Product/14903435952509,Lou Reed 1 – Printed Signature Music Star Print – Reproduction Print,ACTIVE,lou-reed-1-signed-autographed-music-star-print,True
gid://shopify/Product/14903436607869,Lou Reed 2 Fujistsu-Pc's CoNFLicted 2019-04-08 – Printed Signature Music Star Print – Reproduction Print,ACTIVE,lou-reed-2-fujistsu-pcs-conflicted-copy-2019-04-08-signed-autographed-music-star-print,Lou Reed 2 – Printed Signature Music Star Print – Reproduction Print,lou-reed-2-signed-autographed-music-star-print,gid://shopify/Product/14903436509565,Lou Reed 2 – Printed Signature Music Star Print – Reproduction Print,ACTIVE,lou-reed-2-signed-autographed-music-star-print,True
gid://shopify/Product/14903438344573,Manic Street 2 Fujistsu-Pc's CoNFLicted 2019-04-08 – Printed Signature Music Star Print – Reproduction Print,ACTIVE,manic-street-2-fujistsu-pcs-conflicted-copy-2019-04-08-signed-autographed-music-star-print,Manic Street 2 – Printed Signature Music Star Print – Reproduction Print,manic-street-2-signed-autographed-music-star-print,gid://shopify/Product/14903437918589,Manic Street 2 – Printed Signature Music Star Print – Reproduction Print,ACTIVE,manic-street-2-signed-autographed-music-star-print,True
gid://shopify/Product/14903441031549,Martin Offiah Fujistsu-Pc's CoNFLicted 2019-04-08 – Printed Signature Music Star Print – Reproduction Print,ACTIVE,martin-offiah-fujistsu-pcs-conflicted-copy-2019-04-08-signed-autographed-music-star-print,Martin Offiah – Printed Signature Music Star Print – Reproduction Print,martin-offiah-signed-autographed-music-star-print,gid://shopify/Product/14903440834941,Martin Offiah – Printed Signature Music Star Print – Reproduction Print,ACTIVE,martin-offiah-signed-autographed-music-star-print,True
gid://shopify/Product/14903442375037,Matt Cardle 1 Fujistsu-Pc's CoNFLicted 2019-04-08 – Printed Signature Music Star Print – Reproduction Print,ACTIVE,matt-cardle-1-fujistsu-pcs-conflicted-copy-2019-04-08-signed-autographed-music-star-print,Matt Cardle 1 – Printed Signature Music Star Print – Reproduction Print,matt-cardle-1-signed-autographed-music-star-print,gid://shopify/Product/14903442178429,Matt Cardle 1 – Printed Signature Music Star Print – Reproduction Print,ACTIVE,matt-cardle-1-signed-autographed-music-star-print,True
gid://shopify/Product/14903442669949,Matt Cardle 2 Fujistsu-Pc's CoNFLicted 2019-04-08 – Printed Signature Music Star Print – Reproduction Print,ACTIVE,matt-cardle-2-fujistsu-pcs-conflicted-copy-2019-04-08-signed-autographed-music-star-print,Matt Cardle 2 – Printed Signature Music Star Print – Reproduction Print,matt-cardle-2-signed-autographed-music-star-print,gid://shopify/Product/14903442473341,Matt Cardle 2 – Printed Signature Music Star Print – Reproduction Print,ACTIVE,matt-cardle-2-signed-autographed-music-star-print,True
gid://shopify/Product/14903443390845,Mcfly 2 Fujistsu-Pc's CoNFLicted 2019-04-08 – Printed Signature Music Star Print – Reproduction Print,ACTIVE,mcfly-2-fujistsu-pcs-conflicted-copy-2019-04-08-signed-autographed-music-star-print,Mcfly 2 – Printed Signature Music Star Print – Reproduction Print,mcfly-2-signed-autographed-music-star-print,gid://shopify/Product/14903501783421,Mcfly 2 – Printed Signature Music Star Print – Reproduction Print,ACTIVE,mcfly-2-signed-autographed-music-star-print,True
gid://shopify/Product/14903445062013,Michael Ball 2 Fujistsu-Pc's CoNFLicted 2019-04-08 – Printed Signature Music Star Print – Reproduction Print,ACTIVE,michael-ball-2-fujistsu-pcs-conflicted-copy-2019-04-08-signed-autographed-music-star-print,Michael Ball 2 – Printed Signature Music Star Print – Reproduction Print,michael-ball-2-signed-autographed-music-star-print,gid://shopify/Product/14903444930941,Michael Ball 2 – Printed Signature Music Star Print – Reproduction Print,ACTIVE,michael-ball-2-signed-autographed-music-star-print,True
gid://shopify/Product/14903446372733,Mick Jagger 2 Fujistsu-Pc's CoNFLicted 2019-04-08 – Printed Signature Music Star Print – Reproduction Print,ACTIVE,mick-jagger-2-fujistsu-pcs-conflicted-copy-2019-04-08-signed-autographed-music-star-print,Mick Jagger 2 – Printed Signature Music Star Print – Reproduction Print,mick-jagger-2-signed-autographed-music-star-print,gid://shopify/Product/14903446274429,Mick Jagger 2 – Printed Signature Music Star Print – Reproduction Print,ACTIVE,mick-jagger-2-signed-autographed-music-star-print,True
gid://shopify/Product/14903447454077,Miley Cyrus 1 Fujistsu-Pc's CoNFLicted 2019-04-08 – Printed Signature Music Star Print – Reproduction Print,ACTIVE,miley-cyrus-1-fujistsu-pcs-conflicted-copy-2019-04-08-signed-autographed-music-star-print,Miley Cyrus 1 – Printed Signature Music Star Print – Reproduction Print,miley-cyrus-1-signed-autographed-music-star-print,gid://shopify/Product/14903327490429,Miley Cyrus 1 – Printed Signature Music Star Print – Reproduction Print,ACTIVE,miley-cyrus-1-signed-autographed-music-star-print,True
gid://shopify/Product/14903447585149,Miley Cyrus 2 Fujistsu-Pc's CoNFLicted 2019-04-08 – Printed Signature Music Star Print – Reproduction Print,ACTIVE,miley-cyrus-2-fujistsu-pcs-conflicted-copy-2019-04-08-signed-autographed-music-star-print,Miley Cyrus 2 – Printed Signature Music Star Print – Reproduction Print,miley-cyrus-2-signed-autographed-music-star-print,gid://shopify/Product/14903327818109,Miley Cyrus 2 – Printed Signature Music Star Print – Reproduction Print,ACTIVE,miley-cyrus-2-signed-autographed-music-star-print,True
gid://shopify/Product/14903448895869,Morrissey 1 Fujistsu-Pc's CoNFLicted 2019-04-08 – Printed Signature Music Star Print – Reproduction Print,ACTIVE,morrissey-1-fujistsu-pcs-conflicted-copy-2019-04-08-signed-autographed-music-star-print,Morrissey 1 – Printed Signature Music Star Print – Reproduction Print,morrissey-1-signed-autographed-music-star-print,gid://shopify/Product/14903448469885,Morrissey 1 – Printed Signature Music Star Print – Reproduction Print,ACTIVE,morrissey-1-signed-autographed-music-star-print,True
gid://shopify/Product/14903450141053,Nat Lofthouse Fujistsu-Pc's CoNFLicted 2019-04-08 – Printed Signature Music Star Print – Reproduction Print,ACTIVE,nat-lofthouse-fujistsu-pcs-conflicted-copy-2019-04-08-signed-autographed-music-star-print,Nat Lofthouse – Printed Signature Music Star Print – Reproduction Print,nat-lofthouse-signed-autographed-music-star-print,gid://shopify/Product/14903449059709,Nat Lofthouse – Printed Signature Music Star Print – Reproduction Print,ACTIVE,nat-lofthouse-signed-autographed-music-star-print,True
gid://shopify/Product/14903450632573,Neil Diamond 1 Fujistsu-Pc's CoNFLicted 2019-04-08 – Printed Signature Music Star Print – Reproduction Print,ACTIVE,neil-diamond-1-fujistsu-pcs-conflicted-copy-2019-04-08-signed-autographed-music-star-print,Neil Diamond 1 – Printed Signature Music Star Print – Reproduction Print,neil-diamond-1-signed-autographed-music-star-print,gid://shopify/Product/14903450599805,Neil Diamond 1 – Printed Signature Music Star Print – Reproduction Print,ACTIVE,neil-diamond-1-signed-autographed-music-star-print,True
gid://shopify/Product/14903451943293,Neil Young 1 Fujistsu-Pc's CoNFLicted 2019-04-08 – Printed Signature Music Star Print – Reproduction Print,ACTIVE,neil-young-1-fujistsu-pcs-conflicted-copy-2019-04-08-signed-autographed-music-star-print,Neil Young 1 – Printed Signature Music Star Print – Reproduction Print,neil-young-1-signed-autographed-music-star-print,gid://shopify/Product/14903451550077,Neil Young 1 – Printed Signature Music Star Print – Reproduction Print,ACTIVE,neil-young-1-signed-autographed-music-star-print,True
gid://shopify/Product/14903455351165,Niall Horan 2 Fujistsu-Pc's CoNFLicted 2019-04-08 – Printed Signature Music Star Print – Reproduction Print,ACTIVE,niall-horan-2-fujistsu-pcs-conflicted-copy-2019-04-08-signed-autographed-music-star-print,Niall Horan 2 – Printed Signature Music Star Print – Reproduction Print,niall-horan-2-signed-autographed-music-star-print,gid://shopify/Product/14903455089021,Niall Horan 2 – Printed Signature Music Star Print – Reproduction Print,ACTIVE,niall-horan-2-signed-autographed-music-star-print,True
gid://shopify/Product/14903455875453,Nicki Minaj 1 Fujistsu-Pc's CoNFLicted 2019-04-08 – Printed Signature Music Star Print – Reproduction Print,ACTIVE,nicki-minaj-1-fujistsu-pcs-conflicted-copy-2019-04-08-signed-autographed-music-star-print,Nicki Minaj 1 – Printed Signature Music Star Print – Reproduction Print,nicki-minaj-1-signed-autographed-music-star-print,gid://shopify/Product/14903455383933,Nicki Minaj 1 – Printed Signature Music Star Print – Reproduction Print,ACTIVE,nicki-minaj-1-signed-autographed-music-star-print,True
gid://shopify/Product/14903458595197,Oasis 1 Fujistsu-Pc's CoNFLicted 2019-04-08 – Printed Signature Music Star Print – Reproduction Print,ACTIVE,oasis-1-fujistsu-pcs-conflicted-copy-2019-04-08-signed-autographed-music-star-print,Oasis 1 – Printed Signature Music Star Print – Reproduction Print,oasis-1-signed-autographed-music-star-print,gid://shopify/Product/14908862431613,Oasis 1 – Printed Signature Music Star Print – Reproduction Print,ACTIVE,oasis-1-signed-autographed-music-star-print,True
gid://shopify/Product/14903459676541,Olly Murs 1 Fujistsu-Pc's CoNFLicted 2019-04-08 – Printed Signature Music Star Print – Reproduction Print,ACTIVE,olly-murs-1-fujistsu-pcs-conflicted-copy-2019-04-08-signed-autographed-music-star-print,Olly Murs 1 – Printed Signature Music Star Print – Reproduction Print,olly-murs-1-signed-autographed-music-star-print,gid://shopify/Product/14903459578237,Olly Murs 1 – Printed Signature Music Star Print – Reproduction Print,ACTIVE,olly-murs-1-signed-autographed-music-star-print,True
gid://shopify/Product/14903461183869,Paloma Faith 1 Fujistsu-Pc's CoNFLicted 2019-04-08 – Printed Signature Music Star Print – Reproduction Print,ACTIVE,paloma-faith-1-fujistsu-pcs-conflicted-copy-2019-04-08-signed-autographed-music-star-print,Paloma Faith 1 – Printed Signature Music Star Print – Reproduction Print,paloma-faith-1-signed-autographed-music-star-print,gid://shopify/Product/14903460987261,Paloma Faith 1 – Printed Signature Music Star Print – Reproduction Print,ACTIVE,paloma-faith-1-signed-autographed-music-star-print,True
gid://shopify/Product/14903462396285,Paloma Faith 2 Fujistsu-Pc's CoNFLicted 2019-04-08 – Printed Signature Music Star Print – Reproduction Print,ACTIVE,paloma-faith-2-fujistsu-pcs-conflicted-copy-2019-04-08-signed-autographed-music-star-print,Paloma Faith 2 – Printed Signature Music Star Print – Reproduction Print,paloma-faith-2-signed-autographed-music-star-print,gid://shopify/Product/14903461708157,Paloma Faith 2 – Printed Signature Music Star Print – Reproduction Print,ACTIVE,paloma-faith-2-signed-autographed-music-star-print,True
gid://shopify/Product/14903464362365,Paul Weller 2 Fujistsu-Pc's CoNFLicted 2019-04-08 – Printed Signature Music Star Print – Reproduction Print,ACTIVE,paul-weller-2-fujistsu-pcs-conflicted-copy-2019-04-08-signed-autographed-music-star-print,Paul Weller 2 – Printed Signature Music Star Print – Reproduction Print,paul-weller-2-signed-autographed-music-star-print,gid://shopify/Product/14903495164285,Paul Weller 2 – Printed Signature Music Star Print – Reproduction Print,ACTIVE,paul-weller-2-signed-autographed-music-star-print,True
gid://shopify/Product/14903464886653,Peter Andre 1 Fujistsu-Pc's CoNFLicted 2019-04-08 – Printed Signature Music Star Print – Reproduction Print,ACTIVE,peter-andre-1-fujistsu-pcs-conflicted-copy-2019-04-08-signed-autographed-music-star-print,Peter Andre 1 – Printed Signature Music Star Print – Reproduction Print,peter-andre-1-signed-autographed-music-star-print,gid://shopify/Product/14903464526205,Peter Andre 1 – Printed Signature Music Star Print – Reproduction Print,ACTIVE,peter-andre-1-signed-autographed-music-star-print,True
gid://shopify/Product/14903465673085,Peter Andre 2 Fujistsu-Pc's CoNFLicted 2019-04-08 – Printed Signature Music Star Print – Reproduction Print,ACTIVE,peter-andre-2-fujistsu-pcs-conflicted-copy-2019-04-08-signed-autographed-music-star-print,Peter Andre 2 – Printed Signature Music Star Print – Reproduction Print,peter-andre-2-signed-autographed-music-star-print,gid://shopify/Product/14903465574781,Peter Andre 2 – Printed Signature Music Star Print – Reproduction Print,ACTIVE,peter-andre-2-signed-autographed-music-star-print,True
gid://shopify/Product/14903466393981,Phil Collins 1 Fujistsu-Pc's CoNFLicted 2019-04-08 – Printed Signature Music Star Print – Reproduction Print,ACTIVE,phil-collins-1-fujistsu-pcs-conflicted-copy-2019-04-08-signed-autographed-music-star-print,Phil Collins 1 – Printed Signature Music Star Print – Reproduction Print,phil-collins-1-signed-autographed-music-star-print,gid://shopify/Product/14903466033533,Phil Collins 1 – Printed Signature Music Star Print – Reproduction Print,ACTIVE,phil-collins-1-signed-autographed-music-star-print,True
gid://shopify/Product/14903467409789,Pink 1 Fujistsu-Pc's CoNFLicted 2019-04-08 – Printed Signature Music Star Print – Reproduction Print,ACTIVE,pink-1-fujistsu-pcs-conflicted-copy-2019-04-08-signed-autographed-music-star-print,Pink 1 – Printed Signature Music Star Print – Reproduction Print,pink-1-signed-autographed-music-star-print,gid://shopify/Product/14903467114877,Pink 1 – Printed Signature Music Star Print – Reproduction Print,ACTIVE,pink-1-signed-autographed-music-star-print,True
gid://shopify/Product/14903468949885,Plan B 1 Fujistsu-Pc's CoNFLicted 2019-04-08 – Printed Signature Music Star Print – Reproduction Print,ACTIVE,plan-b-1-fujistsu-pcs-conflicted-copy-2019-04-08-signed-autographed-music-star-print,Plan B 1 – Printed Signature Music Star Print – Reproduction Print,plan-b-1-signed-autographed-music-star-print,gid://shopify/Product/14903468818813,Plan B 1 – Printed Signature Music Star Print – Reproduction Print,ACTIVE,plan-b-1-signed-autographed-music-star-print,True
gid://shopify/Product/14903469703549,Plan B 2 Fujistsu-Pc's CoNFLicted 2019-04-08 – Printed Signature Music Star Print – Reproduction Print,ACTIVE,plan-b-2-fujistsu-pcs-conflicted-copy-2019-04-08-signed-autographed-music-star-print,Plan B 2 – Printed Signature Music Star Print – Reproduction Print,plan-b-2-signed-autographed-music-star-print,gid://shopify/Product/14903469113725,Plan B 2 – Printed Signature Music Star Print – Reproduction Print,ACTIVE,plan-b-2-signed-autographed-music-star-print,True
gid://shopify/Product/14903472193917,Radiohead 2 Fujistsu-Pc's CoNFLicted 2019-04-08 – Printed Signature Music Star Print – Reproduction Print,ACTIVE,radiohead-2-fujistsu-pcs-conflicted-copy-2019-04-08-signed-autographed-music-star-print,Radiohead 2 – Printed Signature Music Star Print – Reproduction Print,radiohead-2-signed-autographed-music-star-print,gid://shopify/Product/14908862202237,Radiohead 2 – Printed Signature Music Star Print – Reproduction Print,ACTIVE,radiohead-2-signed-autographed-music-star-print,True
gid://shopify/Product/14903478878589,Rod Stewart Fujistsu-Pc's CoNFLicted 2019-04-08 – Printed Signature Music Star Print – Reproduction Print,ACTIVE,rod-stewart-fujistsu-pcs-conflicted-copy-2019-04-08-signed-autographed-music-star-print,Rod Stewart – Printed Signature Music Star Print – Reproduction Print,rod-stewart-signed-autographed-music-star-print,gid://shopify/Product/14903478452605,Rod Stewart – Printed Signature Music Star Print – Reproduction Print,ACTIVE,rod-stewart-signed-autographed-music-star-print,True
gid://shopify/Product/14903480222077,Roy Orbison 1 Fujistsu-Pc's CoNFLicted 2019-04-08 – Printed Signature Music Star Print – Reproduction Print,ACTIVE,roy-orbison-1-fujistsu-pcs-conflicted-copy-2019-04-08-signed-autographed-music-star-print,Roy Orbison 1 – Printed Signature Music Star Print – Reproduction Print,roy-orbison-1-signed-autographed-music-star-print,gid://shopify/Product/14903480123773,Roy Orbison 1 – Printed Signature Music Star Print – Reproduction Print,ACTIVE,roy-orbison-1-signed-autographed-music-star-print,True
gid://shopify/Product/14903481008509,Run Dmc Fujistsu-Pc's CoNFLicted 2019-04-08 – Printed Signature Music Star Print – Reproduction Print,ACTIVE,run-dmc-fujistsu-pcs-conflicted-copy-2019-04-08-signed-autographed-music-star-print,Run Dmc – Printed Signature Music Star Print – Reproduction Print,run-dmc-signed-autographed-music-star-print,gid://shopify/Product/14903480287613,Run Dmc – Printed Signature Music Star Print – Reproduction Print,ACTIVE,run-dmc-signed-autographed-music-star-print,True
gid://shopify/Product/14903481926013,Sam Smith 1 Fujistsu-Pc's CoNFLicted 2019-04-08 – Printed Signature Music Star Print – Reproduction Print,ACTIVE,sam-smith-1-fujistsu-pcs-conflicted-copy-2019-04-08-signed-autographed-music-star-print,Sam Smith 1 – Printed Signature Music Star Print – Reproduction Print,sam-smith-1-signed-autographed-music-star-print,gid://shopify/Product/14903481336189,Sam Smith 1 – Printed Signature Music Star Print – Reproduction Print,ACTIVE,sam-smith-1-signed-autographed-music-star-print,True
gid://shopify/Product/14903482286461,Selena Gomez Fujistsu-Pc's CoNFLicted 2019-04-08 – Printed Signature Music Star Print – Reproduction Print,ACTIVE,selena-gomez-fujistsu-pcs-conflicted-copy-2019-04-08-signed-autographed-music-star-print,Selena Gomez – Printed Signature Music Star Print – Reproduction Print,selena-gomez-signed-autographed-music-star-print,gid://shopify/Product/14903482253693,Selena Gomez – Printed Signature Music Star Print – Reproduction Print,ACTIVE,selena-gomez-signed-autographed-music-star-print,True
gid://shopify/Product/14903483433341,Selina Gomez 2 Fujistsu-Pc's CoNFLicted 2019-04-08 – Printed Signature Music Star Print – Reproduction Print,ACTIVE,selina-gomez-2-fujistsu-pcs-conflicted-copy-2019-04-08-signed-autographed-music-star-print,Selina Gomez 2 – Printed Signature Music Star Print – Reproduction Print,selina-gomez-2-signed-autographed-music-star-print,gid://shopify/Product/14903483400573,Selina Gomez 2 – Printed Signature Music Star Print – Reproduction Print,ACTIVE,selina-gomez-2-signed-autographed-music-star-print,True
gid://shopify/Product/14903484350845,Shawn Mendes Fujistsu-Pc's CoNFLicted 2019-04-08 – Printed Signature Music Star Print – Reproduction Print,ACTIVE,shawn-mendes-fujistsu-pcs-conflicted-copy-2019-04-08-signed-autographed-music-star-print,Shawn Mendes – Printed Signature Music Star Print – Reproduction Print,shawn-mendes-signed-autographed-music-star-print,gid://shopify/Product/14903484285309,Shawn Mendes – Printed Signature Music Star Print – Reproduction Print,ACTIVE,shawn-mendes-signed-autographed-music-star-print,True
gid://shopify/Product/14903485464957,Sigur Ros Full Fujistsu-Pc's CoNFLicted 2019-04-08 – Printed Signature Music Star Print – Reproduction Print,ACTIVE,sigur-ros-full-fujistsu-pcs-conflicted-copy-2019-04-08-signed-autographed-music-star-print,Sigur Ros Full – Printed Signature Music Star Print – Reproduction Print,sigur-ros-full-signed-autographed-music-star-print,gid://shopify/Product/14903485006205,Sigur Ros Full – Printed Signature Music Star Print – Reproduction Print,ACTIVE,sigur-ros-full-signed-autographed-music-star-print,True
gid://shopify/Product/14903486775677,Slash 1 Fujistsu-Pc's CoNFLicted 2019-04-08 – Printed Signature Music Star Print – Reproduction Print,ACTIVE,slash-1-fujistsu-pcs-conflicted-copy-2019-04-08-signed-autographed-music-star-print,Slash 1 – Printed Signature Music Star Print – Reproduction Print,slash-1-signed-autographed-music-star-print,gid://shopify/Product/14908865020285,Slash 1 – Printed Signature Music Star Print – Reproduction Print,ACTIVE,slash-1-signed-autographed-music-star-print,True
gid://shopify/Product/14903488086397,Snoop Dogg 2 Fujistsu-Pc's CoNFLicted 2019-04-08 – Printed Signature Music Star Print – Reproduction Print,ACTIVE,snoop-dogg-2-fujistsu-pcs-conflicted-copy-2019-04-08-signed-autographed-music-star-print,Snoop Dogg 2 – Printed Signature Music Star Print – Reproduction Print,snoop-dogg-2-signed-autographed-music-star-print,gid://shopify/Product/14903488020861,Snoop Dogg 2 – Printed Signature Music Star Print – Reproduction Print,ACTIVE,snoop-dogg-2-signed-autographed-music-star-print,True
gid://shopify/Product/14903489233277,Spice Girls 2 Fujistsu-Pc's CoNFLicted 2019-04-08 – Printed Signature Music Star Print – Reproduction Print,ACTIVE,spice-girls-2-fujistsu-pcs-conflicted-copy-2019-04-08-signed-autographed-music-star-print,Spice Girls 2 – Printed Signature Music Star Print – Reproduction Print,spice-girls-2-signed-autographed-music-star-print,gid://shopify/Product/14903489102205,Spice Girls 2 – Printed Signature Music Star Print – Reproduction Print,ACTIVE,spice-girls-2-signed-autographed-music-star-print,True
gid://shopify/Product/14903492313469,Stormzy 2 Fujistsu-Pc's CoNFLicted 2019-04-08 – Printed Signature Music Star Print – Reproduction Print,ACTIVE,stormzy-2-fujistsu-pcs-conflicted-copy-2019-04-08-signed-autographed-music-star-print,Stormzy 2 – Printed Signature Music Star Print – Reproduction Print,stormzy-2-signed-autographed-music-star-print,gid://shopify/Product/14903491690877,Stormzy 2 – Printed Signature Music Star Print – Reproduction Print,ACTIVE,stormzy-2-signed-autographed-music-star-print,True
gid://shopify/Product/14903493558653,The Clash 1 Fujistsu-Pc's CoNFLicted 2019-04-08 – Printed Signature Music Star Print – Reproduction Print,ACTIVE,the-clash-1-fujistsu-pcs-conflicted-copy-2019-04-08-signed-autographed-music-star-print,The Clash 1 – Printed Signature Music Star Print – Reproduction Print,the-clash-1-signed-autographed-music-star-print,gid://shopify/Product/14908865479037,The Clash 1 – Printed Signature Music Star Print – Reproduction Print,ACTIVE,the-clash-1-signed-autographed-music-star-print,True
gid://shopify/Product/14903494017405,The Clash 2 Fujistsu-Pc's CoNFLicted 2019-04-08 – Printed Signature Music Star Print – Reproduction Print,ACTIVE,the-clash-2-fujistsu-pcs-conflicted-copy-2019-04-08-signed-autographed-music-star-print,The Clash 2 – Printed Signature Music Star Print – Reproduction Print,the-clash-2-signed-autographed-music-star-print,gid://shopify/Product/14908866298237,The Clash 2 – Printed Signature Music Star Print – Reproduction Print,ACTIVE,the-clash-2-signed-autographed-music-star-print,True
gid://shopify/Product/14903495491965,The Doors 2 Fujistsu-Pc's CoNFLicted 2019-04-08 – Printed Signature Music Star Print – Reproduction Print,ACTIVE,the-doors-2-fujistsu-pcs-conflicted-copy-2019-04-08-signed-autographed-music-star-print,The Doors 2 – Printed Signature Music Star Print – Reproduction Print,the-doors-2-signed-autographed-music-star-print,gid://shopify/Product/14908866363773,The Doors 2 – Printed Signature Music Star Print – Reproduction Print,ACTIVE,the-doors-2-signed-autographed-music-star-print,True
gid://shopify/Product/14903496868221,The Jam Final Fujistsu-Pc's CoNFLicted 2019-04-08 – Printed Signature Music Star Print – Reproduction Print,ACTIVE,the-jam-final-fujistsu-pcs-conflicted-copy-2019-04-08-signed-autographed-music-star-print,The Jam Final – Printed Signature Music Star Print – Reproduction Print,the-jam-final-signed-autographed-music-star-print,gid://shopify/Product/14903496802685,The Jam Final – Printed Signature Music Star Print – Reproduction Print,ACTIVE,the-jam-final-signed-autographed-music-star-print,True
gid://shopify/Product/14903498047869,The National 1 Fujistsu-Pc's CoNFLicted 2019-04-08 – Printed Signature Music Star Print – Reproduction Print,ACTIVE,the-national-1-fujistsu-pcs-conflicted-copy-2019-04-08-signed-autographed-music-star-print,The National 1 – Printed Signature Music Star Print – Reproduction Print,the-national-1-signed-autographed-music-star-print,gid://shopify/Product/14908867215741,The National 1 – Printed Signature Music Star Print – Reproduction Print,ACTIVE,the-national-1-signed-autographed-music-star-print,True
gid://shopify/Product/14903498211709,The National 2 Fujistsu-Pc's CoNFLicted 2019-04-08 – Printed Signature Music Star Print – Reproduction Print,ACTIVE,the-national-2-fujistsu-pcs-conflicted-copy-2019-04-08-signed-autographed-music-star-print,The National 2 – Printed Signature Music Star Print – Reproduction Print,the-national-2-signed-autographed-music-star-print,gid://shopify/Product/14908867248509,The National 2 – Printed Signature Music Star Print – Reproduction Print,ACTIVE,the-national-2-signed-autographed-music-star-print,True
gid://shopify/Product/14903502373245,Tina Turner 2 Fujistsu-Pc's CoNFLicted 2019-04-08 – Printed Signature Music Star Print – Reproduction Print,ACTIVE,tina-turner-2-fujistsu-pcs-conflicted-copy-2019-04-08-signed-autographed-music-star-print,Tina Turner 2 – Printed Signature Music Star Print – Reproduction Print,tina-turner-2-signed-autographed-music-star-print,gid://shopify/Product/14903502242173,Tina Turner 2 – Printed Signature Music Star Print – Reproduction Print,ACTIVE,tina-turner-2-signed-autographed-music-star-print,True
gid://shopify/Product/14903503913341,Tom Odell 1 Fujistsu-Pc's CoNFLicted 2019-04-08 – Printed Signature Music Star Print – Reproduction Print,ACTIVE,tom-odell-1-fujistsu-pcs-conflicted-copy-2019-04-08-signed-autographed-music-star-print,Tom Odell 1 – Printed Signature Music Star Print – Reproduction Print,tom-odell-1-signed-autographed-music-star-print,gid://shopify/Product/14903503683965,Tom Odell 1 – Printed Signature Music Star Print – Reproduction Print,ACTIVE,tom-odell-1-signed-autographed-music-star-print,True
gid://shopify/Product/14903505191293,Tom Petty 2 Fujistsu-Pc's CoNFLicted 2019-04-08 – Printed Signature Music Star Print – Reproduction Print,ACTIVE,tom-petty-2-fujistsu-pcs-conflicted-copy-2019-04-08-signed-autographed-music-star-print,Tom Petty 2 – Printed Signature Music Star Print – Reproduction Print,tom-petty-2-signed-autographed-music-star-print,gid://shopify/Product/14903505060221,Tom Petty 2 – Printed Signature Music Star Print – Reproduction Print,ACTIVE,tom-petty-2-signed-autographed-music-star-print,True
gid://shopify/Product/14903506829693,Tommy Steele 2 Fujistsu-Pc's CoNFLicted 2019-04-08 – Printed Signature Music Star Print – Reproduction Print,ACTIVE,tommy-steele-2-fujistsu-pcs-conflicted-copy-2019-04-08-signed-autographed-music-star-print,Tommy Steele 2 – Printed Signature Music Star Print – Reproduction Print,tommy-steele-2-signed-autographed-music-star-print,gid://shopify/Product/14903506633085,Tommy Steele 2 – Printed Signature Music Star Print – Reproduction Print,ACTIVE,tommy-steele-2-signed-autographed-music-star-print,True
gid://shopify/Product/14903507943805,Troye Sivan 1 Fujistsu-Pc's CoNFLicted 2019-04-08 – Printed Signature Music Star Print – Reproduction Print,ACTIVE,troye-sivan-1-fujistsu-pcs-conflicted-copy-2019-04-08-signed-autographed-music-star-print,Troye Sivan 1 – Printed Signature Music Star Print – Reproduction Print,troye-sivan-1-signed-autographed-music-star-print,gid://shopify/Product/14903507321213,Troye Sivan 1 – Printed Signature Music Star Print – Reproduction Print,ACTIVE,troye-sivan-1-signed-autographed-music-star-print,True
gid://shopify/Product/14903510892925,Una Healy 1 Fujistsu-Pc's CoNFLicted 2019-04-08 – Printed Signature Music Star Print – Reproduction Print,ACTIVE,una-healy-1-fujistsu-pcs-conflicted-copy-2019-04-08-signed-autographed-music-star-print,Una Healy 1 – Printed Signature Music Star Print – Reproduction Print,una-healy-1-signed-autographed-music-star-print,gid://shopify/Product/14903510696317,Una Healy 1 – Printed Signature Music Star Print – Reproduction Print,ACTIVE,una-healy-1-signed-autographed-music-star-print,True
gid://shopify/Product/14903514562941,Westlife 2 Fujistsu-Pc's CoNFLicted 2019-04-08 – Printed Signature Music Star Print – Reproduction Print,ACTIVE,westlife-2-fujistsu-pcs-conflicted-copy-2019-04-08-signed-autographed-music-star-print,Westlife 2 – Printed Signature Music Star Print – Reproduction Print,westlife-2-signed-autographed-music-star-print,gid://shopify/Product/14908864364925,Westlife 2 – Printed Signature Music Star Print – Reproduction Print,ACTIVE,westlife-2-signed-autographed-music-star-print,True
