issue,product_id,title,handle,status,suggestion
sports person labelled Music Star Print,gid://shopify/Product/14903440834941,Martin Offiah – Printed Signature Music Star Print – Reproduction Print,martin-offiah-signed-autographed-music-star-print,ACTIVE,Rugby league player; retitle as Rugby/Sports print (older Rugby listings exist: 1237037088804 / 1237037318180)
sports person labelled Music Star Print,gid://shopify/Product/14903441031549,Martin Offiah Fujistsu-Pc's CoNFLicted 2019-04-08 – Printed Signature Music Star Print – Reproduction Print,martin-offiah-fujistsu-pcs-conflicted-copy-2019-04-08-signed-autographed-music-star-print,ACTIVE,Conflicted duplicate of the line above (see duplicates.csv)
sports person labelled Music Star Print,gid://shopify/Product/14903449059709,Nat Lofthouse – Printed Signature Music Star Print – Reproduction Print,nat-lofthouse-signed-autographed-music-star-print,ACTIVE,Footballer; retitle as Football print (older Football listings exist: 1237065891876 / 1237066121252)
sports person labelled Music Star Print,gid://shopify/Product/14903450141053,Nat Lofthouse Fujistsu-Pc's CoNFLicted 2019-04-08 – Printed Signature Music Star Print – Reproduction Print,nat-lofthouse-fujistsu-pcs-conflicted-copy-2019-04-08-signed-autographed-music-star-print,ACTIVE,Conflicted duplicate of the line above (see duplicates.csv)
odd title,gid://shopify/Product/14903458333053,Nwa Fully Printed Signature 1 – Music Star Print – Reproduction Print,nwa-fully-signed-1-signed-autographed-music-star-print,ACTIVE,"e.g. ""NWA Group 1 – Printed Signature Music Star Print – Reproduction Print""; older listing 1237095186468 also exists"
odd title,gid://shopify/Product/14903458398589,Nwa Fully Printed Signature 2 – Music Star Print – Reproduction Print,nwa-fully-signed-2-signed-autographed-music-star-print,ACTIVE,"as above; older listing 1237096759332 also exists"
odd title,gid://shopify/Product/14903484383613,Printed Signature By Blur – Music Star Print – Reproduction Print,signed-by-blur-signed-autographed-music-star-print,ACTIVE,"e.g. ""Blur Band – Printed Signature Music Star Print – Reproduction Print"""
odd title,gid://shopify/Product/14903483400573,Selina Gomez 2 – Printed Signature Music Star Print – Reproduction Print,selina-gomez-2-signed-autographed-music-star-print,ACTIVE,"Typo: Selina -> Selena (conflicted copy 14903483433341 has the same typo)"
odd title,gid://shopify/Product/14903437918589,Manic Street 2 – Printed Signature Music Star Print – Reproduction Print,manic-street-2-signed-autographed-music-star-print,ACTIVE,Probably Manic Street Preachers 2
whole range,(all 66 in before.json),,,,"Tags 'Other Console Posters' and 'Signed Athletics Prints' on music prints; no 'third-party-name' tag or disclaimer; image alt text is '0'; SEO title/meta empty; old description uses 'authentic-looking', 'memorabilia', 'Signed Merch Autographed' (house rules ban these)"
