Count,Product type (no rule matched; category left as is)
37,(no type)
14,OPTIONS_HIDDEN_PRODUCT
9,TV STARS
9,Apparel
7,Commemorative Plate
5,Wooden Gifts & Keepsakes
2,Candles & Jars
2,UV DTF & DTF Transfers (Trade)
2,Baby Clothing & Keepsakes
2,Valentine's & Mother's Day
2,Ceramic Photo Tiles
2,Placemats
1,gift set
1,Accessories
1,Phone & Tablet Cases
1,"Wanking Sock, Wank Sock"
1,Fathers Day Gift
1,Shirts & Tops
1,Acrylic Photo Gifts
1,Easter
1,Weddings & Engagements
1,Kids Cups
1,Shin Pads
1,Football Socks
1,Pump Clips
