Handle,Product Category
domestic-nightlife-funny-mug,Home & Garden > Kitchen & Dining > Tableware > Drinkware > Mugs
emergency-brew-funny-mug,Home & Garden > Kitchen & Dining > Tableware > Drinkware > Mugs
calendar-vibes-funny-mug,Home & Garden > Kitchen & Dining > Tableware > Drinkware > Mugs
personalised-acrylic-photo-block,Home & Garden > Decor > Picture Frames
our-song-acrylic-music-plaque,Home & Garden > Decor > Decorative Plaques
personalised-photo-fridge-magnet-acrylic,Home & Garden > Decor > Refrigerator Magnets
personalised-photo-keyring-double-sided-acrylic,Apparel & Accessories > Handbag & Wallet Accessories > Keychains
personalised-acrylic-cake-topper-printed,Arts & Entertainment > Party & Celebration > Party Supplies
personalised-acrylic-door-plaque,Home & Garden > Decor > Decorative Plaques
personalised-acrylic-photo-bookmark,Office Supplies > Book Accessories > Bookmarks
personalised-photo-slate-coasters,Home & Garden > Kitchen & Dining > Barware > Coasters
personalised-photo-slate-plaque,Home & Garden > Decor > Decorative Plaques
personalised-slate-house-sign,Home & Garden > Decor > Decorative Plaques
personalised-slate-serving-cheese-board,Home & Garden > Decor > Decorative Plaques
personalised-wooden-tree-decorations,Home & Garden > Decor > Seasonal & Holiday Decorations > Holiday Ornaments
personalised-wooden-photo-block,Home & Garden > Decor > Picture Frames
personalised-wooden-jigsaw-puzzle,Toys & Games > Puzzles > Jigsaw Puzzles
personalised-printed-golf-balls,Sporting Goods > Outdoor Recreation > Golf > Golf Balls
personalised-golf-ball-marker-divot-tool,Sporting Goods > Outdoor Recreation > Golf > Golf Balls
personalised-dart-flights,Sporting Goods > Indoor Games > Throwing Darts > Dart Parts > Dart Flights
golf-gift-set-printed-balls-in-personalised-box,Arts & Entertainment > Party & Celebration > Gift Giving > Gift Wrapping > Gift Boxes & Tins
personalised-photo-phone-case,Electronics > Communications > Telephony > Mobile & Smart Phone Accessories > Mobile Phone Cases
personalised-wireless-charging-pad,Electronics > Communications > Telephony > Mobile & Smart Phone Accessories > Mobile Phone Cases
personalised-power-bank,Electronics > Communications > Telephony > Mobile & Smart Phone Accessories > Mobile Phone Cases
personalised-compact-mirror,Electronics > Communications > Telephony > Mobile & Smart Phone Accessories > Mobile Phone Cases
custom-printed-building-bricks,Electronics > Communications > Telephony > Mobile & Smart Phone Accessories > Mobile Phone Cases
personalised-a5-notebook-uv-printed-cover,Electronics > Communications > Telephony > Mobile & Smart Phone Accessories > Mobile Phone Cases
printed-medal-inserts-25-mm,Arts & Entertainment > Party & Celebration > Trophies & Awards > Award Pins & Medals
acrylic-club-award-trophy,Arts & Entertainment > Party & Celebration > Trophies & Awards > Award Plaques
metal-business-cards-uv-on-anodised-aluminium,Office Supplies > General Office Supplies > Paper Products > Business Cards
personalised-glass-can-cup-with-bamboo-lid-straw-16oz,Home & Garden > Kitchen & Dining > Tableware > Drinkware > Tumblers
personalised-40oz-tumbler-with-handle,"Home & Garden > Decor > Artwork > Posters, Prints, & Visual Artwork"
personalised-20oz-skinny-tumbler,Home & Garden > Kitchen & Dining > Tableware > Drinkware > Tumblers
personalised-stainless-steel-water-bottle,"Home & Garden > Decor > Artwork > Posters, Prints, & Visual Artwork"
personalised-travel-coffee-cup,Home & Garden > Kitchen & Dining > Tableware > Drinkware > Tumblers
personalised-enamel-camping-mug,Home & Garden > Kitchen & Dining > Tableware > Drinkware > Mugs
personalised-hip-flask,Home & Garden > Kitchen & Dining > Tableware > Drinkware > Tumblers
personalised-gin-balloon-glass,Home & Garden > Kitchen & Dining > Tableware > Drinkware > Beer Glasses
personalised-wine-glass,Home & Garden > Kitchen & Dining > Tableware > Drinkware > Stemware
personalised-pint-glass,Home & Garden > Kitchen & Dining > Tableware > Drinkware > Beer Glasses
personalised-whisky-tumbler,Home & Garden > Kitchen & Dining > Tableware > Drinkware > Tumblers
personalised-prosecco-flute,"Home & Garden > Decor > Artwork > Posters, Prints, & Visual Artwork"
personalised-name-bauble,Home & Garden > Decor > Seasonal & Holiday Decorations > Holiday Ornaments
personalised-photo-bauble,Home & Garden > Decor > Seasonal & Holiday Decorations > Holiday Ornaments
baby-s-first-christmas-bauble,Home & Garden > Decor > Seasonal & Holiday Decorations > Holiday Ornaments
memorial-robin-bauble,Home & Garden > Decor > Seasonal & Holiday Decorations > Holiday Ornaments
personalised-santa-s-magic-key,Home & Garden > Decor > Seasonal & Holiday Decorations > Holiday Ornaments
pet-s-first-christmas-bauble,Home & Garden > Decor > Seasonal & Holiday Decorations > Holiday Ornaments
personalised-sweet-jar,Office Supplies > General Office Supplies > Labels & Tags
waterproof-kids-name-labels,Office Supplies > General Office Supplies > Labels & Tags
personalised-kids-school-water-bottle,Home & Garden > Kitchen & Dining > Food & Beverage Carriers > Water Bottles
personalised-kids-lunch-box,Home & Garden > Kitchen & Dining > Food & Beverage Carriers > Lunch Boxes & Totes
personalised-bike-riding-helmet-name-decals,Arts & Entertainment > Hobbies & Creative Arts > Arts & Crafts > Art & Crafting Materials > Embellishments & Trims > Decorative Stickers
custom-games-controller-skin,Electronics > Video Game Console Accessories
custom-laptop-skin,Electronics > Video Game Console Accessories
uv-dtf-cup-wrap-transfer-16oz,Home & Garden > Kitchen & Dining > Tableware > Drinkware > Tumblers
personalised-adult-t-shirt,Apparel & Accessories > Clothing > Clothing Tops > T-Shirts
personalised-kids-t-shirt,Apparel & Accessories > Clothing > Baby & Children's Clothing > Baby & Children's Tops > T-Shirts
personalised-adult-hoodie,Apparel & Accessories > Clothing > Clothing Tops > Hoodies
personalised-sweatshirt,Apparel & Accessories > Clothing > Clothing Tops > T-Shirts
birthday-age-t-shirt-kids,Apparel & Accessories > Clothing > Baby & Children's Clothing > Baby & Children's Tops > T-Shirts
big-brother-big-sister-t-shirt,Apparel & Accessories > Clothing > Clothing Tops > T-Shirts
school-leavers-hoodie-names-on-back,Apparel & Accessories > Clothing > Clothing Tops > Hoodies
club-team-hoodie-with-logo,Apparel & Accessories > Clothing > Baby & Children's Clothing > Baby & Children's Tops > Hoodies
matching-family-christmas-jumper,Apparel & Accessories > Clothing > Baby & Children's Clothing > Baby & Children's Tops > Sweatshirts
personalised-christmas-pyjamas,Arts & Entertainment > Party & Celebration > Gift Giving > Gift Wrapping > Gift Boxes & Tins
my-first-christmas-baby-grow,Apparel & Accessories > Clothing > Baby & Children's Clothing > Baby & Children's Tops > Bodysuits
personalised-baby-vest,Apparel & Accessories > Clothing > Baby & Children's Clothing > Baby & Children's Tops > Bodysuits
personalised-baby-blanket-fleece,Home & Garden > Linens & Bedding > Bedding > Blankets > Throw Blankets
personalised-dog-bandana,Animals & Pet Supplies > Pet Supplies > Pet Apparel > Pet Bandanas
personalised-dog-hoodie,Apparel & Accessories > Clothing > Clothing Tops > Hoodies
personalised-pet-blanket,Home & Garden > Linens & Bedding > Bedding > Blankets > Throw Blankets
personalised-pet-id-tag,Animals & Pet Supplies > Pet Supplies > Pet ID Tags
personalised-stainless-steel-pet-bowl,"Animals & Pet Supplies > Pet Supplies > Pet Bowls, Feeders & Waterers"
personalised-pet-treat-jar,Animals & Pet Supplies > Pet Supplies > Pet Apparel > Pet Bandanas
custom-pet-portrait-print,"Home & Garden > Decor > Artwork > Posters, Prints, & Visual Artwork"
personalised-tote-bag,Luggage & Bags > Tote Bags
personalised-drawstring-pe-bag,Luggage & Bags > Tote Bags
personalised-apron,Home & Garden > Kitchen & Dining > Kitchen Tools & Utensils > Aprons
personalised-cap,Apparel & Accessories > Clothing Accessories > Hats > Baseball Caps
personalised-party-sash,Apparel & Accessories > Clothing Accessories > Sashes
personalised-trick-or-treat-bag,Arts & Entertainment > Party & Celebration > Gift Giving > Gift Wrapping > Gift Bags
personalised-teddy-bear-with-t-shirt,Apparel & Accessories > Clothing > Clothing Tops > T-Shirts
logo-polo-shirt-workwear,Apparel & Accessories > Clothing > Clothing Tops > Polos
hi-vis-vest-with-logo,Apparel & Accessories > Clothing > Clothing Tops > Polos
football-kit-name-number-printing,Apparel & Accessories > Clothing > Clothing Tops > Polos
personalised-christmas-eve-box,Arts & Entertainment > Party & Celebration > Gift Giving > Gift Wrapping > Gift Boxes & Tins
fill-your-own-personalised-advent-calendar,Home & Garden > Decor > Seasonal & Holiday Decorations > Advent Calendars
personalised-selection-box-sleeve,Arts & Entertainment > Party & Celebration > Gift Giving > Gift Wrapping > Gift Boxes & Tins
reindeer-food-bag,Arts & Entertainment > Party & Celebration > Gift Giving > Gift Wrapping > Gift Bags
personalised-letter-from-santa,Home & Garden > Decor > Seasonal & Holiday Decorations > Advent Calendars
christmas-elf-arrival-kit,Home & Garden > Decor > Seasonal & Holiday Decorations > Advent Calendars
printed-cupcake-boxes-window,Arts & Entertainment > Party & Celebration > Gift Giving > Gift Wrapping > Gift Boxes & Tins
personalised-party-favour-boxes,Arts & Entertainment > Party & Celebration > Gift Giving > Gift Wrapping > Gift Boxes & Tins
wedding-favour-boxes,Arts & Entertainment > Party & Celebration > Gift Giving > Gift Wrapping > Gift Boxes & Tins
personalised-popcorn-boxes-movie-night,Arts & Entertainment > Party & Celebration > Gift Giving > Gift Wrapping > Gift Boxes & Tins
personalised-pillow-treat-boxes,Arts & Entertainment > Party & Celebration > Gift Giving > Gift Wrapping > Gift Boxes & Tins
personalised-golf-ball-box-3-ball,Arts & Entertainment > Party & Celebration > Gift Giving > Gift Wrapping > Gift Boxes & Tins
mug-gift-box-add-on,Home & Garden > Kitchen & Dining > Tableware > Drinkware > Mugs
bauble-gift-box-add-on,Home & Garden > Decor > Seasonal & Holiday Decorations > Holiday Ornaments
personalised-letterbox-gift-box,Arts & Entertainment > Party & Celebration > Gift Giving > Gift Wrapping > Gift Boxes & Tins
small-business-printed-mailer-boxes,Arts & Entertainment > Party & Celebration > Gift Giving > Gift Wrapping > Gift Boxes & Tins
personalised-video-game-case-put-yourself-on-the-cover,Electronics > Video Game Console Accessories
personalised-birthday-game-case-card,Electronics > Video Game Console Accessories
personalised-glitter-card-cake-topper,Arts & Entertainment > Party & Celebration > Gift Giving > Greeting & Note Cards > Greeting Cards
personalised-cupcake-toppers-set-of-12,Arts & Entertainment > Party & Celebration > Party Supplies
pop-up-3d-birthday-card,Arts & Entertainment > Party & Celebration > Gift Giving > Greeting & Note Cards > Greeting Cards
photo-booth-props-set-of-20,Arts & Entertainment > Party & Celebration > Gift Giving > Greeting & Note Cards > Greeting Cards
personalised-gift-tags-pack-of-20,Office Supplies > General Office Supplies > Labels & Tags
personalised-card-jigsaw,Arts & Entertainment > Party & Celebration > Gift Giving > Greeting & Note Cards > Greeting Cards
spot-gloss-raised-uv-business-cards,Office Supplies > General Office Supplies > Paper Products > Business Cards
rounded-corner-square-business-cards,Office Supplies > General Office Supplies > Paper Products > Business Cards
flyers-leaflets,Office Supplies > General Office Supplies > Paper Products
postcards,Office Supplies > General Office Supplies > Paper Products
gift-vouchers-numbered,Office Supplies > General Office Supplies > Paper Products > Business Cards
appointment-loyalty-cards,Arts & Entertainment > Party & Celebration > Gift Giving > Greeting & Note Cards > Greeting Cards
table-talkers-menus,Office Supplies > General Office Supplies > Paper Products > Business Cards
custom-die-cut-stickers,Arts & Entertainment > Hobbies & Creative Arts > Arts & Crafts > Art & Crafting Materials > Embellishments & Trims > Decorative Stickers
kiss-cut-sticker-sheets,Arts & Entertainment > Hobbies & Creative Arts > Arts & Crafts > Art & Crafting Materials > Embellishments & Trims > Decorative Stickers
product-labels-candle-jam-cosmetics,Office Supplies > General Office Supplies > Labels & Tags
thank-you-for-your-order-stickers,Arts & Entertainment > Hobbies & Creative Arts > Arts & Crafts > Art & Crafting Materials > Embellishments & Trims > Decorative Stickers
tap-scan-google-review-stand-nfc-qr,Home & Garden > Decor > Decorative Plaques
acrylic-qr-code-sign-scan-to-pay-follow-wi-fi,Home & Garden > Decor > Decorative Plaques
acrylic-office-door-sign,Home & Garden > Decor > Decorative Plaques
small-foamex-dibond-sign,Home & Garden > Decor > Decorative Plaques
personalised-halloween-kids-t-shirt,Apparel & Accessories > Clothing > Baby & Children's Clothing > Baby & Children's Tops > T-Shirts
halloween-treat-boxes-pack-of-10,Arts & Entertainment > Party & Celebration > Gift Giving > Gift Wrapping > Gift Boxes & Tins
my-first-halloween-baby-grow,Apparel & Accessories > Clothing > Baby & Children's Clothing > Baby & Children's Tops > Bodysuits
personalised-mum-slate-heart,Home & Garden > Decor > Decorative Plaques
mummy-me-matching-t-shirts,"Home & Garden > Decor > Artwork > Posters, Prints, & Visual Artwork"
personalised-easter-basket-bag,Luggage & Bags > Tote Bags
personalised-easter-egg-box,Arts & Entertainment > Party & Celebration > Gift Giving > Gift Wrapping > Gift Boxes & Tins
acrylic-wedding-welcome-sign,Home & Garden > Decor > Decorative Plaques
personalised-acrylic-place-names-pack-of-10,Arts & Entertainment > Party & Celebration > Gift Giving > Greeting & Note Cards > Greeting Cards
wedding-invitations-pack-of-25,Arts & Entertainment > Party & Celebration > Gift Giving > Greeting & Note Cards > Greeting Cards
pet-memorial-slate-plaque,Home & Garden > Decor > Decorative Plaques
memorial-acrylic-photo-plaque,Home & Garden > Decor > Decorative Plaques
birth-announcement-print,"Home & Garden > Decor > Artwork > Posters, Prints, & Visual Artwork"
pregnancy-announcement-scan-frame-plaque,Home & Garden > Decor > Decorative Plaques
baby-keepsake-box-printed,Arts & Entertainment > Party & Celebration > Gift Giving > Gift Wrapping > Gift Boxes & Tins
personalised-40oz-tumbler-handle-lid-straw,Home & Garden > Kitchen & Dining > Tableware > Drinkware > Tumblers
personalised-metal-photo-keyring-gift-box,Apparel & Accessories > Handbag & Wallet Accessories > Keychains
personalised-double-sided-wooden-keyring,Apparel & Accessories > Handbag & Wallet Accessories > Keychains
personalised-bottle-opener-nail-clipper-keyring,Apparel & Accessories > Handbag & Wallet Accessories > Keychains
personalised-photo-fridge-magnet,Home & Garden > Decor > Refrigerator Magnets
personalised-musical-photo-magnet-record-message,Home & Garden > Decor > Refrigerator Magnets
personalised-stainless-steel-tumbler-with-straw-16oz,Home & Garden > Kitchen & Dining > Tableware > Drinkware > Tumblers
personalised-travel-mug-14oz-stainless-steel,Home & Garden > Kitchen & Dining > Tableware > Drinkware > Mugs
personalised-ceramic-travel-mug-silicone-lid,Home & Garden > Kitchen & Dining > Tableware > Drinkware > Mugs
personalised-stainless-steel-bottle-one-touch-lid-720ml,Home & Garden > Kitchen & Dining > Food & Beverage Carriers > Water Bottles
personalised-photo-slate-landscape-10x15cm,Home & Garden > Decor > Decorative Plaques
personalised-square-photo-slate,Home & Garden > Decor > Decorative Plaques
personalised-round-photo-slate-with-stand,Home & Garden > Decor > Decorative Plaques
personalised-heart-photo-slate,Home & Garden > Decor > Decorative Plaques
personalised-metal-photo-print,"Home & Garden > Decor > Artwork > Posters, Prints, & Visual Artwork"
personalised-desk-photo-panel-with-easel,"Home & Garden > Decor > Artwork > Posters, Prints, & Visual Artwork"
personalised-photo-bauble-mirror-finish,Home & Garden > Decor > Seasonal & Holiday Decorations > Holiday Ornaments
personalised-metal-christmas-tree-decoration,Home & Garden > Decor > Seasonal & Holiday Decorations > Holiday Ornaments
personalised-wooden-christmas-decoration-ribbon,Home & Garden > Decor > Seasonal & Holiday Decorations > Holiday Ornaments
personalised-christmas-stocking-red-border,Home & Garden > Decor > Seasonal & Holiday Decorations > Holiday Stockings
personalised-pets-first-christmas-decoration-dog-bone,Home & Garden > Decor > Seasonal & Holiday Decorations > Holiday Ornaments
personalised-aluminium-water-bottle-two-lids,Home & Garden > Kitchen & Dining > Food & Beverage Carriers > Water Bottles
personalised-enamel-camping-mug-silver-rim,Home & Garden > Kitchen & Dining > Tableware > Drinkware > Mugs
personalised-latte-mug-coloured-inside-handle,Home & Garden > Kitchen & Dining > Tableware > Drinkware > Mugs
personalised-colour-changing-photo-mug,Home & Garden > Kitchen & Dining > Tableware > Drinkware > Mugs
personalised-panoramic-metal-sign,Home & Garden > Decor > Decorative Plaques
personalised-square-silver-metal-photo-print,"Home & Garden > Decor > Artwork > Posters, Prints, & Visual Artwork"
personalised-photo-wall-clock-30cm,Home & Garden > Decor > Clocks > Wall Clocks
personalised-glass-photo-clock,Home & Garden > Decor > Clocks > Wall Clocks
personalised-teddy-bear-printed-t-shirt,Apparel & Accessories > Clothing > Clothing Tops > T-Shirts
personalised-metal-photo-clock,Home & Garden > Decor > Clocks > Wall Clocks
personalised-bunny-rabbit-soft-toy,"Toys & Games > Toys > Dolls, Playsets & Toy Figures > Stuffed Animals"
personalised-slate-photo-clock,Home & Garden > Decor > Clocks > Wall Clocks
personalised-mini-bunny-keyring,Apparel & Accessories > Handbag & Wallet Accessories > Keychains
personalised-mini-teddy-bear-keyring,Apparel & Accessories > Handbag & Wallet Accessories > Keychains
personalised-photo-jigsaw-a4-80-pieces,Toys & Games > Puzzles > Jigsaw Puzzles
personalised-i-love-you-hidden-heart-mug,Home & Garden > Kitchen & Dining > Tableware > Drinkware > Mugs
personalised-glass-can-cup-bamboo-lid-straw,Home & Garden > Kitchen & Dining > Tableware > Drinkware > Tumblers
personalised-frosted-glass-stein,Home & Garden > Kitchen & Dining > Tableware > Drinkware > Beer Glasses
personalised-kids-unbreakable-mug-6oz,Home & Garden > Kitchen & Dining > Tableware > Drinkware > Mugs
personalised-photo-jigsaw-a3-300-pieces-pearl,Toys & Games > Puzzles > Jigsaw Puzzles
personalised-kids-jigsaw-30-pieces,Toys & Games > Puzzles > Jigsaw Puzzles
personalised-heart-magnetic-jigsaw,Toys & Games > Puzzles > Jigsaw Puzzles
personalised-round-wooden-jigsaw-case-24-pieces,Toys & Games > Puzzles > Jigsaw Puzzles
personalised-dog-bandana-with-name,Animals & Pet Supplies > Pet Supplies > Pet Apparel > Pet Bandanas
personalised-kids-lunch-bag-name-panel,Home & Garden > Kitchen & Dining > Food & Beverage Carriers > Lunch Boxes & Totes
personalised-pencil-case-name-class,"Home & Garden > Decor > Artwork > Posters, Prints, & Visual Artwork"
personalised-photo-cushion-cover,Home & Garden > Decor > Throw Pillows
personalised-glass-photo-frame,Home & Garden > Decor > Picture Frames
personalised-frosted-glass-photo-frame,"Home & Garden > Decor > Artwork > Posters, Prints, & Visual Artwork"
personalised-wooden-photo-plaque,Home & Garden > Decor > Decorative Plaques
personalised-round-award-plaque,Arts & Entertainment > Party & Celebration > Trophies & Awards > Award Plaques
personalised-ceramic-dog-bowl,"Animals & Pet Supplies > Pet Supplies > Pet Bowls, Feeders & Waterers"
personalised-pet-photo-keyring,Apparel & Accessories > Handbag & Wallet Accessories > Keychains
personalised-9-photo-collage-cushion-cover,Home & Garden > Decor > Throw Pillows
personalised-photo-blanket-super-soft,Home & Garden > Linens & Bedding > Bedding > Blankets > Throw Blankets
personalised-tea-towel,Home & Garden > Linens & Bedding > Kitchen Linens Sets
personalised-apron-with-pocket,"Home & Garden > Decor > Artwork > Posters, Prints, & Visual Artwork"
personalised-linen-tote-bag,Luggage & Bags > Tote Bags
personalised-slate-photo-coaster,Home & Garden > Kitchen & Dining > Barware > Coasters
personalised-glass-photo-coaster,Home & Garden > Kitchen & Dining > Barware > Coasters
personalised-wooden-photo-coaster,Home & Garden > Kitchen & Dining > Barware > Coasters
personalised-football-team-name-badge,Apparel & Accessories > Jewelry > Brooches & Lapel Pins
personalised-football-boot-bag-drawstring-name,Luggage & Bags > Tote Bags
custom-football-scarf-satin-team-name,Apparel & Accessories > Jewelry > Brooches & Lapel Pins
custom-knitted-football-bobble-hat-team-colours,Apparel & Accessories > Clothing Accessories > Hats
custom-stadium-flag-team-name-badge-colours,Apparel & Accessories > Jewelry > Brooches & Lapel Pins
custom-football-corner-flags-set-of-4,Home & Garden > Decor > Flags & Windsocks
custom-football-car-flag-window-clip,Apparel & Accessories > Jewelry > Brooches & Lapel Pins
personalised-football-club-bunting-9m,Apparel & Accessories > Jewelry > Brooches & Lapel Pins
personalised-thank-you-coach-mug,Home & Garden > Kitchen & Dining > Tableware > Drinkware > Mugs
personalised-football-team-pennant,Apparel & Accessories > Jewelry > Brooches & Lapel Pins
personalised-football-coach-keyring,Apparel & Accessories > Handbag & Wallet Accessories > Keychains
personalised-stout-glass,"Home & Garden > Decor > Artwork > Posters, Prints, & Visual Artwork"
personalised-photo-pint-glass,"Home & Garden > Decor > Artwork > Posters, Prints, & Visual Artwork"
custom-logo-pint-glasses,Home & Garden > Kitchen & Dining > Tableware > Drinkware > Beer Glasses
personalised-18th-birthday-champagne-flute,"Home & Garden > Decor > Artwork > Posters, Prints, & Visual Artwork"
personalised-21st-birthday-champagne-flute,"Home & Garden > Decor > Artwork > Posters, Prints, & Visual Artwork"
personalised-milestone-birthday-champagne-flute,Home & Garden > Kitchen & Dining > Tableware > Drinkware > Stemware
personalised-gamer-tag-gaming-mat-neon,Electronics > Electronics Accessories > Computer Accessories > Mouse Pads
retro-pixel-arcade-gaming-mat,Electronics > Electronics Accessories > Computer Accessories > Mouse Pads
neon-synthwave-city-gaming-mat,Electronics > Electronics Accessories > Computer Accessories > Mouse Pads
space-galaxy-gaming-mat,Electronics > Electronics Accessories > Computer Accessories > Mouse Pads
personalised-pet-photo-desk-mat,Electronics > Electronics Accessories > Computer Accessories > Mouse Pads
personalised-cartoon-pet-gaming-mat,Electronics > Electronics Accessories > Computer Accessories > Mouse Pads
personalised-metal-pub-sign,Home & Garden > Decor > Decorative Plaques
personalised-beer-garden-rules-metal-sign,Home & Garden > Decor > Decorative Plaques
personalised-hanging-garden-pub-sign,Home & Garden > Decor > Decorative Plaques
personalised-licensed-to-serve-home-bar-plaque,Home & Garden > Decor > Decorative Plaques
personalised-last-orders-home-bar-sign,Home & Garden > Decor > Decorative Plaques
personalised-pet-portrait-admiral,"Home & Garden > Decor > Artwork > Posters, Prints, & Visual Artwork"
ed-sheeran-poster-print-unofficial-music-wall-art,"Home & Garden > Decor > Artwork > Posters, Prints, & Visual Artwork > Posters"
personalised-pet-portrait-churchill,"Home & Garden > Decor > Artwork > Posters, Prints, & Visual Artwork"
personalised-pet-portrait-cleopatra,"Home & Garden > Decor > Artwork > Posters, Prints, & Visual Artwork"
personalised-football-baby-grow-born-to-support-like-daddy-for-arsenal-fans,Apparel & Accessories > Clothing > Baby & Children's Clothing > Baby & Children's Tops > Bodysuits
personalised-football-baby-grow-born-to-support-like-daddy-for-aston-villa-fans,Apparel & Accessories > Clothing > Baby & Children's Clothing > Baby & Children's Tops > Bodysuits
personalised-football-baby-grow-born-to-support-like-daddy-for-bournemouth-fans,Apparel & Accessories > Clothing > Baby & Children's Clothing > Baby & Children's Tops > Bodysuits
personalised-football-baby-grow-born-to-support-like-daddy-for-brentford-fans,Apparel & Accessories > Clothing > Baby & Children's Clothing > Baby & Children's Tops > Bodysuits
personalised-football-baby-grow-born-to-support-like-daddy-for-brighton-fans,Apparel & Accessories > Clothing > Baby & Children's Clothing > Baby & Children's Tops > Bodysuits
personalised-pet-portrait-custer,"Home & Garden > Decor > Artwork > Posters, Prints, & Visual Artwork"
billie-eilish-poster-print-unofficial-music-wall-art,"Home & Garden > Decor > Artwork > Posters, Prints, & Visual Artwork > Posters"
personalised-pet-portrait-henry-viii,"Home & Garden > Decor > Artwork > Posters, Prints, & Visual Artwork"
personalised-pet-portrait-kitchener,"Home & Garden > Decor > Artwork > Posters, Prints, & Visual Artwork"
personalised-football-baby-grow-born-to-support-like-daddy-for-chelsea-fans,Apparel & Accessories > Clothing > Baby & Children's Clothing > Baby & Children's Tops > Bodysuits
personalised-football-baby-grow-born-to-support-like-daddy-for-crystal-palace-fans,Apparel & Accessories > Clothing > Baby & Children's Clothing > Baby & Children's Tops > Bodysuits
personalised-football-baby-grow-born-to-support-like-daddy-for-everton-fans,Apparel & Accessories > Clothing > Baby & Children's Clothing > Baby & Children's Tops > Bodysuits
personalised-football-baby-grow-born-to-support-like-daddy-for-fulham-fans,Apparel & Accessories > Clothing > Baby & Children's Clothing > Baby & Children's Tops > Bodysuits
personalised-football-baby-grow-born-to-support-like-daddy-for-leeds-united-fans,Apparel & Accessories > Clothing > Baby & Children's Clothing > Baby & Children's Tops > Bodysuits
personalised-pet-portrait-lincoln,"Home & Garden > Decor > Artwork > Posters, Prints, & Visual Artwork"
personalised-pet-portrait-mona-lisa,"Home & Garden > Decor > Artwork > Posters, Prints, & Visual Artwork"
sam-fender-poster-print-unofficial-music-wall-art,"Home & Garden > Decor > Artwork > Posters, Prints, & Visual Artwork > Posters"
personalised-pet-portrait-mozart,"Home & Garden > Decor > Artwork > Posters, Prints, & Visual Artwork"
funny-golf-towel-i-can-drive-300-yards-in-my-cart,Sporting Goods > Outdoor Recreation > Golf > Golf Towels
funny-golf-towel-warning-golf-shanker-proceed-with-caution,Sporting Goods > Outdoor Recreation > Golf > Golf Towels
personalised-golf-towel-custom-message-and-name-golfer-gift,Sporting Goods > Outdoor Recreation > Golf > Golf Towels
personalised-pet-portrait-napoleon,"Home & Garden > Decor > Artwork > Posters, Prints, & Visual Artwork"
personalised-football-baby-grow-born-to-support-like-daddy-for-leicester-city-fans,Apparel & Accessories > Clothing > Baby & Children's Clothing > Baby & Children's Tops > Bodysuits
personalised-football-baby-grow-born-to-support-like-daddy-for-manchester-city-fans,Apparel & Accessories > Clothing > Baby & Children's Clothing > Baby & Children's Tops > Bodysuits
personalised-football-baby-grow-born-to-support-like-daddy-for-nottingham-forest-fans,Apparel & Accessories > Clothing > Baby & Children's Clothing > Baby & Children's Tops > Bodysuits
personalised-football-baby-grow-born-to-support-like-daddy-for-southampton-fans,Apparel & Accessories > Clothing > Baby & Children's Clothing > Baby & Children's Tops > Bodysuits
personalised-football-baby-grow-born-to-support-like-daddy-for-tottenham-fans,Apparel & Accessories > Clothing > Baby & Children's Clothing > Baby & Children's Tops > Bodysuits
personalised-football-baby-grow-born-to-support-like-daddy-for-west-ham-fans,Apparel & Accessories > Clothing > Baby & Children's Clothing > Baby & Children's Tops > Bodysuits
personalised-football-baby-grow-born-to-support-like-daddy-for-wolves-fans,Apparel & Accessories > Clothing > Baby & Children's Clothing > Baby & Children's Tops > Bodysuits
personalised-football-baby-grow-born-to-support-like-daddy-for-liverpool-fans,Apparel & Accessories > Clothing > Baby & Children's Clothing > Baby & Children's Tops > Bodysuits
personalised-pet-portrait-pearl-earring,"Home & Garden > Decor > Artwork > Posters, Prints, & Visual Artwork"
personalised-mummy-marry-daddy-proposal-baby-grow-will-you-marry-daddy-baby-vest-with-name,Apparel & Accessories > Clothing > Baby & Children's Clothing > Baby & Children's Tops > Bodysuits
sabrina-carpenter-poster-print-unofficial-music-wall-art,"Home & Garden > Decor > Artwork > Posters, Prints, & Visual Artwork > Posters"
personalised-pet-portrait-roman-emperor,"Home & Garden > Decor > Artwork > Posters, Prints, & Visual Artwork"
happy-fathers-day-golf-towel-golf-gift-for-dad,Sporting Goods > Outdoor Recreation > Golf > Golf Towels
i-got-a-hole-in-one-golf-towel-golf-celebration-gift,Sporting Goods > Outdoor Recreation > Golf > Golf Towels
rude-golf-towel-i-use-this-towel-to-clean-my-balls-design-1,Sporting Goods > Outdoor Recreation > Golf > Golf Towels
rude-golf-towel-i-use-this-towel-to-clean-my-balls-design-2,Sporting Goods > Outdoor Recreation > Golf > Golf Towels
may-the-course-be-with-you-golf-towel-funny-golf-gift,Sporting Goods > Outdoor Recreation > Golf > Golf Towels
personalised-pet-portrait-shakespeare,"Home & Garden > Decor > Artwork > Posters, Prints, & Visual Artwork"
chappell-roan-poster-print-unofficial-music-wall-art,"Home & Garden > Decor > Artwork > Posters, Prints, & Visual Artwork > Posters"
more-beer-less-wine-golf-towel-funny-19th-hole-golf-gift,Sporting Goods > Outdoor Recreation > Golf > Golf Towels
super-dad-golf-towel-golf-gift-for-dad,Sporting Goods > Outdoor Recreation > Golf > Golf Towels
rude-golf-towel-swing-swear-search-repeat-funny-golf-gift,Sporting Goods > Outdoor Recreation > Golf > Golf Towels
funny-golf-towel-this-towel-was-supposed-to-be-a-new-set-of-clubs,Sporting Goods > Outdoor Recreation > Golf > Golf Towels
personalised-photo-golf-towel-your-face-all-over-funny-golf-gift,Sporting Goods > Outdoor Recreation > Golf > Golf Towels
personalised-pet-portrait-queen-victoria,"Home & Garden > Decor > Artwork > Posters, Prints, & Visual Artwork"
personalised-daddy-marry-mammy-proposal-baby-grow-will-you-marry-mammy-baby-vest-with-name,Apparel & Accessories > Clothing > Baby & Children's Clothing > Baby & Children's Tops > Bodysuits
personalised-baby-family-name-baby-grow-heart-design-baby-vest-with-surname,Apparel & Accessories > Clothing > Baby & Children's Clothing > Baby & Children's Tops > Bodysuits
personalised-pet-portrait-george-washington,"Home & Garden > Decor > Artwork > Posters, Prints, & Visual Artwork"
personalised-mothers-day-baby-grow-heart-wheel-design-in-pink-with-babys-name,Apparel & Accessories > Clothing > Baby & Children's Clothing > Baby & Children's Tops > Bodysuits
personalised-mothers-day-baby-grow-heart-wheel-design-in-blue-with-babys-name,Apparel & Accessories > Clothing > Baby & Children's Clothing > Baby & Children's Tops > Bodysuits
personalised-mothers-day-baby-grow-mummy-me-balloon-design-in-black-with-babys-name,Apparel & Accessories > Clothing > Baby & Children's Clothing > Baby & Children's Tops > Bodysuits
personalised-mothers-day-baby-grow-mummy-me-balloon-design-in-pink-with-babys-name,Apparel & Accessories > Clothing > Baby & Children's Clothing > Baby & Children's Tops > Bodysuits
personalised-mothers-day-baby-grow-happy-mothers-day-love-from-daddy-baby-design-in-black-with-babys-name,Apparel & Accessories > Clothing > Baby & Children's Clothing > Baby & Children's Tops > Bodysuits
personalised-mothers-day-baby-grow-happy-mothers-day-love-from-daddy-baby-design-in-pink-with-babys-name,Apparel & Accessories > Clothing > Baby & Children's Clothing > Baby & Children's Tops > Bodysuits
personalised-mothers-day-baby-grow-happy-mothers-day-love-from-daddy-baby-design-in-blue-with-babys-name,Apparel & Accessories > Clothing > Baby & Children's Clothing > Baby & Children's Tops > Bodysuits
personalised-first-mothers-day-baby-grow-our-1st-mothers-day-design-in-blue-with-babys-name,Apparel & Accessories > Clothing > Baby & Children's Clothing > Baby & Children's Tops > Bodysuits
charli-xcx-poster-print-unofficial-music-wall-art,"Home & Garden > Decor > Artwork > Posters, Prints, & Visual Artwork > Posters"
personalised-baby-family-name-baby-grow-star-design-baby-vest-with-surname,Apparel & Accessories > Clothing > Baby & Children's Clothing > Baby & Children's Tops > Bodysuits
i-heart-daddy-baby-grow-cute-slogan-baby-vest-fathers-day-and-new-dad-gift,Apparel & Accessories > Clothing > Baby & Children's Clothing > Baby & Children's Tops > Bodysuits
i-heart-mummy-baby-grow-cute-slogan-baby-vest-mothers-day-and-new-mum-gift,Apparel & Accessories > Clothing > Baby & Children's Clothing > Baby & Children's Tops > Bodysuits
teddy-swims-poster-print-unofficial-music-wall-art,"Home & Garden > Decor > Artwork > Posters, Prints, & Visual Artwork > Posters"
benson-boone-poster-print-unofficial-music-wall-art,"Home & Garden > Decor > Artwork > Posters, Prints, & Visual Artwork > Posters"
personalised-name-door-hanger-bedroom-door-sign-pack-of-4,Home & Garden > Decor > Decorative Plaques
personalised-kids-bedroom-door-hanger-name-sign-pack-of-4,Home & Garden > Decor > Decorative Plaques
personalised-danger-door-hanger-keep-out-kids-room-sign-pack-of-4,Home & Garden > Decor > Decorative Plaques
personalised-no-boys-allowed-door-hanger-girls-bedroom-sign-pack-of-4,Home & Garden > Decor > Decorative Plaques
personalised-first-mothers-day-baby-grow-our-1st-mothers-day-design-in-pink-with-babys-name,Apparel & Accessories > Clothing > Baby & Children's Clothing > Baby & Children's Tops > Bodysuits
personalised-mothers-day-baby-grow-mummy-me-balloon-design-in-blue-with-babys-name,Apparel & Accessories > Clothing > Baby & Children's Clothing > Baby & Children's Tops > Bodysuits
personalised-mothers-day-baby-grow-heart-silhouette-design-in-pink-with-babys-name,Apparel & Accessories > Clothing > Baby & Children's Clothing > Baby & Children's Tops > Bodysuits
personalised-mothers-day-baby-grow-heart-silhouette-design-in-blue-with-babys-name,Apparel & Accessories > Clothing > Baby & Children's Clothing > Baby & Children's Tops > Bodysuits
personalised-mothers-day-baby-grow-amazing-mother-design-in-pink-with-babys-name,Apparel & Accessories > Clothing > Baby & Children's Clothing > Baby & Children's Tops > Bodysuits
personalised-mothers-day-baby-grow-amazing-mother-design-in-blue-with-babys-name,Apparel & Accessories > Clothing > Baby & Children's Clothing > Baby & Children's Tops > Bodysuits
personalised-mothers-day-baby-grow-hand-heart-design-in-black-with-babys-name,Apparel & Accessories > Clothing > Baby & Children's Clothing > Baby & Children's Tops > Bodysuits
personalised-mothers-day-baby-grow-heart-with-banner-design-in-pink-with-babys-name,Apparel & Accessories > Clothing > Baby & Children's Clothing > Baby & Children's Tops > Bodysuits
straight-outta-mummy-baby-grow-funny-newborn-slogan-baby-vest-coming-home-outfit,Apparel & Accessories > Clothing > Baby & Children's Clothing > Baby & Children's Tops > Bodysuits
personalised-pregnancy-announcement-baby-grow-family-name-and-due-month-baby-vest,Apparel & Accessories > Clothing > Baby & Children's Clothing > Baby & Children's Tops > Bodysuits
personalised-baby-due-announcement-baby-grow-family-name-due-month-and-baby-feet-design,Apparel & Accessories > Clothing > Baby & Children's Clothing > Baby & Children's Tops > Bodysuits
welcome-to-the-rebel-alliance-door-hanger-sci-fi-fan-door-sign-pack-of-4,Home & Garden > Decor > Decorative Plaques
move-along-door-hanger-funny-sci-fi-do-not-disturb-sign-pack-of-4,Home & Garden > Decor > Decorative Plaques
welcome-to-the-dark-side-door-hanger-sci-fi-fan-door-sign-pack-of-4,Home & Garden > Decor > Decorative Plaques
this-is-not-the-room-you-are-looking-for-door-hanger-funny-sci-fi-sign-pack-of-4,Home & Garden > Decor > Decorative Plaques
personalised-valentines-teddy-bear-design-4-name-message-and-photo,"Toys & Games > Toys > Dolls, Playsets & Toy Figures > Stuffed Animals"
little-miss-sunshine-baby-grow-cute-sunshine-slogan-baby-vest-baby-girl-gift,Apparel & Accessories > Clothing > Baby & Children's Clothing > Baby & Children's Tops > Bodysuits
you-got-this-daddy-baby-grow-encouraging-slogan-baby-vest-new-dad-gift,Apparel & Accessories > Clothing > Baby & Children's Clothing > Baby & Children's Tops > Bodysuits
daddys-little-star-baby-grow-star-slogan-baby-vest-new-dad-and-fathers-day-gift,Apparel & Accessories > Clothing > Baby & Children's Clothing > Baby & Children's Tops > Bodysuits
jamie-webster-poster-print-unofficial-music-wall-art,"Home & Garden > Decor > Artwork > Posters, Prints, & Visual Artwork > Posters"
luke-littler-poster-print-unofficial-darts-wall-art,"Home & Garden > Decor > Artwork > Posters, Prints, & Visual Artwork > Posters"
personalised-mothers-day-baby-grow-heart-with-banner-design-in-blue-with-babys-name,Apparel & Accessories > Clothing > Baby & Children's Clothing > Baby & Children's Tops > Bodysuits
personalised-first-mothers-day-baby-grow-our-first-mothers-day-heart-design-in-red-with-babys-name,Apparel & Accessories > Clothing > Baby & Children's Clothing > Baby & Children's Tops > Bodysuits
personalised-mothers-day-baby-grow-best-mummy-ever-heart-design-in-pink-with-babys-name,Apparel & Accessories > Clothing > Baby & Children's Clothing > Baby & Children's Tops > Bodysuits
personalised-mothers-day-baby-grow-best-mummy-ever-heart-design-in-blue-with-babys-name,Apparel & Accessories > Clothing > Baby & Children's Clothing > Baby & Children's Tops > Bodysuits
personalised-mothers-day-baby-grow-happy-mothers-day-floral-design-in-pink-with-babys-name,Apparel & Accessories > Clothing > Baby & Children's Clothing > Baby & Children's Tops > Bodysuits
personalised-first-mothers-day-baby-grow-our-1st-mothers-day-flowers-design-in-pink-with-babys-name,Apparel & Accessories > Clothing > Baby & Children's Clothing > Baby & Children's Tops > Bodysuits
personalised-mothers-day-baby-grow-heart-wheel-design-in-black-with-babys-name,Apparel & Accessories > Clothing > Baby & Children's Clothing > Baby & Children's Tops > Bodysuits
personalised-first-mothers-day-baby-grow-our-1st-mothers-day-design-in-black-with-babys-name,Apparel & Accessories > Clothing > Baby & Children's Clothing > Baby & Children's Tops > Bodysuits
my-first-mothers-day-baby-grow-keepsake-baby-vest-first-mothers-day-gift,Apparel & Accessories > Clothing > Baby & Children's Clothing > Baby & Children's Tops > Bodysuits
wrap-up-daddy-didnt-funny-baby-grow-cheeky-slogan-baby-vest-christmas-baby-gift,Apparel & Accessories > Clothing > Baby & Children's Clothing > Baby & Children's Tops > Bodysuits
daddys-favourite-baby-grow-slogan-baby-vest-gift-for-dads-and-fathers-day,Apparel & Accessories > Clothing > Baby & Children's Clothing > Baby & Children's Tops > Bodysuits
personalised-wheelie-bin-sticker-design-1,Home & Garden > Decor > Home Decor Decals
personalised-wheelie-bin-sticker-design-2,Home & Garden > Decor > Home Decor Decals
personalised-wheelie-bin-sticker-design-3,Home & Garden > Decor > Home Decor Decals
personalised-wheelie-bin-sticker-design-4,Home & Garden > Decor > Home Decor Decals
personalised-wheelie-bin-sticker-design-5,Home & Garden > Decor > Home Decor Decals
personalised-wheelie-bin-sticker-design-6,Home & Garden > Decor > Home Decor Decals
personalised-first-mothers-day-baby-grow-our-1st-mothers-day-flowers-design-in-blue-with-babys-name,Apparel & Accessories > Clothing > Baby & Children's Clothing > Baby & Children's Tops > Bodysuits
personalised-mothers-day-baby-grow-happy-mothers-day-floral-design-in-blue-with-babys-name,Apparel & Accessories > Clothing > Baby & Children's Clothing > Baby & Children's Tops > Bodysuits
personalised-mothers-day-baby-grow-happy-mothers-day-floral-design-in-black-with-babys-name,Apparel & Accessories > Clothing > Baby & Children's Clothing > Baby & Children's Tops > Bodysuits
personalised-first-mothers-day-baby-grow-our-1st-mothers-day-flowers-design-in-black-with-babys-name,Apparel & Accessories > Clothing > Baby & Children's Clothing > Baby & Children's Tops > Bodysuits
personalised-first-mothers-day-baby-grow-our-1st-mothers-day-classic-design-in-black-with-babys-name,Apparel & Accessories > Clothing > Baby & Children's Clothing > Baby & Children's Tops > Bodysuits
personalised-first-mothers-day-baby-grow-our-1st-mothers-day-classic-design-in-pink-with-babys-name,Apparel & Accessories > Clothing > Baby & Children's Clothing > Baby & Children's Tops > Bodysuits
personalised-first-mothers-day-baby-grow-our-1st-mothers-day-classic-design-in-blue-with-babys-name,Apparel & Accessories > Clothing > Baby & Children's Clothing > Baby & Children's Tops > Bodysuits
chloe-kelly-poster-print-unofficial-football-wall-art,"Home & Garden > Decor > Artwork > Posters, Prints, & Visual Artwork > Posters"
leah-williamson-poster-print-unofficial-football-wall-art,"Home & Garden > Decor > Artwork > Posters, Prints, & Visual Artwork > Posters"
mammys-favourite-baby-grow-slogan-baby-vest-gift-for-mams-and-mothers-day,Apparel & Accessories > Clothing > Baby & Children's Clothing > Baby & Children's Tops > Bodysuits
personalised-super-star-baby-grow-with-year-star-baby-vest-new-baby-gift,Apparel & Accessories > Clothing > Baby & Children's Clothing > Baby & Children's Tops > Bodysuits
nappy-full-of-sht-funny-baby-grow-rude-slogan-baby-vest-joke-baby-shower-gift,Apparel & Accessories > Clothing > Baby & Children's Clothing > Baby & Children's Tops > Bodysuits
personalised-wheelie-bin-sticker-design-7,Home & Garden > Decor > Home Decor Decals
personalised-wheelie-bin-sticker-design-8,Home & Garden > Decor > Home Decor Decals
personalised-wheelie-bin-sticker-design-9,Home & Garden > Decor > Home Decor Decals
personalised-wheelie-bin-sticker-design-10,Home & Garden > Decor > Home Decor Decals
personalised-wheelie-bin-sticker-design-11,Home & Garden > Decor > Home Decor Decals
personalised-wheelie-bin-sticker-design-12,Home & Garden > Decor > Home Decor Decals
personalised-baby-name-balloon-baby-grow-baby-vest-with-name-and-balloon-design,Apparel & Accessories > Clothing > Baby & Children's Clothing > Baby & Children's Tops > Bodysuits
if-mammy-says-no-funny-baby-grow-cheeky-family-slogan-baby-vest-baby-shower-gift,Apparel & Accessories > Clothing > Baby & Children's Clothing > Baby & Children's Tops > Bodysuits
lucy-bronze-poster-print-unofficial-football-wall-art,"Home & Garden > Decor > Artwork > Posters, Prints, & Visual Artwork > Posters"
personalised-message-baby-grow-add-your-own-words-custom-baby-vest,Apparel & Accessories > Clothing > Baby & Children's Clothing > Baby & Children's Tops > Bodysuits
hannah-hampton-poster-print-unofficial-football-wall-art,"Home & Garden > Decor > Artwork > Posters, Prints, & Visual Artwork > Posters"
personalised-wheelie-bin-sticker-design-13,Home & Garden > Decor > Home Decor Decals
personalised-wheelie-bin-sticker-design-14,Home & Garden > Decor > Home Decor Decals
personalised-wheelie-bin-sticker-design-15,Home & Garden > Decor > Home Decor Decals
personalised-wheelie-bin-sticker-design-16,Home & Garden > Decor > Home Decor Decals
personalised-wheelie-bin-sticker-design-17,Home & Garden > Decor > Home Decor Decals
personalised-wheelie-bin-sticker-design-18,Home & Garden > Decor > Home Decor Decals
custom-text-baby-grow-your-text-here-personalised-baby-vest-any-wording,Apparel & Accessories > Clothing > Baby & Children's Clothing > Baby & Children's Tops > Bodysuits
personalised-daddy-and-baby-first-fathers-day-baby-grow-keepsake-baby-vest-with-name,Apparel & Accessories > Clothing > Baby & Children's Clothing > Baby & Children's Tops > Bodysuits
personalised-happy-fathers-day-baby-grow-with-name-love-from-baby-vest-gift-for-dad,Apparel & Accessories > Clothing > Baby & Children's Clothing > Baby & Children's Tops > Bodysuits
personalised-wheelie-bin-sticker-design-19,Home & Garden > Decor > Home Decor Decals
personalised-wheelie-bin-sticker-design-20,Home & Garden > Decor > Home Decor Decals
personalised-wheelie-bin-sticker-design-21,Home & Garden > Decor > Home Decor Decals
personalised-wheelie-bin-sticker-design-22,Home & Garden > Decor > Home Decor Decals
personalised-wheelie-bin-sticker-design-23,Home & Garden > Decor > Home Decor Decals
personalised-wheelie-bin-sticker-design-24,Home & Garden > Decor > Home Decor Decals
leah-williamson-and-irene-paredes-poster-print-unofficial-football-wall-art,"Home & Garden > Decor > Artwork > Posters, Prints, & Visual Artwork > Posters"
chloe-kelly-and-ella-toone-poster-print-unofficial-football-wall-art,"Home & Garden > Decor > Artwork > Posters, Prints, & Visual Artwork > Posters"
personalised-wheelie-bin-sticker-design-25,Home & Garden > Decor > Home Decor Decals
personalised-wheelie-bin-sticker-design-26,Home & Garden > Decor > Home Decor Decals
personalised-wheelie-bin-sticker-design-27,Home & Garden > Decor > Home Decor Decals
personalised-wheelie-bin-sticker-design-28,Home & Garden > Decor > Home Decor Decals
personalised-wheelie-bin-sticker-design-29,Home & Garden > Decor > Home Decor Decals
personalised-wheelie-bin-sticker-design-30,Home & Garden > Decor > Home Decor Decals
happy-fathers-day-childs-writing-baby-grow-handwritten-style-baby-vest-gift-for-dad,Apparel & Accessories > Clothing > Baby & Children's Clothing > Baby & Children's Tops > Bodysuits
personalised-initial-and-name-baby-grow-monogram-letter-baby-vest-new-baby-gift,Apparel & Accessories > Clothing > Baby & Children's Clothing > Baby & Children's Tops > Bodysuits
personalised-baby-surname-heart-wings-baby-grow-family-name-baby-vest,Apparel & Accessories > Clothing > Baby & Children's Clothing > Baby & Children's Tops > Bodysuits
personalised-baby-surname-heart-baby-grow-family-name-baby-vest-baby-announcement,Apparel & Accessories > Clothing > Baby & Children's Clothing > Baby & Children's Tops > Bodysuits
personalised-baby-surname-footprints-baby-grow-family-name-and-baby-feet-baby-vest,Apparel & Accessories > Clothing > Baby & Children's Clothing > Baby & Children's Tops > Bodysuits
personalised-new-signing-baby-grow-with-surname-football-style-baby-vest-new-baby-gift,Apparel & Accessories > Clothing > Baby & Children's Clothing > Baby & Children's Tops > Bodysuits
my-first-fathers-day-baby-grow-keepsake-baby-vest-first-fathers-day-gift,Apparel & Accessories > Clothing > Baby & Children's Clothing > Baby & Children's Tops > Bodysuits
baby-coming-soon-baby-grow-pregnancy-announcement-baby-vest-baby-reveal-gift,Apparel & Accessories > Clothing > Baby & Children's Clothing > Baby & Children's Tops > Bodysuits
if-mummy-says-no-ask-auntie-baby-grow-funny-auntie-baby-vest-gift-from-auntie,Apparel & Accessories > Clothing > Baby & Children's Clothing > Baby & Children's Tops > Bodysuits
if-daddy-says-no-ask-uncle-baby-grow-funny-uncle-baby-vest-gift-from-uncle,Apparel & Accessories > Clothing > Baby & Children's Clothing > Baby & Children's Tops > Bodysuits
personalised-daddy-and-baby-baby-grow-with-year-keepsake-baby-vest-gift-for-new-dads,Apparel & Accessories > Clothing > Baby & Children's Clothing > Baby & Children's Tops > Bodysuits
and-then-there-were-four-baby-grow-family-of-four-baby-vest-second-baby-gift,Apparel & Accessories > Clothing > Baby & Children's Clothing > Baby & Children's Tops > Bodysuits
my-big-brother-has-paws-baby-grow-dog-lover-baby-vest-new-baby-and-pet-gift,Apparel & Accessories > Clothing > Baby & Children's Clothing > Baby & Children's Tops > Bodysuits
my-big-sister-has-paws-baby-grow-dog-and-cat-lover-baby-vest-new-baby-and-pet-gift,Apparel & Accessories > Clothing > Baby & Children's Clothing > Baby & Children's Tops > Bodysuits
personalised-baby-surname-flower-wheel-baby-grow-floral-family-name-baby-vest,Apparel & Accessories > Clothing > Baby & Children's Clothing > Baby & Children's Tops > Bodysuits
baby-coming-soon-flower-baby-grow-floral-pregnancy-announcement-baby-vest,Apparel & Accessories > Clothing > Baby & Children's Clothing > Baby & Children's Tops > Bodysuits
youre-going-to-be-a-daddy-baby-grow-pregnancy-reveal-baby-vest-for-dad-to-be,Apparel & Accessories > Clothing > Baby & Children's Clothing > Baby & Children's Tops > Bodysuits
personalised-babys-name-valentines-day-baby-grow-valentine-baby-vest-with-name,Apparel & Accessories > Clothing > Baby & Children's Clothing > Baby & Children's Tops > Bodysuits
daddys-little-valentine-baby-grow-valentines-day-baby-vest-gift-for-dad,Apparel & Accessories > Clothing > Baby & Children's Clothing > Baby & Children's Tops > Bodysuits
mummys-little-valentine-baby-grow-valentines-day-baby-vest-gift-for-mum,Apparel & Accessories > Clothing > Baby & Children's Clothing > Baby & Children's Tops > Bodysuits
daddys-little-valentine-baby-grow-style-2-valentines-baby-vest-for-dad,Apparel & Accessories > Clothing > Baby & Children's Clothing > Baby & Children's Tops > Bodysuits
mummys-little-valentine-baby-grow-style-2-valentines-baby-vest-for-mum,Apparel & Accessories > Clothing > Baby & Children's Clothing > Baby & Children's Tops > Bodysuits
i-love-my-daddy-valentines-baby-grow-heart-slogan-baby-vest-valentine-gift-for-dad,Apparel & Accessories > Clothing > Baby & Children's Clothing > Baby & Children's Tops > Bodysuits
i-love-my-mummy-valentines-baby-grow-heart-slogan-baby-vest-valentine-gift-for-mum,Apparel & Accessories > Clothing > Baby & Children's Clothing > Baby & Children's Tops > Bodysuits
i-love-my-auntie-baby-grow-valentines-heart-baby-vest-gift-from-auntie,Apparel & Accessories > Clothing > Baby & Children's Clothing > Baby & Children's Tops > Bodysuits
i-love-my-uncle-baby-grow-valentines-heart-baby-vest-gift-from-uncle,Apparel & Accessories > Clothing > Baby & Children's Clothing > Baby & Children's Tops > Bodysuits
personalised-our-first-valentines-day-family-baby-grow-names-of-mummy-daddy-and-baby,Apparel & Accessories > Clothing > Baby & Children's Clothing > Baby & Children's Tops > Bodysuits
personalised-our-first-valentines-day-baby-grow-daddy-and-baby-names-valentine-keepsake,Apparel & Accessories > Clothing > Baby & Children's Clothing > Baby & Children's Tops > Bodysuits
personalised-my-first-valentine-is-my-daddy-baby-grow-with-names-valentines-baby-vest,Apparel & Accessories > Clothing > Baby & Children's Clothing > Baby & Children's Tops > Bodysuits
my-first-valentine-is-my-daddy-baby-grow-valentines-day-baby-vest-gift-for-dad,Apparel & Accessories > Clothing > Baby & Children's Clothing > Baby & Children's Tops > Bodysuits
my-first-valentine-is-my-mummy-baby-grow-valentines-day-baby-vest-gift-for-mum,Apparel & Accessories > Clothing > Baby & Children's Clothing > Baby & Children's Tops > Bodysuits
personalised-my-first-valentine-is-my-mummy-baby-grow-with-names-valentine-keepsake,Apparel & Accessories > Clothing > Baby & Children's Clothing > Baby & Children's Tops > Bodysuits
personalised-my-first-valentines-day-baby-grow-with-name-and-year-valentine-keepsake,Apparel & Accessories > Clothing > Baby & Children's Clothing > Baby & Children's Tops > Bodysuits
personalised-daddys-little-valentine-baby-grow-with-name-valentines-day-baby-vest,Apparel & Accessories > Clothing > Baby & Children's Clothing > Baby & Children's Tops > Bodysuits
personalised-mummys-little-valentine-baby-grow-with-name-valentines-day-baby-vest,Apparel & Accessories > Clothing > Baby & Children's Clothing > Baby & Children's Tops > Bodysuits
personalised-our-little-valentine-baby-grow-with-name-and-year-valentines-baby-vest,Apparel & Accessories > Clothing > Baby & Children's Clothing > Baby & Children's Tops > Bodysuits
personalised-mummys-little-valentine-baby-grow-with-name-and-year-valentine-keepsake,Apparel & Accessories > Clothing > Baby & Children's Clothing > Baby & Children's Tops > Bodysuits
personalised-daddys-little-valentine-baby-grow-with-name-and-year-valentine-keepsake,Apparel & Accessories > Clothing > Baby & Children's Clothing > Baby & Children's Tops > Bodysuits
personalised-babys-1st-valentines-day-baby-grow-with-name-and-year-valentine-baby-vest,Apparel & Accessories > Clothing > Baby & Children's Clothing > Baby & Children's Tops > Bodysuits
personalised-babys-1st-valentines-day-baby-grow-with-name-and-year-style-2,Apparel & Accessories > Clothing > Baby & Children's Clothing > Baby & Children's Tops > Bodysuits
personalised-my-first-valentines-day-baby-grow-with-year-valentines-day-baby-vest,Apparel & Accessories > Clothing > Baby & Children's Clothing > Baby & Children's Tops > Bodysuits
personalised-my-first-valentines-day-baby-grow-with-name-and-year-style-2,Apparel & Accessories > Clothing > Baby & Children's Clothing > Baby & Children's Tops > Bodysuits
sorry-ladies-daddy-is-my-valentine-baby-grow-funny-valentines-baby-vest,Apparel & Accessories > Clothing > Baby & Children's Clothing > Baby & Children's Tops > Bodysuits
personalised-square-cufflinks,Apparel & Accessories > Clothing Accessories > Cufflinks
personalised-tool-labels-yellow,Office Supplies > General Office Supplies > Labels & Tags
allergen-warning-stickers-yellow,Office Supplies > General Office Supplies > Labels & Tags
personalised-santa-reindeer-christmas-cushion-name,Home & Garden > Decor > Throw Pillows
personalised-wedding-pillow-favour-boxes,Arts & Entertainment > Party & Celebration > Gift Giving > Gift Wrapping > Gift Boxes & Tins
custom-business-logo-stickers,Arts & Entertainment > Hobbies & Creative Arts > Arts & Crafts > Art & Crafting Materials > Embellishments & Trims > Decorative Stickers
custom-bakery-stickers,Arts & Entertainment > Party & Celebration > Gift Giving > Gift Wrapping > Gift Boxes & Tins
thank-you-for-supporting-small-business-stickers,Arts & Entertainment > Hobbies & Creative Arts > Arts & Crafts > Art & Crafting Materials > Embellishments & Trims > Decorative Stickers
custom-honey-jar-labels,Office Supplies > General Office Supplies > Labels & Tags
custom-candle-labels,Office Supplies > General Office Supplies > Labels & Tags
personalised-jam-jar-labels,Office Supplies > General Office Supplies > Labels & Tags
personalised-photo-face-masks,Apparel & Accessories > Costumes & Accessories > Masks
stag-do-face-masks,Apparel & Accessories > Costumes & Accessories > Masks
hen-party-face-masks,Apparel & Accessories > Costumes & Accessories > Masks
coffee-shop-stickers,Luggage & Bags > Tote Bags
personalised-birthday-face-masks,Apparel & Accessories > Costumes & Accessories > Masks
waterproof-cosmetic-labels,Office Supplies > General Office Supplies > Labels & Tags
wedding-photo-booth-face-masks,Apparel & Accessories > Costumes & Accessories > Masks
leaving-do-retirement-face-masks,Apparel & Accessories > Costumes & Accessories > Masks
packaging-stickers-for-small-business,Arts & Entertainment > Party & Celebration > Gift Giving > Gift Wrapping > Gift Bags
office-christmas-party-face-masks,Apparel & Accessories > Costumes & Accessories > Masks
mix-and-match-photo-face-mask-multipack,Apparel & Accessories > Costumes & Accessories > Masks
takeaway-stickers,Arts & Entertainment > Party & Celebration > Gift Giving > Gift Wrapping > Gift Boxes & Tins
custom-bottle-labels,Office Supplies > General Office Supplies > Labels & Tags
florist-stickers,Arts & Entertainment > Hobbies & Creative Arts > Arts & Crafts > Art & Crafting Materials > Embellishments & Trims > Decorative Stickers
dog-treat-labels,Office Supplies > General Office Supplies > Labels & Tags
salon-stickers,Arts & Entertainment > Hobbies & Creative Arts > Arts & Crafts > Art & Crafting Materials > Embellishments & Trims > Decorative Stickers
personalised-wedding-favour-stickers,Arts & Entertainment > Hobbies & Creative Arts > Arts & Crafts > Art & Crafting Materials > Embellishments & Trims > Decorative Stickers
