Handle,Title,Type
perfect-mothers-day-gift-set,Perfect Mothers Day Gift Set,gift set
wedding-gifts,Wedding Gifts,
case-and-cover-3,Case and Cover,OPTIONS_HIDDEN_PRODUCT
full-size-printed-scrubs-pattern-2-4m-x-1m-wide-1-sheet,Full Size Printed Scrubs Pattern 2.4m x 1m wide (1 Sheet),
case-and-cover-4,Case and Cover,OPTIONS_HIDDEN_PRODUCT
daddy-best-fathers-day-gift-ever-personalised-daddy-family-bar-man-cave-bottle-opener,Daddy - Best Fathers Day gift ever. Personalised Daddy Family Bar Man Cave Bottle opener,Fathers Day Gift
copy-of-santa-claus-lost-driving-licence-and-credit-card-christmas-eve-traditional-keepsake-gift,Santa Claus Lost Driving Licence ONLY Christmas Eve Traditional Keepsake Gift,
product-details-more-information-customer-reviews-delivery-returns-related-categories-platinum-jubilee-2022-queens-platinum-jubilee-gold-purple-carnival-cup-on-a-black-marble-base-14-5cm-5-3-4,"QUEEN'S PLATINUM JUBILEE GOLD & PURPLE CARNIVAL CUP ON A BLACK MARBLE BASE 14.5CM (5 3/4"")",
product-details-more-information-customer-reviews-delivery-returns-related-categories-platinum-jubilee-2022-queens-platinum-jubilee-silver-purple-cup-on-a-black-marble-base-14-5cm-5-3-4,"QUEEN'S PLATINUM JUBILEE SILVER & PURPLE CUP ON A BLACK MARBLE BASE 14.5CM (5 3/4"")",
queens-platinum-jubilee-crest-self-standing-glass-12-5cm-5,"QUEEN'S PLATINUM JUBILEE CREST SELF STANDING GLASS 12.5CM (5"")",
queens-platinum-jubilee-2022-silver-round-hip-flask,QUEEN'S PLATINUM JUBILEE 2022 SILVER ROUND HIP FLASK,
queens-platinum-jubilee-2022-silver-hip-flask,QUEEN'S PLATINUM JUBILEE 2022 SILVER HIP FLASK,
queens-platinum-jubilee-2022-silver-spoon,QUEEN'S PLATINUM JUBILEE 2022 SILVER SPOON,
queens-platinum-jubilee-2022-wine-stopper,QUEEN'S PLATINUM JUBILEE 2022 WINE STOPPER,
queens-platinum-jubilee-2022-letter-opener,QUEEN'S PLATINUM JUBILEE 2022 LETTER OPENER,
royal-platinum-jubilee-bottle-opener,Royal Platinum Jubilee Bottle Opener,
royal-platinum-jubilee-purple-bottle-opener,Royal Platinum Jubilee Purple Bottle Opener,
royal-platinum-jubilee-umbrella,Royal Platinum Jubilee Emblazoned Umbrella,
royal-platinum-jubilee-enamel-camping-cup,Royal Platinum Jubilee Enamel Camping Cup,
royal-platinum-jubilee-stainless-steel-flask,Royal Platinum Jubilee Stainless Steel Flask,Shirts & Tops
royal-platinum-jubilee-wallet,Royal Platinum Jubilee Wallet,
royal-platinum-jubilee-zippo-lighter,Royal Platinum Jubilee Zippo Lighter,
the-queens-platinum-jubilee-original-doodleflag-includes-4-crayons,The Queen's Platinum Jubilee Original DoodleFlag® (Includes 4 Crayons),
the-queens-platinum-jubilee-18-foil-balloons-printed-one-side,"The Queen's Platinum Jubilee 18"" Foil Balloons (Printed One Side)",
the-queens-platinum-jubilee-10-sustainable-natural-rubber-balloons-printed-one-side,"The Queen's Platinum Jubilee 10"" Sustainable Natural Rubber Balloons (Printed One Side)",
the-official-arthur-brown-full-logo-full-zip-hoodi,THE OFFICIAL ARTHUR BROWN FULL LOGO FULL ZIP HOODI,
premium-heavy-duty-personalised-door-mat-any-image-text-and-personalisation-fully-custom-45cm-x-75cm-extra-large-welcome-mat-home,Premium Heavy Duty Personalised Door Mat  - Any Image Text And Personalisation - Fully Custom - 45cm x 75cm Extra Large - Welcome Mat Home,
request-a-skin,Request a Perfect Draft Vinyl Skin,
leicester-champions-2024-football-scarf,Leicester Champions 2024 Football Scarf,
vardys-barmy-army-leicester-champions-2024-football-scarf,Vardy's Barmy Army - Leicester Champions 2024 Football Scarf,
add-your-initials,Add your initials,
personalised-wooden-bottle-opener,Personalised Wooden Bottle Opener – Wall-Mounted or Handheld – Name & Message Father's Day Gift,Wooden Gifts & Keepsakes
price-stickers-for-craft-fairs,Price Stickers for Craft Fairs – Custom Market Stall Price Labels with Your Logo,Custom Stickers
fragile-handle-with-care-stickers,Fragile Stickers – Custom Handle With Care Parcel Labels with Your Logo,Custom Stickers
farm-shop-labels,Farm Shop Labels – Custom Egg Box Stickers & Produce Labels with Your Logo,Custom Stickers
clothing-brand-stickers,"Clothing Brand Stickers – Custom Swing Tag, Packaging & Logo Stickers for Apparel",Custom Stickers
soap-labels,Soap Labels – Waterproof Custom Bath Bomb & Handmade Soap Stickers with Your Logo,Custom Stickers
flip-flops,Flip Flops,Accessories
sublimation-t-shirt,Sublimation T Shirt,Apparel
sublimation-vest,Sublimation Vest,Apparel
sublimation-t-shirt-1,Sublimation T Shirt,Apparel
tablet-case,Tablet Case,Phone & Tablet Cases
sublimation-t-shirt-2,Sublimation T Shirt,Apparel
fine-jersey-tank-top,Fine Jersey Tank Top,Apparel
softstyle-tank-top,Softstyle Tank Top,Apparel
unisex-fine-jersey-t-shirt,Unisex Fine Jersey T Shirt,Apparel
womens-fine-jersey-t-shirt,Women's Fine Jersey T Shirt,Apparel
softstyle-ringspun-t-shirt,Softstyle Ringspun T Shirt,Apparel
select-size,Select Size,OPTIONS_HIDDEN_PRODUCT
upgrade-to,UPGRADE TO,OPTIONS_HIDDEN_PRODUCT
qty,QTY,OPTIONS_HIDDEN_PRODUCT
s-s-or-d-s,S/S Or D/S,OPTIONS_HIDDEN_PRODUCT
prices,Prices,OPTIONS_HIDDEN_PRODUCT
case-cover-or-both,Case + Cover Or Both,OPTIONS_HIDDEN_PRODUCT
case-and-cover,Case And Cover,OPTIONS_HIDDEN_PRODUCT
case-and-cover-1,Case And Cover,OPTIONS_HIDDEN_PRODUCT
case-and-cover-2,Case And Cover,OPTIONS_HIDDEN_PRODUCT
qty-1,QTY,OPTIONS_HIDDEN_PRODUCT
qty-2,QTY,OPTIONS_HIDDEN_PRODUCT
bold-test,Bold Test,OPTIONS_HIDDEN_PRODUCT
foxyprinting-amazon-ebay-upload,FOXYPRINTING AMAZON EBAY UPLOAD,
personalised-wanking-sock-any-name-funny-rude-xmas-gift,Personalised Wanking Sock – Funny Rude Gift,"Wanking Sock, Wank Sock"
