Handle,Family,Product title (unchanged),Old SEO title,New SEO title,Old SEO description,New SEO description,Title written?,Description written?
do-i-look-like-i-give-a-damn-adult-mug,mug,Do I Look Like I Give A Damn - Adult Mug,Do I Look Like I Give A Damn - Adult | Printed Mug Gift UK,Do I Look Like I Give A Damn - Adult | Printed Mug Gift UK,"Shop Do I Look Like I Give A Damn - Adult Mug from Foxy Printing. Professionally printed in the UK for birthdays, parties, celebrations and thoughtful gifts.",Do I Look Like I Give A Damn - Adult | Printed Mug Gift UK: a mug that brightens every brew. Dishwasher and microwave safe. Order yours today.,kept,yes
ballz-3d-retro-gaming-keyring,keyring,Ballz 3D Game Inspired Retro Gaming Keyring,,Ballz 3D Retro SNES Keyring | Foxy Printing,,A nostalgic retro gaming keyring for retro gaming fans. Printed in-house in North Yorkshire in full colour. A great gift idea. Add it to your basket today.,yes,yes
trevor-francis-2-2-signed-autographed-footballers-star-print,signed,Signed Footballer Posters Trevor Francis 2 2 Signed Autographed Footballers Star Poster Print Framed Merch Gift,,Trevor Francis Printed Signature Print Design 7,,"Trevor Francis Printed Signature Print: a lovely gift for a true fan. The signature is printed as part of the design, not added by hand. Treat them today.",yes,yes
i-might-look-like-i-m-listening-but-i-m-mainly-thinking-about-archery-hobby-coaster,coaster,"""I Might Look Like I'm Listening, But I'm Mainly Thinking About ARCHERY"" Hobby Coaster",,Archery Coaster – I Might Look Like I'm Listening,Express your passion and sense of humor with this fun and stylish hobby coaster!,"Archery Coaster I Might Look Like I'm Listening: a fun little gift for the home or office. Printed in-house in North Yorkshire, UK. Order yours today.",yes,yes
leona-lewis-2-signed-autographed-music-star-print,signed,Signed Music Posters Leona Lewis 2 - Signed Autographed Music Star Print,,Leona Lewis Music Printed Signature Print Design 2,,Leona Lewis Printed Signature Print: a lovely gift for a true fan. Printed in North Yorkshire. A great gift idea. Add it to your basket today.,yes,yes
have-a-whale-of-a-time-personalised-birthday-card,card,Have A Whale Of A Time Funny Kids Adult Personalised Birthday Card Gift Present,,Personalised Have a Whale of a Time Funny Birthday Card,,Personalised Have a Whale of a Time Funny Birthday Card: a lovely way to mark the occasion. Dispatched the same or next working day. Order yours today.,yes,yes
personalised-cartoon-inspired-super-hero-captain-usa-girl-natalie-xl-childrens-christmas-santa-sack-customise-present,christmas,PERSONALISED Cartoon Inspired Super Hero Captain USA Girl NATALIE - XL Children's Christmas Santa Sack CUSTOMISE Present,,Personalised Captain USA Girl Natalie Santa Sack,Looking for the perfect Christmas tradition to add a personal touch? Discover the beauty and charm of personalised stockings and Santa sacks from FoxyPrinting. Choose from a range of options and make this festive season truly magical.,Brighten someone's day with this personalised Santa sack. Personalise it with any name. Custom designs on request. Get it ordered for Christmas.,yes,yes
elizabeth-banks-spider-man-celebrity-party-face-mask,mask,Elizabeth Banks Spider-Man Celebrity Party Face Mask,,Elizabeth Banks Face Mask | Foxy Printing,,Elizabeth Banks Face Mask: guaranteed laughs at any party. 350gsm card with eye holes and elastic. Made in North Yorkshire. Treat them today.,yes,yes
tim-bresnan-2-cricket-signed-by-autographed-poster-print,signed,TIM BRESNAN 2 Limited Edition Cricketer Signed Print - Cricket Player,,Tim Bresnan Cricket Printed Signature Print Design 2,,Tim Bresnan Printed Signature Print: a lovely gift for a true fan. Printed to order in our North Yorkshire workshop. Order now and make their day.,yes,yes
thank-you-for-practicing-social-distancing-sticker-sd112-social-distancing-floor-stickers,sticker,Thank You For Practicing Social Distancing Sticker Sd112 Social Distancing Floor Stickers,,Thank You for Practicing Social Distancing Sticker Sd112,,"Thank You for Practicing Social Distancing Sticker Sd112: printed to order for your home, car or business. Made to order in North Yorkshire. Order today.",yes,yes
skeleton-krew-sega-megadrive-retro-gaming-magnet,magnet,Skeleton Krew Game Style Inspired Sega Megadrive Retro Video Gaming Magnet,,Skeleton Krew Video Retro Mega Drive Fridge Magnet,,This retro gaming fridge magnet is a fun gift for any retro gamer. Made to order in our North Yorkshire workshop. Add it to your basket today.,yes,yes
copy-of-freddie-prinze-jr-and-sarah-michelle-gellar-celebrity-couple-party-face-mask-pack-1,mask,Harrison Ford and Calista Flockhart Celebrity Couple Party Face Mask Pack,,Harrison Ford and Calista Flockhart Celebrity Face Mask,,Harrison Ford and Calista Flockhart Celebrity Face Mask: guaranteed laughs at any party. 350gsm card with eye holes and elastic. Order yours today.,yes,yes
nes-ultima-4-retail-nes-boxes-case-or-cover,case,NES Ultima 4 Retail Game Cover To Fit A UGC Style Replacement Game Case,,Ultima 4 NES Replacement Case | Foxy Printing,,This replacement game case is a neat way to rehouse a loose cartridge or disc. No game included. Printed in North Yorkshire. Order now and make their day.,yes,yes
cristiano-ronaldo-signed-poster-print-real-madrid-cf-la-liga-legend-wall-art-with-signature-jersey-number-portugal-forward-memorabilia-for-fans-collectors,signed,Cristiano Ronaldo Signed Poster Print – Real Madrid CF La Liga Legend Wall Art with Signature & Jersey Number,,Cristiano Ronaldo Printed Signature Print Design 16,,Cristiano Ronaldo Printed Signature Print: a striking piece for a fan's wall. The signature is printed in the design. Add it to your basket today.,yes,yes
lesean-mccoy-2-american-footballer-signed-by-autographed-poster-print,signed,LeSean McCoy 2 Limited Edition Football Signed Print - American Footballer,,LeSean McCoy NFL Printed Signature Print Design 2,,"LeSean McCoy Printed Signature Print: a lovely gift for a true fan. The signature is printed as part of the design, not added by hand. Treat them today.",yes,yes
phil-wang-face-mask-fancy-dress-cardboard-costume-mask,mask,Phil Wang Face Mask Fancy Dress Cardboard Costume Mask,,Phil Wang Face Mask | Foxy Printing,,"Phil Wang Face Mask: perfect for stag dos, hen parties and fancy dress. Posted in a board-backed envelope so it arrives flat. Add it to your basket today.",yes,yes
jurrasic-park-2-retro-gaming-magnet,magnet,Jurassic Park 2 - SNES Inspired Game Retro Gaming Magnet,,Jurassic Park 2 Retro SNES Fridge Magnet | Foxy Printing,,A nostalgic retro gaming fridge magnet for gamers of all ages. Printed in-house in North Yorkshire in full colour. Add it to your basket today.,yes,yes
ferdinand-2017-animation-movie-birthday-card-sa,card,Ferdinand 2017 Animation Theme Style Personalised Kids Inspired Movie Birthday Card (SA),,Personalised Ferdinand 2017 Animation Birthday Card,,"Make their day with this personalised birthday card. Add a name, age and a message inside before you order. Folded to A5 on 350gsm card. Order today.",yes,yes
flipull-retro-gaming-case,case,Flipull REPLACEMENT Retro Gaming Case,,Flipull Game Boy Replacement Case | Foxy Printing,,Tidy up your collection with this replacement game case. Made to order in our North Yorkshire workshop; no game included. Add it to your basket today.,yes,yes
carl-grimes-2-signed-autographed-movie-star-print,signed,Signed Movie Star Posters Carl Grimes 2 Signed Autographed Movie Star Poster Print Framed Merch Gift,,Carl Grimes Movie Printed Signature Print Design 2,,"Carl Grimes Printed Signature Print: a great gift for any fan. The signature is printed as part of the design, not added by hand. Order yours today.",yes,yes
genesis-shinobi-3-return-of-the-ninja-master-eu-sega-megadrive-case-or-cover,case,Genesis Shinobi 3 Return Of The Ninja Master EU Sega Megadrive REPLACEMENT GAME Case Or Cover,,Shinobi 3 Return of the Ninja Mega Drive Replacement Case,,Tidy up your collection with this replacement game case. Printed in-house in North Yorkshire. No game included. Add it to your basket today.,yes,yes
dr-chaos-retro-nes-gaming-keyring,keyring,Double Dribble Retro NES Game Cover Art Gaming Keyring,,Double Dribble Retro NES Keyring | Foxy Printing,,Carry a classic with you on this retro gaming keyring. Printed in-house in North Yorkshire in full colour. A great gift idea. Order now and make their day.,yes,yes
gwen-stefani-personalised-birthday-card,card,Gwen Stefani Personalised Music Style Kids Adult FUNNY Birthday Card,,Personalised Gwen Stefani Music Style Funny Birthday Card,,"Our personalised birthday card is made to make someone feel special. Personalise it with a name, age and message. Folded to A5 on 350gsm card. Order today.",yes,yes
lisa-snowdon-jb-model-fancy-dress-cardboard-celebrity-party-stag-birthday-idea-fancy-dress-face-mask,mask,LISA SNOWDON JB - Model Fancy Dress Cardboard Celebrity Party Face Mask,,Lisa Snowdon Face Mask Jb | Foxy Printing,,Lisa Snowdon Face Mask: a crowd-pleaser for fancy dress and nights out. 350gsm card with eye holes and elastic. Add it to your basket today.,yes,yes
gordon-west-signed-autographed-footballers-star-print,signed,Signed Footballer Posters Gordon West Signed Autographed Footballers Star Poster Print Framed Merch Gift,,Gordon West Football Printed Signature Print Design 3,,Gordon West Printed Signature Print: a lovely gift for a true fan. Printed to order in our North Yorkshire workshop. Add it to your basket today.,yes,yes
ehrgeizgodblessthering-4-ps1-playstation-1-game-keyring,magnet,Ehrgeiz Godbless The Ring 4 - PS1 Playstation 1 Game Inspired Retro Gaming Magnet,,Ehrgeiz Godbless the Ring 4 Retro PS1 Fridge Magnet,,Add some retro fun to the fridge with this retro gaming fridge magnet. Made to order in our North Yorkshire workshop. Add it to your basket today.,yes,yes
danny-wallace-signed-autographed-footballers-star-print,signed,Signed Footballer Posters Danny Wallace Signed Autographed Footballers Star Poster Print Framed Merch Gift,,Danny Wallace Printed Signature Print Design 3,,Danny Wallace Printed Signature Print: a lovely gift for a true fan. The signature is printed in the design. Made in North Yorkshire. Order yours today.,yes,yes
rush-n-attack-retro-nes-gaming-keyring,keyring,Romanceofthethreekingdoms2 Retro NES Game Cover Art Gaming Keyring,,Romanceofthethreekingdoms2 Retro NES Keyring | Foxy Printing,,Carry a classic with you on this retro gaming keyring. Printed in-house in North Yorkshire in full colour. A great gift idea. Treat them today.,yes,yes
genesis-pacman-2-the-new-adventures-sega-megadrive-case-or-cover,case,Genesis Pacman 2 The New Adventures Sega Megadrive REPLACEMENT GAME Case Or Cover,,Pacman 2 the New Adventures Mega Drive Replacement Case,,Tidy up your collection with this replacement game case. It's a printed case or cover only; no game is included. Order now and make their day.,yes,yes
bombermanquest-retro-gaming-magnet,magnet,Bomberman Quest Retro Gaming Magnet,,Bomberman Quest Retro Game Boy Color Fridge Magnet,,Bring back the classics with this retro gaming fridge magnet. Printed in-house in North Yorkshire in full colour. Add it to your basket today.,yes,yes
customrobo-nintendo-gamecube-game-keyring,keyring,Custom Robo Gamecube Game Inspired Retro Gaming Keyring,,Custom Robo Retro GameCube Keyring | Foxy Printing,,Keep your keys retro with this retro gaming keyring. Personalise it with your own name or text. Printed in North Yorkshire. Add it to your basket today.,yes,yes
martina-hingis-m605-tennis-player-autographed-poster-print-photo-signature-gift,signed,Signed Tennis Player Prints Martina Hingis M605 Tennis Player Autographed Poster Print Photo Signature Gift,,Martina Hingis Tennis Printed Signature Print,,Martina Hingis Tennis Printed Signature Print: a lovely gift for a true fan. A printed reproduction: the signature is part of the print. Order yours today.,yes,yes
me-and-daddy-love-milwall-personalised-football-team-baby-grow,babygrow,Me and Daddy Love milwall Personalised FOOTBALL TEAM Baby Grow,,Me and Daddy Love Milwall Personalised Football Baby Grow,,Me and Daddy Love Milwall Personalised Football Baby Grow: a sweet gift for a new arrival. 100% cotton with nickel-free poppers. Order today.,yes,yes
foxyprinting-dog-mugs-13w,mug,This guy loves his Shiba Inu Mug - Dog Lover Mug,,This Guy Loves His Shiba Inu – Dog Lover Mug Design 2,,This Guy Loves His Shiba Inu Dog Lover Mug Design 2: a cheerful gift for home or the office. Dishwasher and microwave safe. Add it to your basket today.,yes,yes
kelvin-benjamin-2-american-footballer-signed-by-autographed-poster-print,signed,Kelvin Benjamin 2 Limited Edition Football Signed Print - American Footballer,,Kelvin Benjamin NFL Printed Signature Print Design 2,,Kelvin Benjamin Printed Signature Print: a striking piece for a fan's wall. Printed in North Yorkshire. A great gift idea. Order yours today.,yes,yes
bella-ramsey-the-last-of-us-celebrity-face-mask-fancy-dress-cardboard-costume-mask,mask,Bella Ramsey - The Last Of Us Celebrity Face Mask Fancy Dress Cardboard Costume Mask,,Bella Ramsey Face Mask | Foxy Printing,,Fancy dress made easy: a Bella Ramsey face mask on thick card with eye holes and elastic. Perfect for a series finale watch party and photo booths.,yes,yes
francesco-molinari-golfer-face-mask,mask,Francesco Molinari GOLF 2018 Celebrity Face Mask Fancy Dress Cardboard Costume Mask,,Francesco Molinari Face Mask | Foxy Printing,,"Get the party started with a Francesco Molinari face mask. Full-colour print on 350gsm card, cut to shape with elastic. Great for a golf day fancy.",yes,yes
his-or-hers-valentines-day-card-ke130-valentines-day-card,card,PERSONALISED HIS OR HERS Boyfriend Girlfriend Hubby Wife Lover Style KE130 Valentines Day Card,,Personalised His or Hers Boyfriend Card Design 57,,Personalised His or Hers Boyfriend Card Design 57: made to make their day. Sent 1st Class in a board-backed envelope so it arrives flat. Order yours today.,yes,yes
this-guy-is-taken,mug,This Guy Is Taken Personalised ADULT OFFICE MUG,,This Guy Is Taken Personalised Mug | Foxy Printing,,This Guy Is Taken Personalised Mug: a cheerful gift for home or the office. Add any name to make it unique. Dishwasher and microwave safe. Order today.,yes,yes
laura-prepon-orange-is-the-new-black-celebrity-face-mask-fancy-dress-cardboard-costume-mask,mask,Laura Prepon Orange Is The New Black Celebrity Face Mask Fancy Dress Cardboard Costume Mask,,Laura Prepon Orange Is the New Black Face Mask,,Laura Prepon Orange Is the New Black Face Mask: guaranteed laughs at any party. Posted in a board-backed envelope so it arrives flat. Order today.,yes,yes
suikodenii-3-1-retro-gaming-magnet,magnet,Suikodenii 3 - PS1 Playstation 1 Game Inspired Retro Gaming Magnet 1,,Suikodenii 3 Retro PS1 Fridge Magnet | Foxy Printing,,A nostalgic retro gaming fridge magnet for gamers of all ages. Printed in-house in North Yorkshire in full colour. Order now and make their day.,yes,yes
kell-brook-2-remake-boxing-signed-by-autographed-poster-print,signed,KELL BROOK 2 remake Limited Edition Boxer Signed Print - Boxing,,Kell Brook Remake Printed Signature Print | Foxy Printing,,Kell Brook Remake Printed Signature Print: a lovely gift for a true fan. The signature is printed in the design. Order now and make their day.,yes,yes
gerald-printed-mug,mug,Personalised Your CUSTOM Name Gerald Printed Mug,,Personalised Gerald Mug | Foxy Printing,,Personalised Gerald Mug: a cheerful gift for home or the office. Add any name to make it unique. Dishwasher and microwave safe. Treat them today.,yes,yes
holden2-printed-mug,mug,Holden 2 Personalised Printed Mug,,Holden 2 Personalised Mug | Foxy Printing,,Holden 2 Personalised Mug: a smile with every cuppa. Personalise it with a name before you order. Dishwasher and microwave safe. Order yours today.,yes,yes
phil-de-glanville-2-rugby-signed-by-autographed-poster-print,signed,Phil De Glanville 2 Limited Edition Rugby Player Signed Print - Rugby,,Phil De Glanville Printed Signature Print Design 2,,Phil De Glanville Printed Signature Print: a great gift for any fan. A printed reproduction: the signature is part of the print. Order today.,yes,yes
james-garner-2-signed-autographed-footballers-star-print,signed,Signed Footballer Posters James Garner 2 Signed Autographed Footballers Star Poster Print Framed Merch Gift,,James Garner Printed Signature Print Design 4,,"James Garner Printed Signature Print: a lovely gift for a true fan. The signature is printed as part of the design, not added by hand. Order today.",yes,yes
sorry-youre-leaving-just-kidding-fuck-off-personalised-birthday-card,card,"Sorry You're Leaving... Just Kidding, Fuck Off INSPIRED Adult Personalised Birthday Card Birthday Card",,Personalised Sorry You're ... Just Kidding Leaving Card,,A naughty-but-nice personalised Leaving card for adults with a sense of humour. Dispatched the same or next working day. Add it to your basket today.,yes,yes
all-women-are-created-equal-leo-funny,mug,All Women Are Created Equal Leo FUNNY,,All Women Are Created Equal Leo Funny Mug | Foxy Printing,,All Women Are Created Equal Leo Funny Mug: a mug that brightens every brew. Dishwasher and microwave safe. A great gift idea. Add it to your basket today.,yes,yes
alex-oxlade-chamberlain-mc1553-autographed-football-poster,signed,Alex Oxlade-Chamberlain MC1553  Autographed Football Poster,,Alex Oxlade-Chamberlain Football Printed Signature Poster,,Alex Oxlade-Chamberlain Printed Signature Print: a striking piece for a fan's wall. The signature is printed in the design. Add it to your basket today.,yes,yes
ram-worthington-hunters-prayer-2017-movie-birthday-card-sa,card,Ram Worthington Hunters Prayer 2017 Theme Style Personalised Kids Inspired Movie Birthday Card (SA),,Personalised Ram Worthington Hunters Prayer Birthday Card,,This personalised birthday card is a lovely way to mark their big day. Sent 1st Class in a board-backed envelope so it arrives flat. Order today.,yes,yes
javier-hernandez-celebrity-face-mask,mask,Javier Hernandez Celebrity Face Mask Fancy Dress Cardboard Costume Mask,,Javier Hernandez Face Mask Design 2 | Foxy Printing,,Fancy dress made easy: a Javier Hernandez face mask on thick card with eye holes and elastic. Perfect for a big match watch party and photo booths.,yes,yes
personalized-first-world-cup-france-baby-grow-custom-name-football-baby-bodysuit-come-on-france-rooster-design-france-football-supporter-baby-romper-world-cup-baby-gift-for-boys-girls-1,babygrow,Personalized First World Cup France Baby Grow – Custom Name Football Baby Bodysuit – Come On France Rooster Design,,Personalised First World Cup France Baby Grow Come,,Personalised First World Cup France Baby Grow Come: a sweet gift for a new arrival. Add a name to make it their own. Wash and iron inside out. Order today.,yes,yes
ed-sheeran-jb-music-star-fancy-dress-cardboard-celebrity-party-stag-birthday-idea-fancy-dress-face-mask,mask,ED SHEERAN JB - Music Star Fancy Dress Cardboard Celebrity Party Face Mask,,Ed Sheeran Face Mask | Foxy Printing,,"Ed Sheeran Face Mask: a crowd-pleaser for fancy dress and nights out. Printed on 350gsm silk card, cut to shape with eye holes and elastic. Order today.",yes,yes
copy-of-eyal-booker-love-island-mask-celebrity-cardboard-face-mask,mask,Faye Winter Love Island Mask Celebrity Cardboard Face Mask,,Faye Winter Face Mask | Foxy Printing,,Faye Winter card face mask for a finale watch party. Printed on 350gsm silk card cut to shape with eye holes and elastic. Order yours today.,yes,yes
i-love-carla-gallo,mug,I Love Carla Gallo Mug - I Love Celebrity Mug - Novelty Gift Printed Tea Coffee Ceramic Mug,,I Love Carla Gallo – I Love Celebrity Mug | Foxy Printing,,"I Love Carla Gallo I Love Celebrity Mug: a cheerful gift for home or the office. Sublimation printed, so the design is part of the glaze. Order today.",yes,yes
personalised-fix-it-felix-jr-cartoon-birthday-card-sa,card,Personalised Fix It Felix Jr Style Inspired Cartoon Birthday Card (SA),,Personalised Fix It Felix Jr Style Cartoon Birthday Card,,"This personalised birthday card is a lovely way to mark their big day. Posted Royal Mail 1st Class, dispatched the same or next working day. Order today.",yes,yes
worlds-best-slot-key-person,mug,Worlds Best Slot Key Person Mug - Novelty Funny Mug,,World's No.1 Slot Key Person Mug | Foxy Printing,,"World's No.1 Slot Key Person Mug: a fun gift for any tea or coffee lover. Sublimation printed, so the design is part of the glaze. Order yours today.",yes,yes
puppy-in-field-personalised-birthday-card,card,Puppy In Field Funny Kids Adult Personalised Birthday Card Gift Present,,Personalised Puppy in Field Funny Gift Present Birthday Card,,Personalised Puppy in Field Funny Gift Present Birthday Card: a card they'll want to keep. Folded to A5 on 350gsm card. Add it to your basket today.,yes,yes
me-and-my-aunty-love-grimsby-town-personalised-football-team-baby-grow,babygrow,Me and My Aunty Love GRIMSBY TOWN Personalised FOOTBALL TEAM Baby Grow,,Me and My Aunty Love Grimsby Town Personalised Baby Grow,,Dress the little one in this baby grow. Personalise it with the baby's name. Soft 100% cotton with short sleeves and nickel-free poppers. Treat them today.,yes,yes
colby-covington-2-mma-wrestling-signed-by-autographed-poster-print,signed,COLBY COVINGTON 2 Limited Edition MMA Wrestler Signed Print - MMA Wrestling,,Colby Covington MMA Wrestler UFC Signature Print Design 2,,Colby Covington MMA Wrestler Printed Signature Print: a great gift for any fan. Printed to order in our North Yorkshire workshop. Treat them today.,yes,yes
foxyprinting-dog-mugs-114b,mug,This girl loves her Karakachan Mug - Dog Lover Mug,,This Girl Loves Her Karakachan – Dog Lover Mug Design 5,,"This Girl Loves Her Karakachan Dog Lover Mug Design 5: a smile with every cuppa. Sublimation printed, so the design is part of the glaze. Order today.",yes,yes
copy-of-naughty-nurses-white-custom-hen-t-shirt-any-name-party-tee,clothing,OMG Black Custom Hen T-Shirt - Any Name - Party Tee,,OMG Black Custom Hen T-Shirt – Any Name | Foxy Printing,,"OMG Black Custom Hen T-Shirt Any Name: a fun top for parties, gifts and days out. Add the name or text you'd like. Custom designs on request. Order today.",yes,yes
juan-manuel-fangio-motorsport-gift-framed-autographed-print-landscape,signed,Signed Motor Racer Prints Juan Manuel Fangio Motorsport Gift Framed Autographed Star Poster Print Merch Gift,,Juan Manuel Fangio Motorsport Printed Signature Print,,Juan Manuel Fangio Motorsport Printed Signature Print: a lovely gift for a true fan. Printed to order in our North Yorkshire workshop. Order today.,yes,yes
ryan-glasgow-2-american-footballer-signed-by-autographed-poster-print,signed,Ryan Glasgow 2 Limited Edition Football Signed Print - American Footballer,,Ryan Glasgow NFL Printed Signature Print Design 2,,Ryan Glasgow Printed Signature Print: a striking piece for a fan's wall. Printed in North Yorkshire. A great gift idea. Add it to your basket today.,yes,yes
i-love-breeding-i-love-mug,mug,I LOVE Breeding I Love Mug Personalised ADULT OFFICE MUG,,I Love Breeding Personalised Mug | Foxy Printing,,I Love Breeding Personalised Mug: a fun gift for any tea or coffee lover. Add any name to make it unique. Dishwasher and microwave safe. Order yours today.,yes,yes
michael-essien-2-signed-autographed-footballers-star-print,signed,Signed Footballer Posters Michael Essien 2 Signed Autographed Footballers Star Poster Print Framed Merch Gift,,Michael Essien Printed Signature Print Design 4,,Michael Essien Printed Signature Print: a great gift for any fan. The signature is printed in the design. Made in North Yorkshire. Order today.,yes,yes
super-mario-rpg-retro-gaming-keyring,keyring,Super Mario RPG Game Inspired Retro Gaming Keyring,,Super Mario RPG Retro SNES Keyring | Foxy Printing,,Keep your keys retro with this retro gaming keyring. Printed in-house in North Yorkshire in full colour. A great gift idea. Treat them today.,yes,yes
personalised-katty-perry-2-celebrity-birthday-card-sa,card,Personalised Katy Perry 2 Celebrity Inspired Style Birthday Card (SA),,Personalised Katy Perry Birthday Card 2 | Foxy Printing,,"Make their day with this personalised birthday card. Add their name, age and your own message inside. Posted 1st Class with a free envelope. Order today.",yes,yes
the-future-mrs-mug-403,mug,BLACK MUG - The Future Mrs VIGGO MORTENSEN mug - Celebrity Mug,,The Future Mrs Viggo Mortensen Black Mug | Foxy Printing,,The Future Mrs Viggo Mortensen Black Mug: a smile with every cuppa. Dishwasher and microwave safe. A great gift idea. Order now and make their day.,yes,yes
kiernan-dewsbury-hall-printed-autograph-poster-england-everton-football-star-wall-art-soccer-player-memorabilia-poster-print,signed,Kiernan Dewsbury-Hall Printed Autograph Poster – England & Everton Football Star Wall Art – Soccer Player Memorabilia Poster Print,,Kiernan Dewsbury-Hall Athletics Printed Signature Print,,Kiernan Dewsbury-Hall Printed Signature Print: a striking piece for a fan's wall. Printed to order in our North Yorkshire workshop. Order yours today.,yes,yes
worlds-best-verbatim-reporter,mug,Worlds Best Verbatim Reporter Mug - Novelty Funny Mug,,World's No.1 Verbatim Reporter Mug | Foxy Printing,,World's No.1 Verbatim Reporter Mug: a smile with every cuppa. An 11oz white ceramic mug that's dishwasher and microwave safe. Treat them today.,yes,yes
victor-valdes-football-player-signed-by-autographed-poster-print,signed,VICTOR VALDES Limited Edition Football Player Signed Print - Football,,Victor Valdes Printed Signature Print | Foxy Printing,,"Victor Valdes Printed Signature Print: a striking piece for a fan's wall. The signature is printed as part of the design, not added by hand. Order today.",yes,yes
the-future-mrs-mug-335,mug,BLACK MUG - The Future Mrs MARK WRIGHT TOWIE mug - Celebrity Mug,,The Future Mrs Mark Wright Towie Black Mug | Foxy Printing,,"Start the day with a smile thanks to this printed mug. 11oz ceramic, dishwasher safe. Made in North Yorkshire. Order now and make their day.",yes,yes
angus-fraser-signed-autographed-cricket-star-print,signed,Signed Cricket Posters Angus Fraser Signed Autographed Cricket Star Poster Print Framed Merch Gift,,Angus Fraser Cricket Printed Signature Print Design 3,,Angus Fraser Printed Signature Print: a striking piece for a fan's wall. The signature is printed in the design. Add it to your basket today.,yes,yes
fifa-96-retro-gaming-magnet,magnet,Fifa 96 - SNES Inspired Game Retro Gaming Magnet,,Fifa 96 Retro SNES Fridge Magnet | Foxy Printing,,A nostalgic retro gaming fridge magnet for gamers of all ages. Made to order in our North Yorkshire workshop. A great gift idea. Order yours today.,yes,yes
bases-loaded-retro-nes-gaming-keyring,keyring,Bases Loaded Ii Second Season Retro NES Game Cover Art Gaming Keyring,,Bases Loaded Ii Second Season Retro NES Keyring,,A nostalgic retro gaming keyring for retro gaming fans. Made to order in our North Yorkshire workshop. A great gift idea. Order now and make their day.,yes,yes
queens-are-born-in-novemeber-queen-mugs,mug,Queens Are Born In Novemeber Queen Mug Adult Mug Office Mug,,Queens Are Born in Novemeber Queen Mug | Foxy Printing,,"Queens Are Born in Novemeber Queen Mug: a fun gift for any tea or coffee lover. Sublimation printed, so the design is part of the glaze. Treat them today.",yes,yes
swansea-born-to-play-football-fan-baby-grow-bodysuit,babygrow,Swansea Born to Play Football Fan Baby Grow Bodysuit,,Swansea Born to Play Football Fan Baby Grow | Foxy Printing,,A cute baby grow for proud families. Personalise it with the baby's name. Wash and iron inside out. Made in North Yorkshire. Add it to your basket today.,yes,yes
worlds-best-charities-administrator,mug,Worlds Best Charities Administrator Mug - Novelty Funny Mug,,World's No.1 Charities Administrator Mug | Foxy Printing,,World's No.1 Charities Administrator Mug: a smile with every cuppa. An 11oz white ceramic mug that's dishwasher and microwave safe. Treat them today.,yes,yes
peter-odemwingie-2-football-player-signed-by-autographed-poster-print,signed,PETER ODEMWINGIE 2 Limited Edition Football Player Signed Print - Football,,Peter Odemwingie Printed Signature Print Design 2,,Peter Odemwingie Printed Signature Print: a striking piece for a fan's wall. A printed reproduction: the signature is part of the print. Treat them today.,yes,yes
personalised-stoffel-vandoorne-birthday-card-2,card,Personalised Stoffel Vandoorne F1 THEME INSPIRED PERSONALISED Kids Adult Birthday Card 2,,Personalised Stoffel Vandoorne F1 Birthday Card 2,,This personalised birthday card is a lovely way to mark their big day. It's printed on 350gsm silk art board and comes with a white envelope. Order today.,yes,yes
incantation-retro-gaming-keyring,keyring,Incantation Game Inspired Retro Gaming Keyring,,Incantation Retro SNES Keyring | Foxy Printing,,This retro gaming keyring is a fun little gift for any gamer. Printed in-house in North Yorkshire in full colour. Add it to your basket today.,yes,yes
personalised-cartoon-inspired-super-hero-green-monster-girl-sophia-xl-childrens-christmas-santa-sack-customise-present,christmas,PERSONALISED Cartoon Inspired Super Hero GREEN MONSTER Girl SOPHIA - XL Children's Christmas Santa Sack CUSTOMISE Present,,Personalised Green Monster Girl Sophia Santa Sack,Looking for the perfect Christmas tradition to add a personal touch? Discover the beauty and charm of personalised stockings and Santa sacks from FoxyPrinting. Choose from a range of options and make this festive season truly magical.,Treat someone special to this personalised Santa sack. Personalise it with any name. Made to order in North Yorkshire. Get it ordered for Christmas.,yes,yes
super-game-boy-replacement-snes-game-case-or-cover,case,Super Game Boy Replacement Nintendo SNES Game Case Or Cover,,Super SNES Replacement Case | Foxy Printing,,This replacement game case is a neat way to rehouse a loose cartridge or disc. No game included. Printed in North Yorkshire. Order yours today.,yes,yes
i-might-look-like-i-m-listening-but-i-m-mainly-thinking-about-skiing-hobby-coaster,coaster,"""I Might Look Like I'm Listening, But I'm Mainly Thinking About SKIING"" Hobby Coaster",,Skiing Coaster – I Might Look Like I'm Listening,Express your passion and sense of humor with this fun and stylish hobby coaster!,"Skiing Coaster I Might Look Like I'm Listening: a fun gift for the home bar. Printed in-house in North Yorkshire, UK. Add it to your basket today.",yes,yes
paul-hanagan-2-horse-racing-signed-by-autographed-poster-print,signed,PAUL HANAGAN 2 Limited Edition Horse Racer Signed Print - Horse Racing,,Paul Hanagan Horse Racer Printed Signature Print Design 2,,Paul Hanagan Horse Racer Printed Signature Print: a striking piece for a fan's wall. Printed to order in our North Yorkshire workshop. Order yours today.,yes,yes
jaylen-watkins-2-signed-autographed-nfl-star-print,signed,Signed NFL Footballers Jaylen Watkins 2 - Signed Autographed NFL Star Print,,Jaylen Watkins NFL Printed Signature Print Design 2,,Jaylen Watkins Printed Signature Print: a striking piece for a fan's wall. A printed reproduction: the signature is part of the print. Treat them today.,yes,yes
personalised-nightwish-1-celebrity-birthday-card-sa,card,Personalised Nightwish 1 Celebrity Inspired Style Birthday Card (SA),,Personalised Nightwish Birthday Card | Foxy Printing,,"Our personalised birthday card is made to make someone feel special. Personalise it with a name, age and message. Folded to A5 on 350gsm card. Order today.",yes,yes
lonnie-shelton-m012-basketball-player-autographed-poster-print-photo-signature-gift,signed,Signed Basketball Player Prints Lonnie Shelton M012 Basketball Player Autographed Poster Print Photo Signature Gift,,Lonnie Shelton Basketball Printed Signature Print,,Lonnie Shelton Basketball Printed Signature Print: a lovely gift for a true fan. Printed to order in our North Yorkshire workshop. Treat them today.,yes,yes
metalgearsolid_eu-retro-gaming-magnet,magnet,Metal Gear Solid Eu Retro Gaming Magnet,,Metal Gear Solid Retro Game Boy Color Fridge Magnet EU,,This retro gaming fridge magnet is a fun gift for any retro gamer. Printed in North Yorkshire. A great gift idea. Order now and make their day.,yes,yes
nes-castlequest-retail-nes-boxes-case-or-cover,case,NES Castlequest Retail Game Cover To Fit A UGC Style Replacement Game Case,,Castlequest NES Replacement Case | Foxy Printing,,Tidy up your collection with this replacement game case. It's a printed case or cover only; no game is included. Add it to your basket today.,yes,yes
personalised-ed-sheeran-2-celebrity-birthday-card-sa,card,Personalised Ed Sheeran 2 Celebrity Inspired Style Birthday Card (SA),,Personalised Ed Sheeran Birthday Card 2 | Foxy Printing,,"This personalised birthday card is a lovely way to mark their big day. Printed on thick 350gsm card, folded to A5, with a free white envelope. Order today.",yes,yes
personalised-cartoon-inspired-super-hero-green-light-girl-zoe-high-quality-large-christmas-stocking,christmas,PERSONALISED Cartoon Inspired Super Hero Green Light Girl ZOE HIGH QUALITY Large CHRISTMAS STOCKING - Any Name you want!,,Personalised Green Light Girl Zoe Christmas Stocking,Looking for the perfect Christmas tradition to add a personal touch? Discover the beauty and charm of personalised stockings and Santa sacks from FoxyPrinting. Choose from a range of options and make this festive season truly magical.,Treat someone special to this personalised Christmas stocking. Personalise it with any name. Custom designs on request. Get it ordered for Christmas.,yes,yes
i-love-man-boob-i-love-mug,mug,I LOVE MAN BOOB I Love Mug Personalised ADULT OFFICE MUG,,I Love Man Boob Personalised Mug | Foxy Printing,,I Love Man Boob Personalised Mug: a smile with every cuppa. Add any name to make it unique. Dishwasher and microwave safe. Order now and make their day.,yes,yes
tommy-shelby-card,card,Tommy Shelby Personalised Peaky Blinders INSPIRED Birthday Card New 2017,,Personalised Tommy Shelby Peaky Blinders New Birthday Card,,"Send a smile with this personalised birthday card. Add their name, age and your own message inside. Thick 350gsm card with a free envelope. Order today.",yes,yes
lewis-hamilton-cap-2-f1-motorsport-celebrity-card-face-mask-celebrity-mask-for-stag-do-hen-night-fancy-dress-costume-parties-funny-adult-card-mask,mask,"Lewis Hamilton Cap 2 – F1 Motorsport Celebrity Card Face Mask – Celebrity Mask for Stag Do, Hen Night, Fancy Dress & Costume Parties",,Lewis Hamilton Cap Face Mask 2 | Foxy Printing,Adam Wharton England Euros 2024 Celebrity Face Mask Fancy Dress - High-Quality Cardboard Masks for Any Occasion,Fancy dress made easy: a Lewis Hamilton Cap face mask on thick card with eye holes and elastic. Perfect for a trip to the Grand Prix and photo booths.,yes,yes
the-future-mrs-mug-267,mug,BLACK MUG - The Future Mrs GARY BEADLE mug - Celebrity Mug,,The Future Mrs Gary Beadle Black Mug | Foxy Printing,,"The Future Mrs Gary Beadle Black Mug: a mug that brightens every brew. Sublimation printed, so the design is part of the glaze. Order yours today.",yes,yes
fathers-day-card-13-just-not-as-much-as-mummy,card,Father's Day Card 13 Just not as much as Mummy...,,13 Just Not as Much as Mummy Father's Day Card,,13 Just Not as Much as Mummy Father's Day Card: made to make their day. It's printed on 350gsm silk art board and comes with a white envelope. Order today.,yes,yes
personalised-luv-u-alia-1-bollywood-birthday-card-sa,card,Personalised Luv U Alia 1 Bollywood Inspired Style Birthday Card (SA),,Personalised Luv U Alia 1 Bollywood Birthday Card,,"A personalised birthday card they'll want to keep. Add their name, age and your own message inside. Posted 1st Class with a free envelope. Order today.",yes,yes
im-a-cheerleading-coach-to-save-time-lets-just-assume-im-always-right-2,mug,IM A Cheerleading Coach TO SAVE TIME LETS JUST ASSUME IM ALWAYS RIGHT 2 Printed Mug Office Funny,,IM a Cheerleading Coach to Save Time Lets Just Assume IM Mug,,"IM a Cheerleading Coach to Save Time Lets Just Assume IM Mug: a mug that brightens every brew. 11oz ceramic, dishwasher safe. Order now and make their day.",yes,yes
max-minghella-luke-bankole-the-handmaids-tale-celebrity-face-mask-fancy-dress-cardboard-costume-mask,mask,Max Minghella - Luke Bankole - The Handmaid's Tale Celebrity Face Mask Fancy Dress Cardboard Costume Mask,,Max Minghella Face Mask | Foxy Printing,,"Get the party started with a Max Minghella face mask. Full-colour print on 350gsm card, cut to shape with elastic. Great for a wedding photo booth.",yes,yes
b12-mixed-anna-bunting-its-a-girl-personalised-bunting-personalised-custom-bunting-premium-party-decorations,party,B12 MIXED Anna Bunting Its A Girl Personalised Bunting Premium Party Decorations  (Standard Bunting (14.8cm X 21cm)),,Mixed Anna Bunting Its a Girl Personalised | Foxy Printing,,Mixed Anna Bunting Its a Girl Personalised: a fun finishing touch for any celebration. Add a name to make it theirs. Ready to thread and hang. Order today.,yes,yes
personalised-bar-mat-runner-stray-darts-design-m31,coaster,Personalised Bar Mat Runner Stray Darts Design M31,,Personalised Bar Mat Runner Stray Darts Design,,"Personalised Bar Mat Runner Stray Darts Design: a fun little gift for the home or office. Printed in-house in North Yorkshire, UK. Order today.",yes,yes
beavis-and-butt-head-replacement-snes-game-case-or-cover,case,Beavis And Butt Head Replacement Nintendo SNES Game Case Or Cover,,Beavis and Butt Head SNES Replacement Case | Foxy Printing,,Give your game a fresh look with this replacement game case. It's a printed case or cover only; no game is included. Add it to your basket today.,yes,yes
sega-saturn-sega-ages-afterburne-rii_jp-retro-gaming-magnet,magnet,Sega Saturn Sega Ages Afterburne Rii Jp Game Inspired Retro Gaming Magnet,,Ages Afterburne Rii Retro Saturn Fridge Magnet,,A nostalgic retro gaming fridge magnet for gamers of all ages. Printed in-house in North Yorkshire in full colour. Add it to your basket today.,yes,yes
sega-saturn-dark-savior-retro-gaming-keyring,keyring,Sega Saturn Dark Savior Game Inspired Retro Gaming Keyring,,Dark Savior Retro Saturn Keyring | Foxy Printing,,Carry a classic with you on this retro gaming keyring. Printed in-house in North Yorkshire in full colour. A great gift idea. Add it to your basket today.,yes,yes
me-and-my-aunty-love-barnsley-personalised-football-team-baby-grow,babygrow,Me and My Aunty Love barnsley Personalised FOOTBALL TEAM Baby Grow,,Me and My Aunty Love Barnsley Personalised Baby Grow,,Dress the little one in this baby grow. Add a name to make it their own. Soft 100% cotton with short sleeves and nickel-free poppers. Order today.,yes,yes
personalised-batman-trilogy-2-movie-birthday-card-sa,card,Personalised Batman Trilogy 2 INSPIRED THEME Movie Birthday Card (SA),,Personalised Batman Trilogy Birthday Card 2 | Foxy Printing,,"Make their day with this personalised birthday card. Add their name, age and your own message inside. Thick 350gsm card with a free envelope. Order today.",yes,yes
i-love-gaming-i-love-mug,mug,I LOVE GAMING I Love Mug Personalised ADULT OFFICE MUG,,I Love Gaming Personalised Mug | Foxy Printing,,I Love Gaming Personalised Mug: a cheerful gift for home or the office. Add their name to make it their own. Dishwasher and microwave safe. Order today.,yes,yes
my-mummy-doesnt-want-your-advice-personalised-baby-boy-girl-unisex-short-sleeve-bodysuit,babygrow,My Mummy Doesn't Want Your Advice. Personalised Baby Boy Girl Unisex Short Sleeve Bodysuit,,My Mummy Doesn't Want Your Advice. Personalised Baby Grow,,My Mummy Doesn't Want Your Advice. Personalised Baby Grow: a sweet gift for a new arrival. 100% cotton with nickel-free poppers. Treat them today.,yes,yes
worlds-best-private-detective-and-investigator,mug,Worlds Best Private Detective And Investigator Mug - Novelty Funny Mug,,World's No.1 Private Detective and Investigator Mug,,"World's No.1 Private Detective and Investigator Mug: a smile with every cuppa. 11oz ceramic, dishwasher safe. Made in North Yorkshire. Order today.",yes,yes
i-love-tractors-i-love-mug,mug,I LOVE TRACTORS I Love Mug Personalised ADULT OFFICE MUG,,I Love Tractors Personalised Mug | Foxy Printing,,"I Love Tractors Personalised Mug: a mug that brightens every brew. Personalise it with a name before you order. 11oz ceramic, dishwasher safe. Order today.",yes,yes
this-guy-loves-719,mug,The Future Mr. Elizabeth Hurley Mug - Celebrity Mug,,The Future Mr. Elizabeth Hurley Mug | Foxy Printing,,The Future Mr. Elizabeth Hurley Mug: a cheerful gift for home or the office. An 11oz white ceramic mug that's dishwasher and microwave safe. Order today.,yes,yes
personalised-katy-b-2-celebrity-birthday-card-sa,card,Personalised Katy B 2 Celebrity Inspired Style Birthday Card (SA),,Personalised Katy B Birthday Card 2 | Foxy Printing,,"Send a smile with this personalised birthday card. Add a name, age and a message inside before you order. Folded to A5 on 350gsm card. Order yours today.",yes,yes
agent-natasha-romanoff-movie-birthday-card-sa,card,Agent Natasha Romanoff Theme Style Personalised Kids Inspired Movie Birthday Card (SA),,Personalised Agent Natasha Romanoff Birthday Card,,"Make their day with this personalised birthday card. Add their name, age and your own message inside. Thick 350gsm card with a free envelope. Order today.",yes,yes
deadoralive2-8-sega-dreamcast-game-keyring,keyring,Deadoralive2 8 - Sega Dreamcast Game Keyring,,Deadoralive2 8 Retro Dreamcast Keyring | Foxy Printing,,A nostalgic retro gaming keyring for retro gaming fans. Made to order in our North Yorkshire workshop. A great gift idea. Order yours today.,yes,yes
crystal-palace-in-training-football-fan-baby-grow-bodysuit,babygrow,Crystal Palace in Training Football Fan Baby Grow Bodysuit,,Crystal Palace in Training Football Fan Baby Grow,,This baby grow makes a sweet gift for a new arrival. Personalise it with the baby's name. Wash and iron inside out. Order now and make their day.,yes,yes
personalised-riley-keough-2-celebrity-birthday-card-sa,card,Personalised Riley Keough 2 INSPIRED THEME Celebrity Birthday Card (SA),,Personalised Riley Keough Birthday Card 2 | Foxy Printing,,"Make their day with this personalised birthday card. Add their name, age and your own message inside. Folded to A5 on 350gsm card. Order yours today.",yes,yes
resident-evil-survivor-2-retro-gaming-magnet,magnet,Resident Evil Survivor 2 - PS1 Playstation 1 Game Inspired Retro Gaming Magnet,,Resident Evil Survivor 2 Retro PS1 Fridge Magnet Playstation,,This retro gaming fridge magnet is a fun gift for any retro gamer. Printed in-house in North Yorkshire in full colour. Order now and make their day.,yes,yes
super-mario-rpg-replacement-snes-game-case-or-cover,case,Super Mario RPG Replacement Nintendo SNES Game Case Or Cover,,Super Mario RPG SNES Replacement Case | Foxy Printing,,Restore your shelf with this replacement game case. It's a printed case or cover only; no game is included. Printed in North Yorkshire. Order yours today.,yes,yes
jim-leighton-2-signed-autographed-footballers-star-print,signed,Signed Footballer Posters Jim Leighton 2 Signed Autographed Footballers Star Poster Print Framed Merch Gift,,Jim Leighton Printed Signature Print Design 4,,Jim Leighton Printed Signature Print: a great gift for any fan. The signature is printed in the design. Made in North Yorkshire. Treat them today.,yes,yes
rocking-kats-retro-nes-gaming-fridge-magnet-487,magnet,Rocking Kats Retro Nintendo NES Game Inspired Fridge Magnet 487,,Rocking Kats Retro NES Fridge Magnet | Foxy Printing,,Add some retro fun to the fridge with this retro gaming fridge magnet. Made to order in our North Yorkshire workshop. Add it to your basket today.,yes,yes
pinch-proof-personalised-baby-boy-girl-unisex-short-sleeve-bodysuit,babygrow,Pinch Proof Personalised Baby Boy Girl Unisex Short Sleeve Bodysuit,,Pinch Proof Personalised Baby Grow | Foxy Printing,,Pinch Proof Personalised Baby Grow: a fun outfit for proud families. Add a name to make it their own. 100% cotton with nickel-free poppers. Order today.,yes,yes
perfect-draft-maxi-skin-moes-tavern-sticker-vinyl-sticker,sticker,Perfect Draft Maxi Skin - Moe's Tavern - Sticker - Vinyl Sticker,,Perfect Draft Maxi Skin – Moe's Tavern Sticker,,"Perfect Draft Maxi Skin Moe's Tavern Sticker: a quick way to add some personality. Printed in-house in North Yorkshire, UK. Order yours today.",yes,yes
willie-carson-2-horse-racing-signed-by-autographed-poster-print,signed,WILLIE CARSON 2 Limited Edition Horse Racer Signed Print - Horse Racing,,Willie Carson Horse Racer Printed Signature Print Design 2,,Willie Carson Horse Racer Printed Signature Print: a great gift for any fan. Printed to order in our North Yorkshire workshop. Order yours today.,yes,yes
personalised-bonnie-anderson-celebrity-birthday-card-sa,card,Personalised Bonnie Anderson Celebrity Inspired Style Birthday Card (SA),,Personalised Bonnie Anderson Birthday Card | Foxy Printing,,This personalised birthday card is a lovely way to mark their big day. Sent 1st Class in a board-backed envelope so it arrives flat. Treat them today.,yes,yes
i-may-look-like-im-listening-to-you-but-keyboard-drinks-coaster-2,coaster,I may look like I'm listening to you but... (Keyboard) Drinks Coaster,,Keyboard Coaster – I May Look Like I'm Listening,,"Keyboard Coaster I May Look Like I'm Listening: a cheerful gift for anyone who loves a cuppa. Printed in-house in North Yorkshire, UK. Order today.",yes,yes
jake-paul-face-mask-celebrity-youtuber-boxer-mask-for-stag-do-hen-night-fancy-dress-costume-parties-funny-adult-card-mask,mask,"Jake Paul Face Mask – Celebrity YouTuber & Boxer Mask for Stag Do, Hen Night, Fancy Dress & Costume Parties – Funny Adult Card Mask","Jake Paul Face Mask – Celebrity YouTuber & Boxer Mask for Stag Do, Hen Night, Fancy Dress & Costume Parties – Funny Adult Card Mask",Jake Paul Face Mask YouTuber | Foxy Printing,"Jake Paul Face Mask – Celebrity YouTuber & Boxer Mask for Stag Do, Hen Night, Fancy Dress & Costume Parties – Funny Adult Card Mask","Get the party started with a Jake Paul face mask. Full-colour print on 350gsm card, cut to shape with elastic. Great for a boxing-themed stag do.",yes,yes
jumanji-welcome-to-the-jungle-movie-birthday-card-sa,card,Jumanji Welcome To The Jungle Theme Style Personalised Kids Inspired Movie Birthday Card (SA),,Personalised Jumanji Welcome to the Jungle Card Movie,,This personalised birthday card is a lovely way to mark their big day. It's printed on 350gsm silk art board and comes with a white envelope. Order today.,yes,yes
max-born-m442-scientist-autographed-poster-print-photo-signature-gift,signed,Signed Scientist Prints Max Born M442 Scientist Autographed Poster Print Photo Signature Gift,,Max Born Scientist Printed Signature Print | Foxy Printing,,"Max Born Scientist Printed Signature Print: a lovely gift for a true fan. The signature is printed as part of the design, not added by hand. Order today.",yes,yes
saido-mane-liverpool-personalised-football-card,card,Saido Mane Liverpool Inspired Style Personalised Football Birthday Card,,Personalised Saido Mane Liverpool Football Birthday Card,,"A personalised birthday card they'll want to keep. Personalise it with a name, age and message. Dispatched the same or next working day. Treat them today.",yes,yes
sheffield-mcgoldrick-sharp-team-player-autographed-poster-print-photo-signature-gift,signed,Signed Team Player Prints Sheffield McGoldrick SHARP Team Player Autographed Poster Print Photo Signature Gift,,Sheffield McGoldrick Sharp Team Printed Signature Print,,Sheffield McGoldrick Sharp Team Printed Signature Print: a great gift for any fan. Printed to order in our North Yorkshire workshop. Order today.,yes,yes
hartlepool-united-football-team-mug-personalised-birthday-age-and-name,mug,Hartlepool United INSPIRED Football Team Mug Personalised Mug,,Hartlepool United Football Team Personalised Mug,,Brighten their brew with this printed mug. Add any name to make it unique. Dishwasher and microwave safe. Made in North Yorkshire. Order yours today.,yes,yes
tinder-love-at-first-swipe-dating-mug-1,mug,Tinder Love At First Swipe - Dating Mug,,Tinder Love at First Swipe – Dating Mug | Foxy Printing,,"Tinder Love at First Swipe Dating Mug: a mug that brightens every brew. Sublimation printed, so the design is part of the glaze. Treat them today.",yes,yes
football-oddesey-game-case-or-cover,case,Football Oddesey REPLACEMENT Game Case Or Cover,,Football Oddesey Odyssey 2 Replacement Case | Foxy Printing,,This replacement game case is a neat way to rehouse a loose cartridge or disc. Printed in North Yorkshire. A great gift idea. Add it to your basket today.,yes,yes
force-awakens-4-bm-personalised-birthday-card,card,FORCE AWAKENS 4 BM THEME INSPIRED Style PERSONALISED Kids Adult FUNNY Birthday Card,,Personalised Force Awakens 4 Bm Funny Birthday Card,,"A personalised birthday card they'll want to keep. Add a name, age and a message inside before you order. Folded to A5 on 350gsm card. Order today.",yes,yes
sheamus-celebrity-face-mask-wwe-wrestling-star-fancy-dress-costume-prop-for-sports-party-hen-stag-do-accessory,mask,Sheamus Celebrity Face Mask – WWE Wrestling Star Fancy Dress Costume Prop for Sports Party Hen Stag Do Accessory,,Sheamus Face Mask | Foxy Printing,,Sheamus Face Mask: a fun pick for birthdays and photo booths. 350gsm card with eye holes and elastic. Made in North Yorkshire. Treat them today.,yes,yes
i-love-you-to-the-moon-and-back-grandad-baby-grow-bodysuit,babygrow,I LOVE YOU TO THE MOON AND BACK GRANDAD Baby Grow Bodysuit,,I Love You to the Moon and Back Grandad Baby Grow,,I Love You to the Moon and Back Grandad Baby Grow: a cute pick for baby showers. Add a name to make it their own. Wash and iron inside out. Order today.,yes,yes
shkodran-mustafi-football-gift-mc1670-framed-autographed-print,signed,"Signed Footballer Posters, Signed Footballer Prints Shkodran Mustafi Football Gift MC1670 Autographed Star Poster Print Merch Gift",,Shkodran Mustafi Printed Signature Print Design 3,,Shkodran Mustafi Printed Signature Print: a striking piece for a fan's wall. A printed reproduction: the signature is part of the print. Treat them today.,yes,yes
nikola-zigic-1-football-player-signed-by-autographed-poster-print,signed,NIKOLA ZIGIC (1) Limited Edition Football Player Signed Print - Football,,Nikola Zigic Printed Signature Print | Foxy Printing,,Nikola Zigic Printed Signature Print: a lovely gift for a true fan. Printed to order in our North Yorkshire workshop. Add it to your basket today.,yes,yes
matt-damon-the-odyssey-inspired-signed-poster-print-odysseus-movie-wall-art-epic-fantasy-film-collectible-gift-for-movie-fans-and-collectors,signed,Matt Damon The Odyssey Inspired Signed Poster Print – Odysseus Movie Wall Art – Epic Fantasy Film Collectible – Gift for Movie Fans and Collectors,"Danilo Fischetti Rugby Face Mask – Italian Rugby Player – Celebrity Card Mask for Fancy Dress, Sports Fans, Match Days, Six Nations Events, Parties, Stag & Hen Nights – Adult Costume Mask",Matt Damon the Odyssey Movie Printed Signature Print,"Danilo Fischetti Rugby Face Mask – Italian Rugby Player – Celebrity Card Mask for Fancy Dress, Sports Fans, Match Days, Six Nations Events, Parties, Stag & Hen Nights – Adult Costume Mask",Matt Damon the Odyssey Printed Signature Print: a striking piece for a fan's wall. A printed reproduction: the signature is part of the print. Order today.,yes,yes
ofcourse-i-am-cute-personalised-baby-boy-girl-unisex-short-sleeve-bodysuit,babygrow,Ofcourse I Am Cute Personalised Baby Boy Girl Unisex Short Sleeve Bodysuit,,Ofcourse I Am Cute Personalised Baby Grow | Foxy Printing,,Ofcourse I Am Cute Personalised Baby Grow: a sweet gift for a new arrival. Personalise it with the baby's name. Wash and iron inside out. Treat them today.,yes,yes
retro-preston-club-colours-preston-fan-championship-football-crest-poster-print,signed,Signed Team Player Prints Retro Preston Club Colours Preston Fan Championship Football Crest Poster Print,,Retro Preston Club Colours Preston Printed Signature Print,,Show your support with this printed signature print. The signature is printed in the design. Made in North Yorkshire. Add it to your basket today.,yes,yes
when-they-see-us-netflix-shows-framed-autographed-print,signed,When They See Us Netflix Shows Framed Autographed Print - Limited Edition Autograph Fan Gift – Collectible Memorabilia Merchandise,,When They See Us Netflix Shows Printed Signature Print,,When They See Us Netflix Shows Printed Signature Print: a striking piece for a fan's wall. Printed to order in our North Yorkshire workshop. Order today.,yes,yes
dad-is-my-hero-baby-grow-bodysuit,babygrow,Dad Is My Hero Baby Grow Bodysuit,,Dad Is My Hero Baby Grow | Foxy Printing,,Dad Is My Hero Baby Grow: a fun outfit for proud families. Personalise it with the baby's name. 100% cotton with nickel-free poppers. Order yours today.,yes,yes
enterthematrixpc_pal-nintendo-gamecube-game-keyring,keyring,Enter The Matrix Pc Pal Gamecube Game Inspired Retro Gaming Keyring,,Enter the Matrix Pc Retro GameCube Keyring | Foxy Printing,,This retro gaming keyring is a fun little gift for any gamer. Made to order in our North Yorkshire workshop. A great gift idea. Order yours today.,yes,yes
claudia-jessie-celebrity-face-mask-fancy-dress-cardboard-costume-mask,mask,Claudia Jessie Celebrity Face Mask Fancy Dress Cardboard Costume Mask,,Claudia Jessie Face Mask | Foxy Printing,,"Get the party started with a Claudia Jessie face mask. Full-colour print on 350gsm card, cut to shape with elastic. Great for a telly-night quiz.",yes,yes
rob-elliot-2-signed-autographed-footballers-star-print,signed,Signed Footballer Posters Rob Elliot 2 Signed Autographed Footballers Star Poster Print Framed Merch Gift,,Rob Elliot Football Printed Signature Print Design 4,,Rob Elliot Printed Signature Print: a striking piece for a fan's wall. Printed in North Yorkshire. A great gift idea. Add it to your basket today.,yes,yes
mark-aguirre-m020-basketball-player-autographed-poster-print-photo-signature-gift,signed,Signed Basketball Player Prints Mark Aguirre M020 Basketball Player Autographed Poster Print Photo Signature Gift,,Mark Aguirre Basketball Printed Signature Print,,Mark Aguirre Basketball Printed Signature Print: a lovely gift for a true fan. A printed reproduction: the signature is part of the print. Order today.,yes,yes
foxyprinting-dog-mugs-102b,mug,This girl loves her Polish Hound Mug - Dog Lover Mug,,This Girl Loves Her Polish Hound – Dog Lover Mug Design 5,,"This Girl Loves Her Polish Hound Dog Lover Mug Design 5: a smile with every cuppa. Sublimation printed, so the design is part of the glaze. Order today.",yes,yes
worlds-best-petroleum-engineer,mug,Worlds Best Petroleum Engineer Mug - Novelty Funny Mug,,World's No.1 Petroleum Engineer Mug | Foxy Printing,,"World's No.1 Petroleum Engineer Mug: a mug that brightens every brew. 11oz ceramic, dishwasher safe. Made in North Yorkshire. Order yours today.",yes,yes
chelsea-born-to-play-football-fan-baby-grow-bodysuit,babygrow,CHELSEA Born to Play Football Fan Baby Grow Bodysuit,,Chelsea Born to Play Football Fan Baby Grow | Foxy Printing,,A cute baby grow for proud families. Personalise it with the baby's name. Made from 100% cotton with nickel-free poppers. Wash inside out. Order today.,yes,yes
copy-of-personalised-ariel-word-art-poster-print-inspired-by-pop-figures-1,poster,Personalised Belle Word Art Poster Print - Inspired By Pop Figures,,Personalised Belle Word Art Poster Print | Foxy Printing,,This poster print makes a thoughtful gift. Personalise it with your own name or text. Printed to order in our North Yorkshire workshop. Order yours today.,yes,yes
threads-of-fate-2-retro-gaming-magnet,magnet,Threads Of Fate 2 - PS1 Playstation 1 Game Inspired Retro Gaming Magnet,,Threads of Fate 2 Retro PS1 Fridge Magnet Design 3,,This retro gaming fridge magnet is a fun gift for any retro gamer. Printed in-house in North Yorkshire in full colour. Add it to your basket today.,yes,yes
andy-smith-signed-autographed-darts-star-print,signed,Signed Darts Posters Andy Smith Signed Autographed Darts Star Poster Print Framed Merch Gift,,Andy Smith Darts Printed Signature Print | Foxy Printing,,Andy Smith Printed Signature Print: a striking piece for a fan's wall. Printed to order in our North Yorkshire workshop. Order now and make their day.,yes,yes
personalised-kids-adults-bmw-15-cars-birthdary-card-sa,card,Personalised Kids - Adults - BMW-15 Cars Birthday Card (SA),,Personalised BMW-15 Cars Birthday Card | Foxy Printing,,"A personalised birthday card they'll want to keep. Add a name, age and a message inside before you order. Folded to A5 on 350gsm card. Treat them today.",yes,yes
spongebobsquarepantssupersponge-eu-ps1-playstation-1-game-keyring,magnet,Sponge Bob Square Pants Super Sponge Eu - PS1 Playstation 1 Game Inspired Retro Gaming Magnet,,Sponge Bob Square Pants Super Sponge Retro Fridge Magnet EU,,This retro gaming fridge magnet is a fun gift for any retro gamer. Printed in-house in North Yorkshire in full colour. Order now and make their day.,yes,yes
foxyprinting-dog-mugs-151w,mug,This girl loves her Black Russian Terrier Mug - Dog Lover Mug,,This Girl Loves Her Black Russian Terrier – Dog Mug Design 2,,This Girl Loves Her Black Russian Terrier Dog Mug Design 2: a mug that brightens every brew. Dishwasher and microwave safe. Add it to your basket today.,yes,yes
this-girl-loves-her-girlfriend,mug,This Girl Loves HER GIRLFRIEND Mug,,This Girl Loves Her Girlfriend Mug | Foxy Printing,,"This Girl Loves Her Girlfriend Mug: a smile with every cuppa. 11oz ceramic, dishwasher safe. Made in North Yorkshire. Order now and make their day.",yes,yes
rosanne-barr-jb-actor-movie-tv-celebrity-party-stag-birthday-idea-fancy-dress-face-mask,mask,ROSANNE BARR JB Actor Movie Tv Celebrity Party Face Mask,,Rosanne Barr Face Mask | Foxy Printing,,"Get the party started with a Rosanne Barr face mask. Full-colour print on 350gsm card, cut to shape with elastic. Great for an Oscars-style party.",yes,yes
harry-sex-and-the-city-face-mask,mask,Harry Sex And The City Face Mask FANCY DRESS HEN BIRTHDAY PARTY FUN STAG DO HEN Celebrity FANCY DRESS HEN BIRTHDAY PARTY FUN STAG DO HEN,,Harry Sex and the City Face Mask | Foxy Printing,,Harry Face Mask: a crowd-pleaser for fancy dress and nights out. Posted in a board-backed envelope so it arrives flat. Order now and make their day.,yes,yes
awesome-editor-office-mug,mug,Awesome Editor Office Mug FUNNY,,Awesome Editor Funny Mug | Foxy Printing,,Awesome Editor Funny Mug: a fun gift for any tea or coffee lover. An 11oz white ceramic mug that's dishwasher and microwave safe. Treat them today.,yes,yes
foxyprinting-dog-mugs-70p,mug,This guy loves his Broholmer Mug - Dog Lover Mug,,This Guy Loves His Broholmer – Dog Lover Mug Design 4,,"This Guy Loves His Broholmer Dog Lover Mug Design 4: a cheerful gift for home or the office. 11oz ceramic, dishwasher safe. Treat them today.",yes,yes
skitchin-sega-megadrive-retro-gaming-magnet,magnet,Skitchin Game Style Inspired Sega Megadrive Retro Video Gaming Magnet,,Skitchin Video Retro Mega Drive Fridge Magnet,,Bring back the classics with this retro gaming fridge magnet. Printed in-house in North Yorkshire in full colour. Add it to your basket today.,yes,yes
battle-of-olympus-retro-nes-gaming-fridge-magnet-150,magnet,Battle Of Olympus Retro Nintendo NES Game Inspired Fridge Magnet 150,,Battle of Olympus Retro NES Fridge Magnet | Foxy Printing,,This retro gaming fridge magnet is a fun gift for any retro gamer. Printed in North Yorkshire. A great gift idea. Add it to your basket today.,yes,yes
keep-calm-and-carry-on-mug,mug,KEEP CALM AND CARRY ON Mug,,Keep Calm and Carry on Mug | Foxy Printing,,"Keep Calm and Carry on Mug: a mug that brightens every brew. Sublimation printed, so the design is part of the glaze. Order now and make their day.",yes,yes
copy-of-jack-bennewith-brother-of-diags-2020-dress-cardboard-celebrity-party-face-mask,mask,Jake Hall 2020 Dress Cardboard Celebrity Party Face Mask,,Jake Hall Face Mask | Foxy Printing,,"Jake Hall Face Mask: a crowd-pleaser for fancy dress and nights out. A4 size on 350gsm card, with eye holes cut and elastic included. Order yours today.",yes,yes
ayrton-senna-hitching-2-signed-autographed-formula1-star-print,signed,Signed Formula 1 Drivers Ayrton Senna Hitching 2 Signed Autographed Formula1 Star Poster Print Framed Merch Gift,,Ayrton Senna Hitching F1 Printed Signature Print Design 2,,"Ayrton Senna Hitching Printed Signature Print: a great gift for any fan. The signature is printed as part of the design, not added by hand. Order today.",yes,yes
georgie-glen-call-the-midwife-celebrity-face-mask-fancy-dress-cardboard-costume-mask,mask,Georgie Glen - Call the Midwife Celebrity Face Mask Fancy Dress Cardboard Costume Mask,,Georgie Glen Face Mask | Foxy Printing,,Georgie Glen card face mask for a wedding photo booth. Printed on 350gsm silk card cut to shape with eye holes and elastic. Order yours today.,yes,yes
ross-fisher-2-signed-autographed-golfer-star-print,signed,Signed GOLFER Prints Posters Ross Fisher 2 Signed Autographed Golfer Star Poster Print Framed Merch Gift,,Ross Fisher Golf Printed Signature Print Design 4,,Ross Fisher Printed Signature Print: a striking piece for a fan's wall. The signature is printed in the design. Add it to your basket today.,yes,yes
krion-conquest-retro-nes-gaming-fridge-magnet-341,magnet,Krion Conquest Retro Nintendo NES Game Inspired Fridge Magnet 341,,Krion Conquest Retro NES Fridge Magnet | Foxy Printing,,Bring back the classics with this retro gaming fridge magnet. Printed in-house in North Yorkshire in full colour. Order now and make their day.,yes,yes
nottingham-forest-1994-retro-football-lightweight-beach-gym-towel,towel,Nottingham Forest 1994 Retro Football Lightweight Beach Gym Towel,,Nottingham Forest 1994 Retro Football Beach Towel,,Treat someone special to this printed towel. Personalise it with your own name or text. Made to order in North Yorkshire. Order now and make their day.,yes,yes
crazy-blackpool-fan-football-crazy-mugs,mug,Crazy Blackpool Fan Football Crazy Mug Adult Mug Office Mug,,Crazy Blackpool Fan Mug | Foxy Printing,,Start the day with a smile thanks to this printed mug. Dishwasher and microwave safe. Made in North Yorkshire. Order now and make their day.,yes,yes
this-is-my-birthday-mug-my-birthday-is-on-31st-march,mug,This Is My Birthday Mug - My Birthday Is On 31st March - Novelty Funny Printed Mug,,This Is My Birthday – My Is on 31st March Mug,,"This Is My Birthday My Is on 31st March Mug: a smile with every cuppa. Sublimation printed, so the design is part of the glaze. Order yours today.",yes,yes
copy-of-tom-powell-love-island-mask-celebrity-cardboard-face-mask,mask,Tommy Fury Love Island Mask Celebrity Cardboard Face Mask,,Tommy Fury Face Mask | Foxy Printing,,Tommy Fury Face Mask: a crowd-pleaser for fancy dress and nights out. 350gsm card with eye holes and elastic. A great gift idea. Order yours today.,yes,yes
i-love-josh-groban-i-love-celebrity-mug,mug,I Love JOSH GROBAN Celebrity Mug,,I Love Josh Groban Mug | Foxy Printing,,I Love Josh Groban Mug: a smile with every cuppa. An 11oz white ceramic mug that's dishwasher and microwave safe. Order now and make their day.,yes,yes
harvest-moon-retro-gaming-magnet,magnet,Harvest Moon - SNES Inspired Game Retro Gaming Magnet,,Harvest Moon Retro SNES Fridge Magnet | Foxy Printing,,This retro gaming fridge magnet is a fun gift for any retro gamer. Printed in North Yorkshire. A great gift idea. Order now and make their day.,yes,yes
predator-signed-lego-display-case-minifigure-display-background-and-frames,display,Predator Signed Lego Display Case - Minifigure Display Background and Frames,,Predator Printed Signature Minifigure Display Case,,Brighten someone's day with this minifigure display case. Custom designs are available on request. Made in North Yorkshire. Treat them today.,yes,yes
cobracommand-3-retro-gaming-case,case,Cobra command 3 REPLACEMENT Retro Gaming Case,,Cobra Command 3 Mega CD Replacement Case | Foxy Printing,,This replacement game case is a neat way to rehouse a loose cartridge or disc. Printed in North Yorkshire. No game included. Add it to your basket today.,yes,yes
jessica-brown-findlay-mh-2017-celebrity-face-mask,mask,Jessica Brown Findlay MH 2017 Celebrity Face Mask Fancy Dress Cardboard Costume Mask,,Jessica Brown Findlay Face Mask | Foxy Printing,,Fancy dress made easy: a Jessica Brown Findlay face mask on thick card with eye holes and elastic. Perfect for a telly-night quiz and photo booths.,yes,yes
amy-winehouse-signed-autographed-music-star-print,signed,Signed Music Posters Amy Winehouse - Signed Autographed Music Star Print,,Amy Winehouse Music Printed Signature Print | Foxy Printing,,Amy Winehouse Printed Signature Print: a lovely gift for a true fan. The signature is printed in the design. Made in North Yorkshire. Order today.,yes,yes
jeopardy-retro-nes-gaming-keyring,keyring,Jeopardy Jr Retro NES Game Cover Art Gaming Keyring,,Jeopardy Jr Retro NES Keyring | Foxy Printing,,Keep your keys retro with this retro gaming keyring. Made to order in our North Yorkshire workshop. A great gift idea. Order now and make their day.,yes,yes
the-walking-dead-zombies-scary-movie-birthday-card-sa,card,The Walking Dead Zombies Scary Theme Style Personalised Kids Inspired Movie Birthday Card (SA),,Personalised The Walking Dead Zombies Scary Birthday Card,,"Make their day with this personalised birthday card. Add their name, age and your own message inside. Thick 350gsm card with a free envelope. Order today.",yes,yes
victor-lindelof-mc1675-black-frame-black-frame-black-frame-autographed-football-poster,signed,Victor Lindelof MC1675 - Black Frame Autographed Football Poster,,Victor Lindelof Printed Signature Poster | Foxy Printing,,Victor Lindelof Printed Signature Print: a great gift for any fan. Printed in North Yorkshire. A great gift idea. Order now and make their day.,yes,yes
brighton-personalised-football-flag-fully-customisable-dcd-trerrace-flags,generic,Brighton Personalised Football Flag - Fully Customisable DCD Trerrace Flags,,Brighton Personalised Football Flag,,Brighten someone's day with this printed gift. Add a name to make it theirs. Made to order in North Yorkshire. Order now and make their day.,yes,yes
shrek-swamp-kart-speedway,magnet,Shrek - Swamp Kart Speedway - Gameboy Advance Retro Gaming Magnet,,Shrek Retro Game Boy Advance Fridge Magnet Swamp,,Add some retro fun to the fridge with this retro gaming fridge magnet. Made to order in our North Yorkshire workshop. Order now and make their day.,yes,yes
richie-george-signed-autographed-darts-star-print,signed,Signed Darts Posters Richie George Signed Autographed Darts Star Poster Print Framed Merch Gift,,Richie George Darts Printed Signature Print | Foxy Printing,,Richie George Printed Signature Print: a striking piece for a fan's wall. The signature is printed in the design. Add it to your basket today.,yes,yes
queens-platinum-jubilee-2022-silver-hip-flask,generic,QUEEN'S PLATINUM JUBILEE 2022 SILVER HIP FLASK,,Queen's Platinum Jubilee 2022 Silver Hip Flask,,Queen's Platinum Jubilee 2022 Silver Hip Flask: a fun gift for someone special. Add the name or text you'd like. Custom designs on request. Order today.,yes,yes
the-future-mrs-mug-284,mug,BLACK MUG - The Future Mrs IDRIS ELBA mug - Celebrity Mug,,The Future Mrs Idris Elba Black Mug | Foxy Printing,,"The Future Mrs Idris Elba Black Mug: a smile with every cuppa. 11oz ceramic, dishwasher safe. Made in North Yorkshire. Add it to your basket today.",yes,yes
personalised-alizee-1-celebrity-birthday-card-sa,card,Personalised Alizee 1 Celebrity Inspired Style Birthday Card (SA),,Personalised Alizee Birthday Card | Foxy Printing,,"Our personalised birthday card is made to make someone feel special. Personalise it with a name, age and message. Folded to A5 on 350gsm card. Order today.",yes,yes
rappers-dmx-framed-autographed-print,signed,Rappers DMX Framed Autographed Print - Limited Edition Autograph Fan Gift – Collectible Memorabilia Merchandise,,Rappers DMX Music Printed Signature Print | Foxy Printing,,Rappers DMX Printed Signature Print: a striking piece for a fan's wall. Printed in North Yorkshire. A great gift idea. Add it to your basket today.,yes,yes
worlds-best-program-director,mug,Worlds Best Program Director Mug - Novelty Funny Mug,,World's No.1 Program Director Mug | Foxy Printing,,"World's No.1 Program Director Mug: a mug that brightens every brew. 11oz ceramic, dishwasher safe. Made in North Yorkshire. Order yours today.",yes,yes
donkey-kong-country-3-dixie-kongs-double-trouble-gaming-t-shirt,clothing,Donkey Kong Country 3: Dixie Kong's Double Trouble - Gaming T-Shirt,,Donkey Kong Country 3 – Dixie Kong's Double Trouble,,"Donkey Kong Country 3 Dixie Kong's Double Trouble: a fun top for parties, gifts and days out. Printed in-house in North Yorkshire, UK. Treat them today.",yes,yes
coffee-keeps-me-going-adult-mug,mug,Coffee Keeps Me Going - Adult Mug,Coffee Keeps Me Going - Adult Mug | Printed Mug Gift UK,Coffee Keeps Me Going - Adult Mug | Printed Mug Gift UK,"Shop Coffee Keeps Me Going - Adult Mug from Foxy Printing. Professionally printed in the UK for birthdays, parties, celebrations and thoughtful gifts. Order","Coffee Keeps Me Going - Adult Mug | Printed Mug Gift UK: a smile with every cuppa. Sublimation printed, so the design is part of the glaze. Order today.",kept,yes
king-charles-coronation-welsh-original-metal-school-name-logo-pin-badge-25mm-1,generic,"KING CHARLES CORONATION WELSH ORIGINAL METAL SCHOOL NAME LOGO PIN BADGE 25MM (1"")",,King Charles Coronation Welsh Original Metal School Badge,,"King Charles Coronation Welsh Original Metal School Badge: a thoughtful gift, made to order. Made to order in North Yorkshire. Treat them today.",yes,yes
charl-schwartzel-golf-stars-face-mask,mask,Charl Schwartzel GOLF 2018 Celebrity Face Mask Fancy Dress Cardboard Costume Mask,,Charl Schwartzel Face Mask | Foxy Printing,,"Get the party started with a Charl Schwartzel face mask. Full-colour print on 350gsm card, cut to shape with elastic. Great for a golf society dinner.",yes,yes
championshipsoccer94-retro-gaming-case,case,Championship soccer 94 REPLACEMENT Retro Gaming Case,,Championship Soccer 94 Mega CD Replacement Case,,Tidy up your collection with this replacement game case. Made to order in our North Yorkshire workshop; no game included. Order now and make their day.,yes,yes
the-lingo-show-6-kidshows-birthday-card-sa,card,The Lingo Show 6 Style Theme Personalised Kidshows Birthday Card (SA),,Personalised The Lingo Show Birthday Card 6 | Foxy Printing,,This personalised birthday card is a lovely way to mark their big day. It's printed on 350gsm silk art board and comes with a white envelope. Order today.,yes,yes
nino-torres-chelsea-sports-birthday-card-sa,card,Nino Torres Chelsea Theme Inspired Kids Inspired Adult Personalised Sports Birthday Card (SA),,Personalised Nino Torres Chelsea Sports Birthday Card,,"Make their day with this personalised birthday card. Add a name, age and a message inside before you order. Folded to A5 on 350gsm card. Order yours today.",yes,yes
super-battleship-retro-gaming-keyring,keyring,Super Battleship Game Inspired Retro Gaming Keyring,,Super Battleship Retro SNES Keyring | Foxy Printing,,A nostalgic retro gaming keyring for retro gaming fans. Printed in-house in North Yorkshire in full colour. A great gift idea. Treat them today.,yes,yes
