type,handle,title,published,products,words,issues
collection,frontpage,HOME PAGE,True,727,0,empty-desc; seo-title-missing; meta-desc-missing; ACTION: skipped (utility/placeholder or content mismatch - owner to decide)
collection,mugs,Personalised Printed Mugs,True,7653,125,3rd-party-no-disclaimer; ACTION: rewritten (description + SEO)
collection,international-football-team-mugs,Football Team Mugs,True,14,91,3rd-party-no-disclaimer; ACTION: rewritten (description + SEO)
collection,premier-league-mugs,Premier League Team Mugs,True,14,85,meta-desc-len(135); 3rd-party-no-disclaimer; ACTION: rewritten (description + SEO)
collection,championship-football-team-mugs,Championship Team Mugs,True,24,85,3rd-party-no-disclaimer; ACTION: rewritten (description + SEO)
collection,comic-style-kaboom-mugs,Comic Style Kaboom Mugs,True,21,89,meta-desc-len(135); ACTION: rewritten (description + SEO)
collection,i-like,I LOVE .....,True,220,15,thin(15w); seo-title-long(83); meta-desc-missing; 3rd-party-no-disclaimer; ACTION: rewritten (description + SEO)
collection,cartoon-mugs,Cartoon Mugs,True,42,89,ACTION: rewritten (description + SEO)
collection,dating-mugs,Dating Mugs,True,29,94,3rd-party-no-disclaimer; ACTION: rewritten (description + SEO)
collection,emoticons-mugs,Emoticon Mugs,True,70,90,meta-desc-len(135); ACTION: rewritten (description + SEO)
collection,football-shirt-mugs,Football Shirt Mugs,True,369,117,meta-desc-len(138); 3rd-party-no-disclaimer; ACTION: rewritten (description + SEO)
collection,funny-mugs-1,Funny Personalised Mugs,True,63,98,ACTION: rewritten (description + SEO)
collection,full-wrap-mugs,Full Wrap Printed Mugs,True,11,80,meta-desc-len(137); 3rd-party-no-disclaimer; ACTION: rewritten (description + SEO)
collection,keep-calm-mugs,Keep Calm Quote Mugs,True,21,89,meta-desc-len(131); ACTION: rewritten (description + SEO)
collection,scrabble-mugs,Scrabble Mugs,True,25,85,meta-desc-len(130); 3rd-party-no-disclaimer; ACTION: rewritten (description + SEO)
collection,this-girl-this-guy-mugs,This Girl & This Guy Mugs,True,335,95,3rd-party-no-disclaimer; ACTION: rewritten (description + SEO)
collection,i-love-mugs,I Love Personalised Mugs,True,1,80,meta-desc-len(137); 3rd-party-no-disclaimer; ACTION: rewritten (description + SEO)
collection,id-rather-be-mugs,I'd Rather Be Mugs,True,266,89,meta-desc-len(133); ACTION: rewritten (description + SEO)
collection,adult-mugs-rude,Rude Adult Mugs,True,215,88,ACTION: rewritten (description + SEO)
collection,personalised-name-mugs,Personalised Name Mugs,True,758,107,ACTION: rewritten (description + SEO)
collection,occupational-mugs,Occupational Mugs,True,1426,115,ACTION: rewritten (description + SEO)
collection,office-humour-mugs,Office Humour Mugs,True,103,91,meta-desc-len(136); ACTION: rewritten (description + SEO)
collection,trust-me-im-a-mugs,TRUST ME I'M A... MUGS,True,0,15,thin(15w); seo-title-missing; meta-desc-missing; ACTION: skipped (no products)
collection,i-like-mugs,I LIKE... MUGS,True,0,15,thin(15w); seo-title-missing; meta-desc-missing; ACTION: skipped (no products)
collection,i-love-celebrity-mugs,I LOVE CELEBRITY MUGS,True,0,19,thin(19w); seo-title-missing; meta-desc-missing; ACTION: skipped (no products)
collection,i-love-my-mugs,I Love My Personalised Mugs,True,45,94,meta-desc-len(133); 3rd-party-no-disclaimer; ACTION: rewritten (description + SEO)
collection,ive-got-mugs,I'VE GOT MUGS,True,0,15,thin(15w); seo-title-missing; meta-desc-missing; ACTION: skipped (no products)
collection,i-used-to-drive-mugs,I USED TO DRIVE MUGS,True,0,15,thin(15w); seo-title-missing; meta-desc-missing; ACTION: skipped (no products)
collection,cheeky-mugs,CHEEKY MUGS,True,0,15,thin(15w); seo-title-missing; meta-desc-missing; ACTION: skipped (no products)
collection,male-movie-stars,Male Movie Star Mugs,True,390,78,meta-desc-len(135); 3rd-party-no-disclaimer; ACTION: rewritten (description + SEO)
collection,female-movie-stars,Female Movie Star Mugs,True,203,19,thin(19w); meta-desc-missing; 3rd-party-no-disclaimer; ACTION: rewritten (description + SEO)
collection,top-100-music-artists-bands-2017,Top Music Artist & Band Mugs,True,145,19,thin(19w); seo-title-missing; meta-desc-missing; 3rd-party-no-disclaimer; ACTION: rewritten (description + SEO)
collection,top-100-bands-of-all-time,Classic Band Mugs,True,94,19,thin(19w); seo-title-missing; meta-desc-missing; 3rd-party-no-disclaimer; ACTION: rewritten (description + SEO)
collection,carry-on-mugs,Keep Calm Mugs,True,21,15,thin(15w); seo-title-missing; meta-desc-missing; ACTION: rewritten (description + SEO)
collection,league-one-football-team-mugs,League One Team Mugs,True,24,5,thin(5w); seo-title-missing; meta-desc-missing; 3rd-party-no-disclaimer; ACTION: rewritten (description + SEO)
collection,gaming-mugs,Gaming Mugs,True,37,5,thin(5w); seo-title-missing; meta-desc-missing; 3rd-party-no-disclaimer; ACTION: rewritten (description + SEO)
collection,star-sign-mugs,Star Sign Mugs,True,24,0,empty-desc; seo-title-missing; meta-desc-missing; ACTION: rewritten (description + SEO)
collection,league-2-football-teams,League Two Team Mugs,True,24,7,thin(7w); seo-title-missing; meta-desc-missing; 3rd-party-no-disclaimer; ACTION: rewritten (description + SEO)
collection,national-league-north,National League North Mugs,True,22,6,thin(6w); seo-title-missing; meta-desc-missing; 3rd-party-no-disclaimer; ACTION: rewritten (description + SEO)
collection,national-league-south,National League South Mugs,True,24,6,thin(6w); seo-title-missing; meta-desc-missing; 3rd-party-no-disclaimer; ACTION: rewritten (description + SEO)
collection,scottish-football-teams,Scottish Football Team Mugs,True,24,6,thin(6w); seo-title-missing; meta-desc-missing; 3rd-party-no-disclaimer; ACTION: rewritten (description + SEO)
collection,mothersday-mugs,Mother's Day Mugs,True,43,0,empty-desc; seo-title-missing; meta-desc-missing; ACTION: rewritten (description + SEO)
collection,this-guy-is,THIS GUY IS,True,0,0,seo-title-missing; meta-desc-missing; ACTION: skipped (no products)
collection,football-crazy-mugs,Football Crazy Mugs,True,156,0,empty-desc; seo-title-missing; meta-desc-missing; 3rd-party-no-disclaimer; ACTION: rewritten (description + SEO)
collection,keep-calm-and-support,Keep Calm & Support Mugs,True,144,0,empty-desc; seo-title-missing; meta-desc-missing; 3rd-party-no-disclaimer; ACTION: rewritten (description + SEO)
collection,kings-are-born-in-april-king-mugs,King & Queen Mugs,True,24,0,empty-desc; seo-title-missing; meta-desc-missing; ACTION: rewritten (description + SEO)
collection,animal-mugs-2,Animal Mugs,True,180,38,"seo-title-long(70); meta-desc-missing; typo ""Choose form""; ACTION: rewritten (description + SEO)"
collection,coach-and-teacher-mugs,Coach & Teacher Mugs,True,138,0,empty-desc; seo-title-missing; meta-desc-missing; ACTION: rewritten (description + SEO)
collection,signs-for-football-mugs,Football Sign Mugs,True,56,0,empty-desc; seo-title-missing; meta-desc-missing; 3rd-party-no-disclaimer; ACTION: rewritten (description + SEO)
collection,my-future-husband,My Future Husband Mugs,True,826,114,3rd-party-no-disclaimer; ACTION: rewritten (description + SEO)
collection,the-future-mrs-your-name,My Future Wife Mugs,True,1,0,empty-desc; seo-title-missing; meta-desc-missing; 3rd-party-no-disclaimer; ACTION: rewritten (description + SEO)
collection,my-celebrity-lover,My Celebrity Lover Mugs,True,1,0,empty-desc; seo-title-missing; meta-desc-missing; 3rd-party-no-disclaimer; ACTION: rewritten (description + SEO)
collection,tv-celebritys,Film & Movie Celebrity Face Masks,True,1312,0,empty-desc; seo-title-missing; meta-desc-missing; 3rd-party-no-disclaimer; ACTION: rewritten (description + SEO)
collection,film-movie-celebrities,TV Celebrity Face Masks,True,269,0,empty-desc; seo-title-missing; meta-desc-missing; 3rd-party-no-disclaimer; ACTION: rewritten (description + SEO)
collection,sport-celebrities,Sports Star Face Masks,True,1079,109,ACTION: none needed (recent copy OK)
collection,politicians-and-royals,Politician & Royal Face Masks,True,294,103,ACTION: none needed (recent copy OK)
collection,music-celebrities,Music Star Face Masks,True,575,107,ACTION: none needed (recent copy OK)
collection,adult-cards,Adult Greetings Cards,True,267,0,empty-desc; seo-title-missing; meta-desc-missing; 3rd-party-no-disclaimer; ACTION: rewritten (description + SEO)
collection,funny-cards,Funny Greetings Cards,True,308,0,empty-desc; seo-title-missing; meta-desc-missing; 3rd-party-no-disclaimer; ACTION: rewritten (description + SEO)
collection,kids-cards,Kids' Greetings Cards,True,1299,0,empty-desc; seo-title-missing; meta-desc-missing; 3rd-party-no-disclaimer; ACTION: rewritten (description + SEO)
collection,sports-cards,Sports Greetings Cards,True,702,0,empty-desc; seo-title-missing; meta-desc-missing; 3rd-party-no-disclaimer; ACTION: rewritten (description + SEO)
collection,gaming-cards,Gaming Greetings Cards,True,1219,0,empty-desc; seo-title-missing; meta-desc-missing; 3rd-party-no-disclaimer; ACTION: rewritten (description + SEO)
collection,retro-gaming-magnets,Retro Gaming Magnets,False,2923,0,inline-style; images-in-body; seo-title-missing; meta-desc-missing; ACTION: skipped (unpublished)
collection,replacement-game-cases,REPLACEMENT GAME CASES,False,0,0,seo-title-missing; meta-desc-missing; ACTION: skipped (unpublished)
collection,atari-2600-covers,ATARI 2600 COVERS,False,158,0,seo-title-missing; meta-desc-missing; ACTION: skipped (unpublished)
collection,full-list-of-celebrity-facemasks,FULL LIST OF CELEBRITY FACEMASKS,True,11,0,empty-desc; seo-title-missing; meta-desc-missing; 3rd-party-no-disclaimer; ACTION: rewritten (description + SEO)
collection,tv-stars-and-celebrities-masks,TV STARS AND CELEBRITIES MASKS,True,39,0,images-in-body; empty-desc; seo-title-missing; meta-desc-missing; 3rd-party-no-disclaimer; ACTION: rewritten (description + SEO)
collection,atari-5200-covers,ATARI 5200 COVERS,False,212,0,seo-title-missing; meta-desc-missing; ACTION: skipped (unpublished)
collection,atari-7800,ATARI 7800 REPLACEMENT GAME CASES,False,95,0,seo-title-missing; meta-desc-missing; ACTION: skipped (unpublished)
collection,atari-jaguar,ATARI JAGUAR,True,32,0,empty-desc; seo-title-missing; meta-desc-missing; ACTION: skipped (all products draft/archived)
collection,atari-jaguar-cd,ATARI JAGUAR CD,False,1,0,seo-title-missing; meta-desc-missing; ACTION: skipped (unpublished)
collection,gameboy-colour-cases,GAMEBOY COLOUR CASES,False,112,0,seo-title-missing; meta-desc-missing; ACTION: skipped (unpublished)
collection,nintendo-nes-case,NINTENDO NES CASE,True,583,0,empty-desc; seo-title-missing; meta-desc-missing; 3rd-party-no-disclaimer; ACTION: rewritten (description + SEO)
collection,nintendo-snes-case,NINTENDO SNES COVERS,False,845,0,seo-title-missing; meta-desc-missing; ACTION: skipped (unpublished)
collection,3do-case,3DO CASES,False,0,0,seo-title-missing; meta-desc-missing; ACTION: skipped (unpublished)
collection,amiga-cd-case,AMIGA CD CASE,False,19,0,seo-title-missing; meta-desc-missing; ACTION: skipped (unpublished)
collection,colevision-case,COLEVISION CASES,False,27,0,seo-title-missing; meta-desc-missing; ACTION: skipped (unpublished)
collection,odyssey-2-case,ODYSSEY 2 CASE,False,31,0,seo-title-missing; meta-desc-missing; ACTION: skipped (unpublished)
collection,playstation-1-case,PLAYSTATION 1 CASE,False,215,0,seo-title-missing; meta-desc-missing; ACTION: skipped (unpublished)
collection,sega-megadrive,SEGA MEGADRIVE,True,595,0,empty-desc; seo-title-missing; meta-desc-missing; 3rd-party-no-disclaimer; ACTION: rewritten (description + SEO)
collection,sega-mastersystem,SEGA MASTERSYSTEM,True,138,0,empty-desc; seo-title-missing; meta-desc-missing; 3rd-party-no-disclaimer; ACTION: rewritten (description + SEO)
collection,masks,ALL MASKS,True,712,0,empty-desc; seo-title-missing; meta-desc-missing; 3rd-party-no-disclaimer; ACTION: rewritten (description + SEO)
collection,main-nintendo,ALL NINTENDO,True,1134,0,empty-desc; seo-title-missing; meta-desc-missing; 3rd-party-no-disclaimer; ACTION: rewritten (description + SEO)
collection,all-atari,ALL ATARI,False,347,0,seo-title-missing; meta-desc-missing; ACTION: skipped (unpublished)
collection,nintendo-gameboy-advance,NINTENDO GAMEBOY ADVANCE,False,1,3,thin(3w); seo-title-missing; meta-desc-missing; ACTION: skipped (unpublished)
collection,nintendo-gameboy,NINTENDO GAMEBOY,False,2,0,seo-title-missing; meta-desc-missing; ACTION: skipped (unpublished)
collection,nintendo64,NINTENDO64,False,1,0,seo-title-missing; meta-desc-missing; ACTION: skipped (unpublished)
collection,bollywood-facemasks,Bollywood Face Masks,True,49,0,empty-desc; seo-title-missing; meta-desc-missing; 3rd-party-no-disclaimer; ACTION: rewritten (description + SEO)
collection,towie,Towie Face Masks,True,41,0,empty-desc; seo-title-missing; meta-desc-missing; 3rd-party-no-disclaimer; ACTION: rewritten (description + SEO)
collection,comedians,Comedian Face Masks,True,258,106,ACTION: none needed (recent copy OK)
collection,christening-invites,CHRISTENING INVITES,True,13,0,empty-desc; seo-title-missing; meta-desc-missing; ACTION: rewritten (description + SEO)
collection,engagement-invites,ENGAGEMENT INVITES,True,21,0,empty-desc; seo-title-missing; meta-desc-missing; ACTION: rewritten (description + SEO)
collection,girls-invites,Personalised Kids' Party Invitations,True,51,0,empty-desc; seo-title-missing; meta-desc-missing; 3rd-party-no-disclaimer; ACTION: rewritten (description + SEO)
collection,party-invites,PARTY INVITES,True,32,0,empty-desc; seo-title-missing; meta-desc-missing; ACTION: rewritten (description + SEO)
collection,all-mugs,ALL MUGS,True,14339,23,"mce-junk; seo-title-missing; meta-desc-missing; 3rd-party-no-disclaimer; ""Posted in a Polystyrene box"" unconfirmed; collection contains posters; ACTION: rewritten (description + SEO)"
collection,musician-cards,Musician Greetings Cards,True,702,0,empty-desc; seo-title-missing; meta-desc-missing; 3rd-party-no-disclaimer; ACTION: rewritten (description + SEO)
collection,animal-cards,Animal Greetings Cards,True,219,0,empty-desc; seo-title-missing; meta-desc-missing; ACTION: rewritten (description + SEO)
collection,valentines-day-card,Valentine's Day Cards,True,217,0,empty-desc; seo-title-missing; meta-desc-missing; 3rd-party-no-disclaimer; ACTION: rewritten (description + SEO)
collection,movie-tv-show-phone-cases,MOVIE & TV SHOW PHONE CASES,False,0,0,seo-title-missing; meta-desc-missing; ACTION: skipped (unpublished)
collection,car-stickers,Vinyl Car Decals,True,243,0,empty-desc; seo-title-missing; meta-desc-missing; 3rd-party-no-disclaimer; ACTION: rewritten (description + SEO)
collection,business-cards,BUSINESS CARDS,True,40,0,empty-desc; seo-title-missing; meta-desc-missing; ACTION: rewritten (description + SEO)
collection,benidorm-face-masks,Benidorm Face Masks,True,5,0,empty-desc; seo-title-missing; meta-desc-missing; 3rd-party-no-disclaimer; ACTION: rewritten (description + SEO)
collection,big-bang-theory-masks,The Big Bang Theory Face Masks,True,5,0,empty-desc; seo-title-missing; meta-desc-missing; 3rd-party-no-disclaimer; ACTION: rewritten (description + SEO)
collection,coronation-street-face-masks,Coronation Street Face Masks,True,50,0,empty-desc; seo-title-missing; meta-desc-missing; 3rd-party-no-disclaimer; ACTION: rewritten (description + SEO)
collection,eastenders-face-masks,Eastenders Face Masks,True,76,0,empty-desc; seo-title-missing; meta-desc-missing; 3rd-party-no-disclaimer; ACTION: rewritten (description + SEO)
collection,friends-face-masks,Friends Face Masks,True,7,0,empty-desc; seo-title-missing; meta-desc-missing; 3rd-party-no-disclaimer; ACTION: rewritten (description + SEO)
collection,geordie-shore-face-masks,Geordie Shore Face Masks,True,14,0,empty-desc; seo-title-missing; meta-desc-missing; 3rd-party-no-disclaimer; ACTION: rewritten (description + SEO)
collection,great-british-bake-off-face-masks,Great British Bake Off Face Masks,True,6,0,empty-desc; seo-title-missing; meta-desc-missing; 3rd-party-no-disclaimer; ACTION: rewritten (description + SEO)
collection,hollyoaks-face-masks,Hollyoaks Face Masks,True,15,0,empty-desc; seo-title-missing; meta-desc-missing; 3rd-party-no-disclaimer; ACTION: rewritten (description + SEO)
collection,im-a-celebrity-face-masks,I'm a Celebrity Face Masks,True,12,0,empty-desc; seo-title-missing; meta-desc-missing; 3rd-party-no-disclaimer; ACTION: rewritten (description + SEO)
collection,made-in-chelsea-face-masks,Made in Chelsea Face Masks,True,17,0,empty-desc; seo-title-missing; meta-desc-missing; 3rd-party-no-disclaimer; ACTION: rewritten (description + SEO)
collection,madmens-face-masks,Mad Men Face Masks,True,3,0,empty-desc; seo-title-missing; meta-desc-missing; 3rd-party-no-disclaimer; ACTION: rewritten (description + SEO)
collection,neighbours-face-masks,Neighbours Face Masks,True,7,0,empty-desc; seo-title-missing; meta-desc-missing; 3rd-party-no-disclaimer; ACTION: rewritten (description + SEO)
collection,only-fools-and-horses-face-masks,Only Fools and Horses Face Masks,True,8,0,empty-desc; seo-title-missing; meta-desc-missing; 3rd-party-no-disclaimer; ACTION: rewritten (description + SEO)
collection,sex-and-the-city,Sex and the City Face Masks,True,6,0,empty-desc; seo-title-missing; meta-desc-missing; 3rd-party-no-disclaimer; ACTION: rewritten (description + SEO)
collection,star-trek-face-masks,Star Trek Face Masks,True,10,0,empty-desc; seo-title-missing; meta-desc-missing; 3rd-party-no-disclaimer; ACTION: rewritten (description + SEO)
collection,strictly-come-dancing,Strictly Come Dancing Face Masks,True,31,0,empty-desc; seo-title-missing; meta-desc-missing; 3rd-party-no-disclaimer; ACTION: rewritten (description + SEO)
collection,the-walking-dead,The Walking Dead Face Masks,True,9,0,empty-desc; seo-title-missing; meta-desc-missing; 3rd-party-no-disclaimer; ACTION: rewritten (description + SEO)
collection,benidorm-face-masks-1,James Bond Face Masks,True,20,0,empty-desc; seo-title-missing; meta-desc-missing; 3rd-party-no-disclaimer; ACTION: rewritten (description + SEO)
collection,movie-actor-face-masks,Film Star Face Masks,True,1635,107,ACTION: none needed (recent copy OK)
collection,the-hangover-face-masks,The Hangover Face Masks,True,5,0,empty-desc; seo-title-missing; meta-desc-missing; 3rd-party-no-disclaimer; ACTION: rewritten (description + SEO)
collection,ally-pally-dart-face-masks,Ally Pally Darts Face Masks,True,3,0,empty-desc; seo-title-missing; meta-desc-missing; 3rd-party-no-disclaimer; ACTION: rewritten (description + SEO)
collection,boxer-face-masks,Boxer Face Masks,True,58,102,ACTION: none needed (recent copy OK)
collection,cricket-face-masks,Cricketer Face Masks,True,38,101,ACTION: none needed (recent copy OK)
collection,footballer-face-masks,Footballer Face Masks,True,1076,113,ACTION: none needed (recent copy OK)
collection,f1-face-masks,Formula 1 Driver Face Masks,True,167,107,ACTION: none needed (recent copy OK)
collection,spently_products,Spently Recommended Products,False,58667,9,thin(9w); seo-title-missing; meta-desc-missing; ACTION: skipped (unpublished)
collection,golfer-face-masks,Golfer Face Masks,True,230,103,ACTION: none needed (recent copy OK)
collection,lake-side-darts-face-masks,Darts Player Face Masks,True,77,115,ACTION: none needed (recent copy OK)
collection,man-city-face-masks,Man City Face Masks,True,14,0,empty-desc; seo-title-missing; meta-desc-missing; 3rd-party-no-disclaimer; ACTION: rewritten (description + SEO)
collection,olympics-2012-face-masks,Olympic Athlete Face Masks,True,19,0,empty-desc; seo-title-missing; meta-desc-missing; 3rd-party-no-disclaimer; ACTION: rewritten (description + SEO)
collection,rugby-face-masks,Rugby Player Face Masks,True,75,107,ACTION: none needed (recent copy OK)
collection,snooker-face-masks,Snooker Player Face Masks,True,16,104,ACTION: none needed (recent copy OK)
collection,tennis-face-masks,Tennis Player Face Masks,True,100,102,ACTION: none needed (recent copy OK)
collection,sports-face-masks,SPORTS FACE MASKS,True,483,0,empty-desc; seo-title-missing; meta-desc-missing; 3rd-party-no-disclaimer; ACTION: rewritten (description + SEO)
collection,request,REQUEST,True,3,0,empty-desc; seo-title-missing; meta-desc-missing; ACTION: skipped (utility/placeholder or content mismatch - owner to decide)
collection,tour-de-uk-face-masks,Tour De Yorkshire Face Masks,True,10,0,empty-desc; seo-title-missing; meta-desc-missing; 3rd-party-no-disclaimer; ACTION: rewritten (description + SEO)
collection,motor-tt-face-masks,Motorcycle TT Face Masks,True,10,0,empty-desc; seo-title-missing; meta-desc-missing; 3rd-party-no-disclaimer; ACTION: rewritten (description + SEO)
collection,all-phone-case,Stickers & Vinyl Decals,True,243,87,3rd-party-no-disclaimer; ACTION: rewritten (description + SEO)
collection,all-replacement-game-cases,ALL REPLACEMENT GAME CASES,True,3332,0,"empty-desc; seo-title-long(113); meta-desc-len(332); 3rd-party-no-disclaimer; SEO title 113 chars, meta 332 chars; ACTION: rewritten (description + SEO)"
collection,all-celebrity-mugs,Celebrity Mugs,True,1659,86,3rd-party-no-disclaimer; ACTION: rewritten (description + SEO)
collection,all-cards,Personalised Cards,True,6125,90,3rd-party-no-disclaimer; ACTION: rewritten (description + SEO)
collection,all-football-mugs,Football Team Mugs,True,526,79,3rd-party-no-disclaimer; ACTION: rewritten (description + SEO)
collection,all-party-printing,Personalised Party Printing,True,165,88,3rd-party-no-disclaimer; ACTION: rewritten (description + SEO)
collection,all-facemasks,Celebrity Face Masks,True,6959,113,ACTION: none needed (recent copy OK)
collection,eurovision-song-contest-face-masks,EUROVISION SONG CONTEST FACE MASKS,True,21,0,empty-desc; seo-title-missing; meta-desc-missing; 3rd-party-no-disclaimer; ACTION: rewritten (description + SEO)
collection,one-direction-face-masks,ONE DIRECTION FACE MASKS,True,12,0,empty-desc; seo-title-missing; meta-desc-missing; 3rd-party-no-disclaimer; ACTION: rewritten (description + SEO)
collection,xfactor-face-masks,The X Factor Face Masks,True,32,0,empty-desc; seo-title-missing; meta-desc-missing; 3rd-party-no-disclaimer; ACTION: rewritten (description + SEO)
collection,clarence-zone,Clearance Zone,True,2,50,meta-desc-len(156); ACTION: rewritten (description + SEO)
collection,alcohol-labels,Printed Alcohol Wine Labels,True,56,0,empty-desc; seo-title-missing; meta-desc-missing; 3rd-party-no-disclaimer; ACTION: rewritten (description + SEO)
collection,invitation-cards,INVITATION CARDS,True,117,0,empty-desc; seo-title-missing; meta-desc-missing; 3rd-party-no-disclaimer; ACTION: rewritten (description + SEO)
collection,all-personalised-prints,Personalised Prints,True,56,84,3rd-party-no-disclaimer; ACTION: rewritten (description + SEO)
collection,motor-mugs,Motor Mugs,True,135,0,empty-desc; seo-title-missing; meta-desc-missing; 3rd-party-no-disclaimer; ACTION: rewritten (description + SEO)
collection,tv-star-masks,TV Star Face Masks,True,1735,108,ACTION: none needed (recent copy OK)
collection,alchemy-mugs,Alchemy Mugs,True,101,0,empty-desc; seo-title-missing; meta-desc-missing; ACTION: rewritten (description + SEO)
collection,art-poster,ART POSTERS,True,0,0,seo-title-missing; meta-desc-missing; ACTION: skipped (no products)
collection,best-selling-products,BEST SELLING PRODUCTS,True,58742,9,thin(9w); seo-title-missing; meta-desc-missing; ACTION: skipped (utility/placeholder or content mismatch - owner to decide)
collection,newest-products,NEWEST PRODUCTS,True,58742,10,thin(10w); seo-title-missing; meta-desc-missing; ACTION: skipped (utility/placeholder or content mismatch - owner to decide)
collection,snes-posters,Nintendo Posters,True,1687,0,inline-style; images-in-body; empty-desc; seo-title-missing; meta-desc-missing; 3rd-party-no-disclaimer; ACTION: rewritten (description + SEO)
collection,britain-s-got-talent,BRITAIN'S GOT TALENT,True,5,0,empty-desc; seo-title-missing; meta-desc-missing; 3rd-party-no-disclaimer; ACTION: rewritten (description + SEO)
collection,emmerdale,Emmerdale Face Masks,True,39,0,empty-desc; seo-title-missing; meta-desc-missing; 3rd-party-no-disclaimer; ACTION: rewritten (description + SEO)
collection,atari-posters,ALL ATARI POSTERS,True,293,3,thin(3w); inline-style; images-in-body; seo-title-missing; meta-desc-missing; ACTION: skipped (all products draft/archived)
collection,nintendo-magnets,NINTENDO MAGNETS,False,1237,0,images-in-body; seo-title-missing; meta-desc-missing; ACTION: skipped (unpublished)
collection,playstation-magnets,PLAYSTATION MAGNETS,False,469,0,inline-style; images-in-body; seo-title-missing; meta-desc-missing; ACTION: skipped (unpublished)
collection,sega-posters,SEGA MAGNETS,False,0,0,seo-title-missing; meta-desc-missing; ACTION: skipped (unpublished)
collection,manufacured-in-mugs,Manufactured in Mugs,True,1,0,empty-desc; seo-title-missing; meta-desc-missing; ACTION: rewritten (description + SEO)
collection,this-is-my-birthday-mugs,THIS IS MY BIRTHDAY MUGS,True,0,0,seo-title-missing; meta-desc-missing; ACTION: skipped (no products)
collection,other-console-posters,OTHER CONSOLE POSTERS,True,9891,0,inline-style; empty-p; images-in-body; empty-desc; seo-title-missing; meta-desc-missing; 3rd-party-no-disclaimer; ACTION: rewritten (description + SEO)
collection,all-playstation-posters,ALL PLAYSTATION POSTERS,False,498,0,inline-style; images-in-body; seo-title-missing; meta-desc-missing; ACTION: skipped (unpublished)
collection,all-sega-posters,ALL SEGA POSTERS,True,1406,0,inline-style; images-in-body; empty-desc; seo-title-missing; meta-desc-missing; 3rd-party-no-disclaimer; ACTION: rewritten (description + SEO)
collection,car-cards,Car-Themed Greetings Cards,True,120,0,empty-desc; seo-title-missing; meta-desc-missing; 3rd-party-no-disclaimer; ACTION: rewritten (description + SEO)
collection,celebrity-cards,Celebrity Greetings Cards,True,496,0,empty-desc; seo-title-missing; meta-desc-missing; 3rd-party-no-disclaimer; ACTION: rewritten (description + SEO)
collection,kit-kat-labels,Personalised Sweet Wrappers,True,1,0,empty-desc; seo-title-missing; meta-desc-missing; 3rd-party-no-disclaimer; ACTION: rewritten (description + SEO)
collection,party-buntin,Personalised Kids' Party Bunting,True,148,0,empty-desc; seo-title-missing; meta-desc-missing; 3rd-party-no-disclaimer; ACTION: rewritten (description + SEO)
collection,address-labels,Address Labels,True,4,0,empty-desc; seo-title-missing; meta-desc-missing; ACTION: rewritten (description + SEO)
collection,reward-stickers,REWARD STICKERS,True,1,0,empty-desc; seo-title-missing; meta-desc-missing; ACTION: rewritten (description + SEO)
collection,all-play-station-covers,ALL PLAY STATION COVERS,False,215,0,seo-title-missing; meta-desc-missing; ACTION: skipped (unpublished)
collection,all-retro-game-cases,ALL RETRO GAME CASES,True,3283,0,empty-desc; seo-title-missing; meta-desc-missing; 3rd-party-no-disclaimer; ACTION: rewritten (description + SEO)
collection,gameboy-case,GAMEBOY CASE,False,118,0,seo-title-missing; meta-desc-missing; ACTION: skipped (unpublished)
collection,all-posters-for-size-options,All Posters - For size options,False,13775,0,seo-title-missing; meta-desc-missing; ACTION: skipped (unpublished)
collection,atari-7800-posters,ATARI 7800 POSTERS,True,34,0,empty-desc; seo-title-missing; meta-desc-missing; ACTION: skipped (all products draft/archived)
collection,all-retro-game-posters,ALL RETRO GAME POSTERS,True,13775,0,inline-style; images-in-body; empty-desc; seo-title-missing; meta-desc-len(160); 3rd-party-no-disclaimer; ACTION: rewritten (description + SEO)
collection,all-retro-gaming,ALL RETRO GAMING,True,13775,0,"empty-desc; meta-desc-len(249); 3rd-party-no-disclaimer; meta 249 chars; ""170gsm gloss"" unconfirmed; ACTION: rewritten (description + SEO)"
collection,mega-cd-posters,MEGA CD POSTERS,True,127,0,empty-desc; seo-title-missing; 3rd-party-no-disclaimer; ACTION: rewritten (description + SEO)
collection,this-is-my-birthday-mug,This Is My Birthday Mugs,True,449,0,empty-desc; seo-title-missing; meta-desc-missing; ACTION: rewritten (description + SEO)
collection,all-sega-magnets,ALL SEGA Magnets,False,1347,0,images-in-body; seo-title-missing; meta-desc-missing; ACTION: skipped (unpublished)
collection,all-atari-magnets,ALL ATARI MAGNETS,False,345,0,images-in-body; seo-title-missing; meta-desc-missing; ACTION: skipped (unpublished)
collection,all-other-magnets,ALL OTHER Magnets,False,175,0,images-in-body; seo-title-missing; meta-desc-missing; ACTION: skipped (unpublished)
collection,all-atari-keyrings,ALL ATARI KEYRINGS,False,346,0,inline-style; images-in-body; seo-title-missing; meta-desc-missing; ACTION: skipped (unpublished)
collection,all-nintendo-keyrings,ALL NINTENDO KEYRINGS,False,1599,0,images-in-body; seo-title-missing; meta-desc-missing; ACTION: skipped (unpublished)
collection,all-sega-keyrings,ALL SEGA KEYRINGS,False,805,0,images-in-body; seo-title-missing; meta-desc-missing; ACTION: skipped (unpublished)
collection,all-other-keyrings,ALL OTHER KEYRINGS,False,132,0,images-in-body; seo-title-missing; meta-desc-missing; ACTION: skipped (unpublished)
collection,all-retro-gaming-keyrings,ALL RETRO GAMING KEYRINGS,False,1933,0,inline-style; empty-p; images-in-body; seo-title-missing; meta-desc-missing; ACTION: skipped (unpublished)
collection,all-playstation-keyrings-1,ALL PLAYSTATION KEYRINGS,False,497,0,inline-style; images-in-body; seo-title-missing; meta-desc-missing; ACTION: skipped (unpublished)
collection,atari-jaguar-cd-keyrings,ATARI JAGUAR CD KEYRINGS,False,28,0,seo-title-missing; meta-desc-missing; ACTION: skipped (unpublished)
collection,atari-2600-keyrings,ATARI 2600 KEYRINGS,False,154,0,seo-title-missing; meta-desc-missing; ACTION: skipped (unpublished)
collection,atari-5200-keyrings,ATARI 5200 KEYRINGS,False,108,0,seo-title-missing; meta-desc-missing; ACTION: skipped (unpublished)
collection,atari-7800-keyrings,ATARI 7800 KEYRINGS,False,48,0,seo-title-missing; meta-desc-missing; ACTION: skipped (unpublished)
collection,sega-saturn-keyrings,SEGA SATURN KEYRINGS,False,244,0,seo-title-missing; meta-desc-missing; ACTION: skipped (unpublished)
collection,sega-32x-keyrings,SEGA 32X KEYRINGS,False,28,0,seo-title-missing; meta-desc-missing; ACTION: skipped (unpublished)
collection,sega-mega-cd-keyrings,SEGA MEGA CD KEYRINGS,False,137,0,seo-title-missing; meta-desc-missing; ACTION: skipped (unpublished)
collection,sega-mastersystem-keyrings,SEGA MASTERSYSTEM KEYRINGS,False,182,0,seo-title-missing; meta-desc-missing; ACTION: skipped (unpublished)
collection,playstation-4-keyrings,PLAYSTATION 4 KEYRINGS,False,54,0,seo-title-missing; meta-desc-missing; ACTION: skipped (unpublished)
collection,nintendo-gamecube-keyrings,NINTENDO GAMECUBE KEYRINGS,False,216,0,seo-title-missing; meta-desc-missing; ACTION: skipped (unpublished)
collection,nintendo-snes-keyrings,NINTENDO SNES KEYRINGS,False,602,0,seo-title-missing; meta-desc-missing; ACTION: skipped (unpublished)
collection,neo-geo-keyrings,NEO GEO KEYRINGS,False,44,0,seo-title-missing; meta-desc-missing; ACTION: skipped (unpublished)
collection,odyssey-keyrings,ODYSSEY KEYRINGS,False,30,0,seo-title-missing; meta-desc-missing; ACTION: skipped (unpublished)
collection,coleco-keyrings,COLECO KEYRINGS,False,27,0,seo-title-missing; meta-desc-missing; ACTION: skipped (unpublished)
collection,amiga-cd32-keyrings,AMIGA CD32 KEYRINGS,False,31,0,seo-title-missing; meta-desc-missing; ACTION: skipped (unpublished)
collection,ps1-magnets,PS1 MAGNETS,False,415,0,seo-title-missing; meta-desc-missing; ACTION: skipped (unpublished)
collection,ps1-magnets-1,PS1 MAGNETS,False,415,0,seo-title-missing; meta-desc-missing; ACTION: skipped (unpublished)
collection,hoodies,Printed Hoodies,True,70,0,empty-desc; seo-title-missing; meta-desc-missing; ACTION: rewritten (description + SEO)
collection,t-shirts,Printed T-Shirts,True,357,0,empty-desc; seo-title-missing; meta-desc-missing; 3rd-party-no-disclaimer; ACTION: rewritten (description + SEO)
collection,retro-game-canvas,RETRO GAME CANVAS,False,0,0,seo-title-missing; meta-desc-missing; ACTION: skipped (unpublished)
collection,nes-canvas,NES CANVAS,False,0,0,seo-title-missing; meta-desc-missing; ACTION: skipped (unpublished)
collection,nintendo-canvas,NINTENDO CANVAS,False,0,0,seo-title-missing; meta-desc-missing; ACTION: skipped (unpublished)
collection,atari-xe-keyrings,ATARI XE KEYRINGS,False,8,0,seo-title-missing; meta-desc-missing; ACTION: skipped (unpublished)
collection,nintendo-nes-keyrings,NINTENDO NES KEYRINGS,False,647,0,seo-title-missing; meta-desc-missing; ACTION: skipped (unpublished)
collection,nintendo-gameboy-keyrings,NINTENDO GAMEBOY KEYRINGS,False,63,0,seo-title-missing; meta-desc-missing; ACTION: skipped (unpublished)
collection,nintendo-gameboy-advance-keyrings,NINTENDO GAMEBOY ADVANCE KEYRINGS,False,71,0,seo-title-missing; meta-desc-missing; ACTION: skipped (unpublished)
collection,sega-dreamcast-keyrings,SEGA DREAMCAST KEYRINGS,False,214,0,seo-title-missing; meta-desc-missing; ACTION: skipped (unpublished)
collection,sega-genesis,Sega Genesis,False,559,0,seo-title-missing; meta-desc-missing; ACTION: skipped (unpublished)
collection,sega-cases,Sega Cases,False,697,0,seo-title-missing; meta-desc-missing; ACTION: skipped (unpublished)
collection,other-console-cases,Other Console Cases,False,0,0,seo-title-missing; meta-desc-missing; ACTION: skipped (unpublished)
collection,sega-dreamcast-cases,Sega Dreamcast Cases,False,62,0,seo-title-missing; meta-desc-missing; ACTION: skipped (unpublished)
collection,sega-mega-cd-case,Sega Mega CD Case,False,165,0,seo-title-missing; meta-desc-missing; ACTION: skipped (unpublished)
collection,nintendo-gameboy-case,Nintendo Gameboy Case,False,207,0,seo-title-missing; meta-desc-missing; ACTION: skipped (unpublished)
collection,xbox-360-cases,Xbox 360 Cases,False,0,0,seo-title-missing; meta-desc-missing; ACTION: skipped (unpublished)
collection,intelivision-cases,Intelivision Cases,False,0,0,seo-title-missing; meta-desc-missing; ACTION: skipped (unpublished)
collection,facebook,SHOP ALL,True,16033,0,empty-desc; seo-title-missing; meta-desc-missing; ACTION: skipped (utility/placeholder or content mismatch - owner to decide)
collection,baby-vests,Personalised Baby Grows,True,2121,31,"seo-title-missing; meta-desc-missing; 3rd-party-no-disclaimer; ""FoxyPrinting are now supplying"" dated copy; ACTION: rewritten (description + SEO)"
collection,untitled-range-40564,Untitled Range #40564,True,5,0,empty-desc; seo-title-missing; meta-desc-missing; ACTION: skipped (utility/placeholder or content mismatch - owner to decide)
collection,signed-autographed-prints,Printed Signature Prints,True,3244,0,empty-desc; seo-title-missing; meta-desc-missing; 3rd-party-no-disclaimer; ACTION: rewritten (description + SEO)
collection,signed-autographed-american-football-prints,Printed Signature American Football Prints,True,0,0,seo-title-missing; meta-desc-missing; ACTION: skipped (no products)
collection,posters-canvas-art,POSTERS & CANVAS ART,True,3529,287,"too-long(287w); mce-junk; seo-title-missing; meta-desc-missing; 3rd-party-no-disclaimer; unconfirmed specs (170gsm gloss, wooden frames, sent same day, USA customs note); ""Limited Edition""/""favorite"" US spelling; ACTION: rewritten (description + SEO)"
collection,football-posters,Football Posters,True,758,0,empty-desc; seo-title-missing; meta-desc-missing; 3rd-party-no-disclaimer; ACTION: rewritten (description + SEO)
collection,digital-goods-vat-tax,Digital Goods VAT Tax,False,0,0,seo-title-missing; meta-desc-missing; ACTION: skipped (unpublished)
collection,basketball-face-masks,Basketball Face Masks,True,26,0,empty-desc; seo-title-missing; meta-desc-missing; 3rd-party-no-disclaimer; ACTION: rewritten (description + SEO)
collection,ve-day-bunting,VE Day Bunting,False,8,0,seo-title-missing; meta-desc-missing; ACTION: skipped (unpublished)
collection,social-distancing-stickers-printing,Social Distancing Stickers Printing,True,168,8,thin(8w); seo-title-missing; meta-desc-missing; ACTION: rewritten (description + SEO)
collection,fathers-day-gifts-step-dad-fathers-day,Fathers Day Gifts - Step Dad Fathers Day,True,28,0,empty-desc; seo-title-missing; meta-desc-missing; 3rd-party-no-disclaimer; ACTION: rewritten (description + SEO)
collection,wrapping-paper,Rude Wrapping Paper,True,47,48,seo-title-missing; meta-desc-missing; ACTION: rewritten (description + SEO)
collection,fruit-shoot-bottle-labels,Fruit Shoot Bottle Labels,False,48,5,thin(5w); seo-title-missing; meta-desc-missing; ACTION: skipped (unpublished)
collection,golfer-autograph,Golfer Printed Signature Posters,True,146,2,thin(2w); mce-junk; banned:autograph; seo-title-missing; meta-desc-missing; 3rd-party-no-disclaimer; ACTION: rewritten (description + SEO)
collection,cricket-player-signed-prints,Cricket Printed Signature Posters,True,1,3,thin(3w); mce-junk; banned:autograph; seo-title-missing; meta-desc-missing; 3rd-party-no-disclaimer; ACTION: rewritten (description + SEO)
collection,american-football-posters,American Football Posters,True,4,3,thin(3w); mce-junk; banned:autograph; seo-title-missing; meta-desc-missing; 3rd-party-no-disclaimer; ACTION: rewritten (description + SEO)
collection,snooker-star-autograph,Snooker Star Printed Signature Prints,True,8,0,empty-desc; seo-title-missing; meta-desc-missing; 3rd-party-no-disclaimer; ACTION: rewritten (description + SEO)
collection,boxer-autograph,Boxing Printed Signature Posters,True,45,2,thin(2w); mce-junk; banned:autograph; seo-title-missing; meta-desc-missing; 3rd-party-no-disclaimer; ACTION: rewritten (description + SEO)
collection,mma-wrestling-star-autograph,MMA & Wrestling Printed Signature Posters,True,220,4,thin(4w); mce-junk; banned:autograph; seo-title-missing; meta-desc-missing; 3rd-party-no-disclaimer; ACTION: rewritten (description + SEO)
collection,football-player-autograph,Footballer Printed Signature Posters,True,1071,3,thin(3w); mce-junk; banned:autograph; seo-title-missing; meta-desc-missing; 3rd-party-no-disclaimer; ACTION: rewritten (description + SEO)
collection,formula-1-star-autograph,Formula 1 Star Printed Signature Prints,True,23,4,thin(4w); mce-junk; banned:autograph; seo-title-missing; meta-desc-missing; 3rd-party-no-disclaimer; ACTION: rewritten (description + SEO)
collection,tv-show-star-autograph,TV Star Printed Signature Posters,True,68,4,thin(4w); mce-junk; banned:autograph; seo-title-missing; meta-desc-missing; 3rd-party-no-disclaimer; ACTION: rewritten (description + SEO)
collection,horse-racing-star-autograph,Horse Racing Star Printed Signature Prints,True,94,0,empty-desc; seo-title-missing; meta-desc-missing; 3rd-party-no-disclaimer; ACTION: rewritten (description + SEO)
collection,game-of-thrones-star-autograph,Game of Thrones Star Printed Signature Posters,True,8,0,empty-desc; seo-title-missing; meta-desc-missing; 3rd-party-no-disclaimer; ACTION: rewritten (description + SEO)
collection,movie-star-autograph,Movie Star Printed Signature Prints,True,130,0,empty-desc; seo-title-missing; meta-desc-missing; 3rd-party-no-disclaimer; ACTION: rewritten (description + SEO)
collection,walking-dead-star-autograph,The Walking Dead Printed Signature Posters,True,42,0,empty-desc; seo-title-missing; meta-desc-missing; 3rd-party-no-disclaimer; ACTION: rewritten (description + SEO)
collection,rugby-star-autograph,Rugby Printed Signature Posters,True,216,0,empty-desc; seo-title-missing; meta-desc-missing; 3rd-party-no-disclaimer; ACTION: rewritten (description + SEO)
collection,music-star-autograph,Music Star Printed Signature Prints,True,66,0,empty-desc; seo-title-missing; meta-desc-missing; 3rd-party-no-disclaimer; ACTION: rewritten (description + SEO)
collection,euro-2021-celebrity-football-face-masks,European Football Face Masks,True,30,0,empty-desc; seo-title-missing; meta-desc-missing; 3rd-party-no-disclaimer; ACTION: rewritten (description + SEO)
collection,wales-2021-football-face-masks,Wales Football Face Masks,True,1,0,empty-desc; seo-title-missing; meta-desc-missing; 3rd-party-no-disclaimer; ACTION: rewritten (description + SEO)
collection,england-2021-football-face-masks,England Football Face Masks,True,26,0,empty-desc; seo-title-missing; meta-desc-missing; 3rd-party-no-disclaimer; ACTION: rewritten (description + SEO)
collection,copa-america-2021,Copa América Football Face Masks,True,3,0,empty-desc; seo-title-missing; meta-desc-missing; 3rd-party-no-disclaimer; ACTION: rewritten (description + SEO)
collection,printed-santa-sacks,Personalised Santa Sacks,True,681,112,"mce-junk; images-in-body; seo-title-long(76); meta-desc-missing; 3rd-party-no-disclaimer; keyword-stuffed opening, refers to ""Santa Sacks .com""; ACTION: rewritten (description + SEO)"
collection,christmas-novelty-gifts,Christmas & Novelty Gifts,True,1052,0,empty-desc; seo-title-missing; meta-desc-missing; 3rd-party-no-disclaimer; ACTION: rewritten (description + SEO)
collection,superhero-cartoon-santa-sacks,Superhero Santa Sacks,True,680,0,empty-desc; seo-title-missing; meta-desc-missing; 3rd-party-no-disclaimer; ACTION: rewritten (description + SEO)
collection,posters-prints,"Posters, Prints & Wall Art",True,16,0,empty-desc; seo-title-missing; meta-desc-missing; 3rd-party-no-disclaimer; ACTION: rewritten (description + SEO)
collection,retro-football-posters,Retro Football Posters,True,1,0,empty-desc; seo-title-missing; meta-desc-missing; 3rd-party-no-disclaimer; ACTION: rewritten (description + SEO)
collection,stag-hen-ideas,Stag & Hen Party Products,True,0,0,seo-title-missing; meta-desc-missing; ACTION: skipped (no products)
collection,stag-doo-t-shirts,Stag Do T-Shirts,True,130,0,empty-desc; seo-title-missing; meta-desc-missing; ACTION: rewritten (description + SEO)
collection,hen-doo-t-shirts,Hen Do T-Shirts,True,152,0,empty-desc; seo-title-missing; meta-desc-missing; 3rd-party-no-disclaimer; ACTION: rewritten (description + SEO)
collection,stag-hen-party-face-masks,Stag & Hen Party Face Masks,True,318,0,empty-desc; seo-title-missing; meta-desc-missing; 3rd-party-no-disclaimer; ACTION: rewritten (description + SEO)
collection,unicorn-santa-sacks,Unicorn Santa Sacks,True,0,5,thin(5w); seo-title-missing; meta-desc-missing; ACTION: skipped (no products)
collection,unicorn-magic-cushions,Unicorn Magic Cushions,True,162,0,empty-desc; seo-title-missing; meta-desc-missing; ACTION: rewritten (description + SEO)
collection,personalised-word-art-prints,Personalised Word Art Prints,True,219,0,empty-desc; seo-title-missing; meta-desc-missing; ACTION: rewritten (description + SEO)
collection,celebrity-cushions,Celebrity Cushions,True,56,0,empty-desc; seo-title-missing; meta-desc-missing; 3rd-party-no-disclaimer; ACTION: rewritten (description + SEO)
collection,personalised-face-masks,Personalised Face Masks,True,41,155,too-long(155w); ACTION: none needed (recent copy OK)
collection,austin-powers,Austin Powers Face Masks,True,7,0,empty-desc; seo-title-missing; meta-desc-missing; 3rd-party-no-disclaimer; ACTION: rewritten (description + SEO)
collection,emmerdale-1,EMMERDALE,True,39,0,empty-desc; seo-title-missing; meta-desc-missing; 3rd-party-no-disclaimer; ACTION: rewritten (description + SEO)
collection,gangs-of-london,Gangs of London Face Masks,True,9,0,empty-desc; seo-title-missing; meta-desc-missing; 3rd-party-no-disclaimer; ACTION: rewritten (description + SEO)
collection,love-island,Love Island Face Masks,True,143,0,empty-desc; seo-title-missing; meta-desc-missing; 3rd-party-no-disclaimer; ACTION: rewritten (description + SEO)
collection,real-housewives,Real Housewives Face Masks,True,15,0,empty-desc; seo-title-missing; meta-desc-missing; 3rd-party-no-disclaimer; ACTION: rewritten (description + SEO)
collection,ru-pauls-drag-race,RuPaul's Drag Race Face Masks,True,0,0,seo-title-missing; meta-desc-missing; ACTION: skipped (no products)
collection,the-chase,The Chase Face Masks,True,4,0,empty-desc; seo-title-missing; meta-desc-missing; 3rd-party-no-disclaimer; ACTION: rewritten (description + SEO)
collection,the-voice,The Voice Face Masks,True,0,0,seo-title-missing; meta-desc-missing; ACTION: skipped (no products)
collection,workwear,WORKWEAR,True,3,0,empty-desc; seo-title-missing; meta-desc-missing; ACTION: rewritten (description + SEO)
collection,gaming-t-shirts,Gaming T-Shirts,True,294,0,empty-desc; seo-title-missing; meta-desc-missing; 3rd-party-no-disclaimer; ACTION: rewritten (description + SEO)
collection,loyalty-cards,Loyalty Cards,True,81,0,empty-desc; seo-title-missing; meta-desc-missing; ACTION: rewritten (description + SEO)
collection,thank-you-cards,Thank You Cards,True,40,0,empty-desc; seo-title-missing; meta-desc-missing; ACTION: rewritten (description + SEO)
collection,loyalty-and-thank-you-cards,Loyalty & Thank You Cards,True,121,0,empty-desc; seo-title-missing; meta-desc-missing; ACTION: rewritten (description + SEO)
collection,custom-printed-face-masks,Custom Face Masks & Snoods,True,9,0,empty-desc; seo-title-missing; meta-desc-missing; ACTION: rewritten (description + SEO)
collection,birthday-banners,Birthday Banners,True,100,0,empty-desc; seo-title-missing; meta-desc-missing; 3rd-party-no-disclaimer; ACTION: rewritten (description + SEO)
collection,football-team-face-coverings,Football Team Face Coverings,True,301,0,empty-desc; seo-title-missing; meta-desc-missing; ACTION: skipped (utility/placeholder or content mismatch - owner to decide)
collection,football-coasters,Football Coasters,True,352,0,empty-desc; seo-title-missing; meta-desc-missing; 3rd-party-no-disclaimer; ACTION: rewritten (description + SEO)
collection,football-bar-mats,Football Bar Mats,True,32,0,empty-desc; seo-title-missing; meta-desc-missing; 3rd-party-no-disclaimer; ACTION: rewritten (description + SEO)
collection,drinks-coaster,Printed Drinks Coasters,True,655,0,empty-desc; seo-title-missing; meta-desc-missing; ACTION: rewritten (description + SEO)
collection,funny-coasters,Funny Coasters,True,602,0,empty-desc; seo-title-missing; meta-desc-missing; ACTION: rewritten (description + SEO)
collection,bar-mats,Printed Bar Mats,True,85,0,empty-desc; seo-title-missing; meta-desc-missing; 3rd-party-no-disclaimer; ACTION: rewritten (description + SEO)
collection,man-cave-coasters,Man Cave Coasters,True,11,0,empty-desc; seo-title-missing; meta-desc-missing; ACTION: rewritten (description + SEO)
collection,bar-coasters,Bar Coasters,True,9,0,empty-desc; seo-title-missing; meta-desc-missing; ACTION: rewritten (description + SEO)
collection,unicorn-mugs,Unicorn Mugs,True,19,0,empty-desc; seo-title-missing; meta-desc-missing; ACTION: rewritten (description + SEO)
collection,ink-master,Ink Master Face Masks,True,6,0,empty-desc; seo-title-missing; meta-desc-missing; 3rd-party-no-disclaimer; ACTION: rewritten (description + SEO)
collection,bad-boys,Bad Boys Face Masks,True,12,0,empty-desc; seo-title-missing; meta-desc-missing; 3rd-party-no-disclaimer; ACTION: rewritten (description + SEO)
collection,maid,Maid Face Masks,True,15,0,empty-desc; seo-title-missing; meta-desc-missing; 3rd-party-no-disclaimer; ACTION: rewritten (description + SEO)
collection,money-heist,Money Heist Face Masks,True,22,0,empty-desc; seo-title-missing; meta-desc-missing; 3rd-party-no-disclaimer; ACTION: rewritten (description + SEO)
collection,saw,Saw Face Masks,True,12,0,empty-desc; seo-title-missing; meta-desc-missing; 3rd-party-no-disclaimer; ACTION: rewritten (description + SEO)
collection,squid-game,Squid Game Face Masks,True,18,0,empty-desc; seo-title-missing; meta-desc-missing; 3rd-party-no-disclaimer; ACTION: rewritten (description + SEO)
collection,platinum-jubilee-2020,King Charles Coronation Party Gifts,True,294,21,"empty-p; seo-title-missing; meta-desc-missing; 3rd-party-no-disclaimer; title says King Charles coronation, products are Platinum Jubilee; ACTION: rewritten (description + SEO)"
collection,sam-raimi-spider-man-masks,Spider-Man Face Masks,True,9,0,empty-desc; seo-title-missing; meta-desc-missing; 3rd-party-no-disclaimer; ACTION: rewritten (description + SEO)
collection,still-game-face-masks,Still Game Face Masks,True,9,0,empty-desc; seo-title-missing; meta-desc-missing; 3rd-party-no-disclaimer; ACTION: rewritten (description + SEO)
collection,the-victim-face-masks,The Victim Face Masks,True,7,0,empty-desc; seo-title-missing; meta-desc-missing; 3rd-party-no-disclaimer; ACTION: rewritten (description + SEO)
collection,the-queen-of-flow-face-masks,The Queen of Flow Face Masks,True,8,0,empty-desc; seo-title-missing; meta-desc-missing; 3rd-party-no-disclaimer; ACTION: rewritten (description + SEO)
collection,the-boys-amazon-prime-facemasks,The Boys Face Masks,True,7,0,empty-desc; seo-title-missing; meta-desc-missing; 3rd-party-no-disclaimer; ACTION: rewritten (description + SEO)
collection,stranger-things-face-masks,Stranger Things Face Masks,True,17,0,empty-desc; seo-title-missing; meta-desc-missing; 3rd-party-no-disclaimer; ACTION: rewritten (description + SEO)
collection,personalised-bar-mats,Personalised Bar Mats,True,53,0,empty-desc; seo-title-missing; meta-desc-missing; ACTION: rewritten (description + SEO)
collection,god-of-hellfire,God of Hellfire,True,22,0,empty-desc; seo-title-missing; meta-desc-missing; ACTION: skipped (utility/placeholder or content mismatch - owner to decide)
collection,printed-clothing-new-2023,PRINTED CLOTHING NEW 2023,True,0,0,seo-title-missing; meta-desc-missing; ACTION: skipped (no products)
collection,scarves,Personalised Scarves,True,13,0,empty-desc; seo-title-missing; meta-desc-missing; ACTION: rewritten (description + SEO)
collection,bobble-hats,Personalised Bobble Hats,True,8,0,empty-desc; seo-title-missing; meta-desc-missing; ACTION: skipped (all products draft/archived)
collection,personalised-bottle-and-holder,Personalised Sports Accessories,True,10,0,empty-desc; seo-title-missing; meta-desc-missing; ACTION: rewritten (description + SEO)
collection,king-charles-coronation-mug,king charles coronation mug,True,12,0,empty-desc; seo-title-missing; meta-desc-missing; 3rd-party-no-disclaimer; ACTION: rewritten (description + SEO)
collection,king-charles-coronation-pins,KING CHARLES CORONATION PINS,True,58,0,empty-desc; seo-title-missing; meta-desc-missing; 3rd-party-no-disclaimer; ACTION: rewritten (description + SEO)
collection,king-charles-coronation,KING CHARLES CORONATION,True,0,0,seo-title-missing; meta-desc-missing; ACTION: skipped (no products)
collection,king-charles-iii-coronation-bunting,KING CHARLES III CORONATION BUNTING,True,14,0,empty-desc; seo-title-missing; meta-desc-missing; 3rd-party-no-disclaimer; ACTION: rewritten (description + SEO)
collection,king-charles-iii-coronation,KING CHARLES III CORONATION,True,130,0,empty-desc; seo-title-missing; meta-desc-missing; 3rd-party-no-disclaimer; ACTION: rewritten (description + SEO)
collection,king-charles-iii-coronation-metal-bottle,KING CHARLES III CORONATION METAL BOTTLE,True,2,0,empty-desc; seo-title-missing; meta-desc-missing; 3rd-party-no-disclaimer; ACTION: rewritten (description + SEO)
collection,king-charles-iii-coronation-snoods,KING CHARLES III CORONATION SNOODS,True,4,0,empty-desc; seo-title-missing; meta-desc-missing; 3rd-party-no-disclaimer; ACTION: rewritten (description + SEO)
collection,king-charles-iii-coronation-clothing,KING CHARLES III CORONATION CLOTHING,True,35,0,empty-desc; seo-title-missing; meta-desc-missing; 3rd-party-no-disclaimer; ACTION: rewritten (description + SEO)
collection,king-charles-iii-coronation-bags,KING CHARLES III CORONATION BAGS,True,2,0,empty-desc; seo-title-missing; meta-desc-missing; 3rd-party-no-disclaimer; ACTION: rewritten (description + SEO)
collection,king-charles-iii-coeronation-clothing,KING CHARLES III COERONATION CLOTHING,True,35,0,empty-desc; seo-title-missing; meta-desc-missing; 3rd-party-no-disclaimer; ACTION: rewritten (description + SEO)
collection,king-charles-iii-coronation-bear,KING CHARLES III CORONATION BEAR,True,1,0,empty-desc; seo-title-missing; meta-desc-missing; 3rd-party-no-disclaimer; ACTION: rewritten (description + SEO)
collection,king-charles-iii-coronation-kids-t-shirts,KING CHARLES III CORONATION KIDS T-SHIRTS,True,16,0,empty-desc; seo-title-missing; meta-desc-missing; 3rd-party-no-disclaimer; ACTION: rewritten (description + SEO)
collection,king-charles-iii-coronation-medals,KING CHARLES III CORONATION MEDALS,True,48,0,empty-desc; seo-title-missing; meta-desc-missing; 3rd-party-no-disclaimer; ACTION: rewritten (description + SEO)
collection,errea-bags,Errea Sports Bags,True,4,0,empty-desc; seo-title-missing; meta-desc-missing; ACTION: skipped (all products draft/archived)
collection,king-charles-iii-coronation-tea-towels,KING CHARLES III CORONATION TEA TOWELS,True,15,0,empty-desc; seo-title-missing; meta-desc-missing; 3rd-party-no-disclaimer; ACTION: rewritten (description + SEO)
collection,king-charles-iii-coronation-coasters,KING CHARLES III CORONATION COASTERS,True,16,0,empty-desc; seo-title-missing; meta-desc-missing; 3rd-party-no-disclaimer; ACTION: rewritten (description + SEO)
collection,pride-t-shirts,"Pride Hoodies, Tees & T-Shirts",True,78,92,"seo-title-missing; meta-desc-missing; off-topic copied text (""our UCSF community""); ACTION: rewritten (description + SEO)"
collection,personalised-teddys,Personalised Teddy Bears,True,15,0,empty-desc; seo-title-missing; meta-desc-missing; 3rd-party-no-disclaimer; ACTION: rewritten (description + SEO)
collection,fathers-day-gifts,Father's Day Gifts,True,76,0,empty-desc; seo-title-missing; meta-desc-missing; 3rd-party-no-disclaimer; ACTION: rewritten (description + SEO)
collection,fathers-day-gifts-1,Father's Day Gifts,True,178,0,empty-desc; seo-title-missing; meta-desc-missing; 3rd-party-no-disclaimer; ACTION: rewritten (description + SEO)
collection,personalised-lunchboxes,Personalised Lunchboxes,True,5,0,empty-desc; seo-title-missing; meta-desc-missing; ACTION: rewritten (description + SEO)
collection,personalised-flask,Personalised Flask,True,0,0,seo-title-missing; meta-desc-missing; ACTION: skipped (no products)
collection,personalised-mousepads,Personalised Mouse Mats,True,21,0,empty-desc; seo-title-missing; meta-desc-missing; 3rd-party-no-disclaimer; ACTION: rewritten (description + SEO)
collection,personalised-backpack,Personalised Backpacks,True,1,0,empty-desc; seo-title-missing; meta-desc-missing; ACTION: rewritten (description + SEO)
collection,personalised-poster,Personalised Posters,True,1,0,empty-desc; seo-title-missing; meta-desc-missing; ACTION: rewritten (description + SEO)
collection,personalised-mug,Personalised Mugs,True,1,0,empty-desc; seo-title-missing; meta-desc-missing; ACTION: rewritten (description + SEO)
collection,personalised-doormat,Personalised Doormats,True,1,0,empty-desc; seo-title-missing; meta-desc-missing; ACTION: rewritten (description + SEO)
collection,perfect-skins,PerfectDraft Machine Skins,True,82,245,"too-long(245w); mce-junk; empty-p; seo-title-missing; meta-desc-missing; 3rd-party-no-disclaimer; unconfirmed claims (magnetic, waterproof, durable); product titles say vinyl sticker; ACTION: rewritten (description + SEO)"
collection,sports-skins,PerfectDraft Sports Skins,True,65,0,empty-desc; seo-title-missing; meta-desc-missing; 3rd-party-no-disclaimer; ACTION: rewritten (description + SEO)
collection,movie-skins,PerfectDraft Movie Skins,True,9,0,empty-desc; seo-title-missing; meta-desc-missing; 3rd-party-no-disclaimer; ACTION: rewritten (description + SEO)
collection,music-skins,PerfectDraft Music Skins,True,2,0,empty-desc; seo-title-missing; meta-desc-missing; 3rd-party-no-disclaimer; ACTION: rewritten (description + SEO)
collection,video-game-skins,PerfectDraft Gaming Skins,True,3,0,empty-desc; seo-title-missing; meta-desc-missing; 3rd-party-no-disclaimer; ACTION: rewritten (description + SEO)
collection,personalised-bath-towels,Personalised Bath Towels,True,48,37,seo-title-missing; meta-desc-missing; 3rd-party-no-disclaimer; unconfirmed towel specs; ACTION: rewritten (description + SEO)
collection,rugby-team-personalised-bath-towel,Retro Rugby Bath Towels,True,43,37,mce-junk; seo-title-missing; meta-desc-missing; 3rd-party-no-disclaimer; unconfirmed towel specs; ACTION: rewritten (description + SEO)
collection,personalised-water-bottle,Personalised Water Bottles,True,1,0,empty-desc; seo-title-missing; meta-desc-missing; ACTION: rewritten (description + SEO)
collection,football-bath-towels,Personalised Sports Bath Towels,True,205,0,empty-desc; seo-title-missing; meta-desc-missing; 3rd-party-no-disclaimer; ACTION: rewritten (description + SEO)
collection,personalised-custom-christmas-stockings,Personalised Custom Christmas Stockings,True,362,67,ACTION: skipped (already fixed by main session)
collection,new-collections,NEW COLLECTIONS,True,459,0,empty-desc; seo-title-missing; meta-desc-missing; ACTION: skipped (utility/placeholder or content mismatch - owner to decide)
collection,premier-league-darts-masks-2024,Premier League Darts Masks 2024,True,10,0,empty-desc; seo-title-missing; meta-desc-missing; 3rd-party-no-disclaimer; ACTION: rewritten (description + SEO)
collection,marvel-cinematic-universe-actors,Marvel Cinematic Universe Actors,True,29,0,empty-desc; seo-title-missing; meta-desc-missing; 3rd-party-no-disclaimer; ACTION: rewritten (description + SEO)
collection,celebrity-couples-fancy-dress-face-masks,Celebrity Couples & Party Pack Face Masks,True,215,111,ACTION: none needed (recent copy OK)
collection,movie-stars-face-mask-2024,MOVIE STARS FACE MASK 2024,True,30,12,thin(12w); seo-title-missing; meta-desc-missing; 3rd-party-no-disclaimer; ACTION: rewritten (description + SEO)
collection,film-character-face-mask-2024,FILM CHARACTER FACE MASK 2024,True,30,12,thin(12w); seo-title-missing; meta-desc-missing; 3rd-party-no-disclaimer; ACTION: rewritten (description + SEO)
collection,love-island-face-mask,LOVE ISLAND FACE MASK,True,133,12,thin(12w); seo-title-missing; meta-desc-missing; 3rd-party-no-disclaimer; ACTION: rewritten (description + SEO)
collection,euros-2024-england-football,Euros 2024 England Football,True,296,103,"seo-title-missing; meta-desc-missing; 3rd-party-no-disclaimer; AI-blog filler (""Hey there!""); ACTION: rewritten (description + SEO)"
collection,fathers-day-cards,Father's Day Cards,True,63,115,"meta-desc-missing; 3rd-party-no-disclaimer; US spelling ""personalized"", filler; ACTION: rewritten (description + SEO)"
collection,country-flags,Country Flags,True,14,72,"meta-desc-missing; unconfirmed claims (FREE DELIVERY, fire certificate, 115gsm, eyelets); ACTION: skipped (all products draft/archived)"
collection,football-flags,Football Flags,True,39,71,"meta-desc-missing; unconfirmed claims (FREE DELIVERY, fire certificate, 115gsm, eyelets); ""Polester"" typo; ACTION: skipped (all products draft/archived)"
collection,custom-captains-armbands,Custom Captains Armbands,True,43,44,"seo-title-missing; meta-desc-missing; US spelling ""personalized""; unconfirmed material; ACTION: rewritten (description + SEO)"
collection,signed-a6-poster-card-packs,A6 Printed Signature Poster Card Packs,True,40,0,empty-desc; seo-title-missing; meta-desc-missing; 3rd-party-no-disclaimer; ACTION: rewritten (description + SEO)
collection,signed-a6-football-poster-card-packs,A6 Printed Signature Football Poster Card Packs,True,40,0,empty-desc; seo-title-missing; meta-desc-missing; 3rd-party-no-disclaimer; ACTION: rewritten (description + SEO)
collection,ve-day-80th-anniversary-collection-victory-in-europe,VE Day 80th Anniversary Collection - Victory in Europe,True,213,107,"images-in-body; seo-title-missing; meta-desc-missing; ""exclusive/limited edition"" claims; ACTION: rewritten (description + SEO)"
collection,ve-day-80-clothing,VE DAY BABYGROWS,True,7,0,empty-desc; seo-title-missing; meta-desc-missing; ACTION: rewritten (description + SEO)
collection,ve-day-80-party-supplies,VE DAY COASTERS,True,28,0,empty-desc; seo-title-missing; meta-desc-missing; ACTION: rewritten (description + SEO)
collection,ve-day-80-commemorative-items,VE DAY PARTY BUNTING,True,10,0,empty-desc; seo-title-missing; meta-desc-missing; ACTION: rewritten (description + SEO)
collection,ve-day-commemorative-plates,VE DAY COMMEMORATIVE PLATES,True,7,0,empty-desc; seo-title-missing; meta-desc-missing; ACTION: skipped (all products draft/archived)
collection,ve-day-flags,VE DAY FLAGS,True,21,0,empty-desc; seo-title-missing; meta-desc-missing; ACTION: rewritten (description + SEO)
collection,ve-day-medals,VE DAY MEDALS,True,14,0,empty-desc; seo-title-missing; meta-desc-missing; ACTION: skipped (all products draft/archived)
collection,ve-day-mugs,VE DAY MUGS,True,7,0,empty-desc; seo-title-missing; meta-desc-missing; ACTION: rewritten (description + SEO)
collection,ve-day-pins,VE DAY PINS,True,28,0,empty-desc; seo-title-missing; meta-desc-missing; ACTION: rewritten (description + SEO)
collection,ve-day-tea-towels,VE DAY TEA TOWELS,True,7,0,empty-desc; seo-title-missing; meta-desc-missing; ACTION: rewritten (description + SEO)
collection,ve-day-banners,VE DAY BANNERS,True,22,0,empty-desc; seo-title-missing; meta-desc-missing; ACTION: rewritten (description + SEO)
collection,ve-day-stickers,VE DAY STICKERS,True,14,0,empty-desc; seo-title-missing; meta-desc-missing; ACTION: rewritten (description + SEO)
collection,ve-day-clothing,VE DAY CLOTHING & HATS,True,29,0,empty-desc; seo-title-missing; meta-desc-missing; ACTION: rewritten (description + SEO)
collection,ve-day-80-colour-in-yourself-items,VE DAY COLOURING IN ITEMS,True,19,0,empty-desc; seo-title-missing; meta-desc-missing; ACTION: rewritten (description + SEO)
collection,ve-day-80-hip-flasks,VE DAY HIP FLASKS,True,7,0,empty-desc; seo-title-missing; meta-desc-missing; ACTION: rewritten (description + SEO)
collection,ve-day-perfect-for-schools-items,VE DAY PERFECT FOR SCHOOLS ITEMS,True,56,0,empty-desc; seo-title-missing; meta-desc-missing; ACTION: rewritten (description + SEO)
collection,ve-day-bar-mats,VE DAY BAR MATS,True,5,0,empty-desc; seo-title-missing; meta-desc-missing; ACTION: rewritten (description + SEO)
collection,personalised-pet-products,Personalised Pet Products,True,80,13,thin(13w); seo-title-missing; meta-desc-missing; ACTION: rewritten (description + SEO)
collection,personalised-dog-bowl-mats,Personalised Dog Bowl Mats,True,80,0,empty-desc; seo-title-missing; meta-desc-missing; ACTION: rewritten (description + SEO)
collection,ve-day-bags,VE DAY BAGS,True,7,0,empty-desc; seo-title-missing; meta-desc-missing; ACTION: rewritten (description + SEO)
collection,rude-swear-word-mugs,Rude Swear Word Mugs,True,35,0,empty-desc; seo-title-missing; meta-desc-missing; ACTION: rewritten (description + SEO)
collection,a6-movie-and-film-poster-card-packs,A6 Movie and Film Poster Card Packs,True,0,0,seo-title-missing; meta-desc-missing; ACTION: skipped (no products)
collection,a6-autographed-f1-poster-card-packs,A6 Printed Signature F1 Poster Card Packs,True,0,0,seo-title-missing; meta-desc-missing; ACTION: skipped (no products)
collection,gaming-mouse-mats,Gaming Mouse Mats,True,77,0,empty-desc; seo-title-missing; meta-desc-missing; ACTION: rewritten (description + SEO)
collection,printed-mouse-mats,Personalised Mouse Mats,True,111,0,empty-desc; seo-title-missing; meta-desc-missing; 3rd-party-no-disclaimer; ACTION: rewritten (description + SEO)
collection,football-mouse-mats,Football Mouse Mats,True,34,0,empty-desc; seo-title-missing; meta-desc-missing; 3rd-party-no-disclaimer; ACTION: rewritten (description + SEO)
collection,football-celebrity-face-mask-party-pack,Football Celebrity Face Mask Party Pack,True,1116,107,"seo-title-long(70); 3rd-party-no-disclaimer; emoji heading, filler; collection contains 709 baby vests; ACTION: rewritten (description + SEO)"
collection,birthday-cards,Birthday cards,True,4,0,empty-desc; seo-title-missing; meta-desc-missing; ACTION: skipped (utility/placeholder or content mismatch - owner to decide)
collection,mugs-drinkware,Mugs & drinkware,True,4,0,empty-desc; seo-title-missing; meta-desc-missing; ACTION: skipped (utility/placeholder or content mismatch - owner to decide)
collection,posters-signed-prints,Posters & Printed Signature Prints,True,4,0,empty-desc; seo-title-missing; meta-desc-missing; ACTION: skipped (utility/placeholder or content mismatch - owner to decide)
collection,apparel-tees,Apparel & tees,True,4,0,empty-desc; seo-title-missing; meta-desc-missing; ACTION: skipped (utility/placeholder or content mismatch - owner to decide)
collection,kids-gaming,Kids & gaming,True,4,0,empty-desc; seo-title-missing; meta-desc-missing; ACTION: skipped (utility/placeholder or content mismatch - owner to decide)
collection,plaques-occasion-gifts,Plaques & occasion gifts,True,4,0,empty-desc; seo-title-missing; meta-desc-missing; ACTION: skipped (utility/placeholder or content mismatch - owner to decide)
collection,stickers-cases-covers,"Stickers, cases & covers",True,4,0,empty-desc; seo-title-missing; meta-desc-missing; ACTION: skipped (utility/placeholder or content mismatch - owner to decide)
collection,mystery-boxes,Mystery boxes,True,4,0,empty-desc; seo-title-missing; meta-desc-missing; ACTION: skipped (utility/placeholder or content mismatch - owner to decide)
collection,popular-personalised,Popular personalised,True,12,0,empty-desc; seo-title-missing; meta-desc-missing; ACTION: skipped (utility/placeholder or content mismatch - owner to decide)
collection,bestsellers,Bestsellers,True,24,0,empty-desc; seo-title-missing; meta-desc-missing; ACTION: skipped (utility/placeholder or content mismatch - owner to decide)
collection,new-in,New in,False,0,0,seo-title-missing; meta-desc-missing; ACTION: skipped (unpublished)
collection,occasion-birthday,Birthday,True,6,0,empty-desc; seo-title-missing; meta-desc-missing; ACTION: skipped (utility/placeholder or content mismatch - owner to decide)
collection,occasion-fathers-day,Father's Day,True,6,0,empty-desc; seo-title-missing; meta-desc-missing; ACTION: skipped (utility/placeholder or content mismatch - owner to decide)
collection,occasion-christmas,Christmas,True,6,0,empty-desc; seo-title-missing; meta-desc-missing; ACTION: skipped (utility/placeholder or content mismatch - owner to decide)
collection,occasion-pride,Pride,True,6,0,empty-desc; seo-title-missing; meta-desc-missing; ACTION: skipped (utility/placeholder or content mismatch - owner to decide)
collection,occasion-gaming,Gaming gifts,True,4,0,empty-desc; seo-title-missing; meta-desc-missing; ACTION: skipped (utility/placeholder or content mismatch - owner to decide)
collection,occasion-sports,Sports fans,True,6,0,empty-desc; seo-title-missing; meta-desc-missing; ACTION: skipped (utility/placeholder or content mismatch - owner to decide)
collection,santa-sacks,Personalised Santa Sacks,True,4,0,empty-desc; seo-title-missing; meta-desc-missing; ACTION: skipped (utility/placeholder or content mismatch - owner to decide)
collection,new-acrylic-photo-gifts,Acrylic Photo Gifts,True,8,13,thin(13w); seo-title-missing; meta-desc-missing; ACTION: rewritten (description + SEO)
collection,new-slate-stone-gifts,Slate & Stone Gifts,True,4,13,thin(13w); seo-title-missing; meta-desc-missing; ACTION: rewritten (description + SEO)
collection,new-wooden-gifts,Wooden Gifts & Keepsakes,True,8,10,"thin(10w); seo-title-missing; meta-desc-missing; ""Birch, oak-effect"" not confirmed; ACTION: rewritten (description + SEO)"
collection,new-golf-gifts,Golf & Darts Gifts,True,4,15,thin(15w); seo-title-missing; meta-desc-missing; ACTION: rewritten (description + SEO)
collection,new-tech-accessories,Phone Cases & Tech,True,6,8,thin(8w); seo-title-missing; meta-desc-missing; ACTION: rewritten (description + SEO)
collection,new-awards-plaques,"Awards, Medals & Plaques",True,3,7,thin(7w); seo-title-missing; meta-desc-missing; ACTION: rewritten (description + SEO)
collection,new-glass-can-cups,Glass Can Cups & Tumblers,True,7,16,thin(16w); seo-title-missing; meta-desc-missing; ACTION: rewritten (description + SEO)
collection,new-glassware,Personalised Glassware,True,11,11,"thin(11w); seo-title-missing; meta-desc-missing; ""dishwasher-tough"" contradicts hand-wash rule; ACTION: rewritten (description + SEO)"
collection,new-christmas-baubles,Personalised Baubles & Decorations,True,6,9,thin(9w); seo-title-missing; meta-desc-missing; ACTION: rewritten (description + SEO)
collection,new-candles-jars,Candles & Jars,True,3,7,thin(7w); seo-title-missing; meta-desc-missing; ACTION: rewritten (description + SEO)
collection,new-kids-labels-bottles,"School Labels, Bottles & Lunchboxes",True,4,10,"thin(10w); seo-title-missing; meta-desc-missing; ""waterproof"" not confirmed; ACTION: rewritten (description + SEO)"
collection,new-gamer-skins,Controller & Console Skins,True,2,10,thin(10w); seo-title-missing; meta-desc-missing; ACTION: rewritten (description + SEO)
collection,new-craft-supplies,UV DTF & DTF Transfers (Trade),True,3,10,thin(10w); seo-title-missing; meta-desc-missing; ACTION: rewritten (description + SEO)
collection,new-custom-clothing,Custom T-Shirts & Hoodies,True,6,12,"thin(12w); seo-title-missing; meta-desc-missing; ""no minimum order"" not confirmed; ACTION: rewritten (description + SEO)"
collection,new-school-leavers,School Leavers & Club Hoodies,True,2,13,thin(13w); seo-title-missing; meta-desc-missing; ACTION: rewritten (description + SEO)
collection,new-christmas-clothing,Christmas Jumpers & Pyjamas,True,3,9,thin(9w); seo-title-missing; meta-desc-missing; ACTION: rewritten (description + SEO)
collection,new-baby-clothing,Baby Clothing & Keepsakes,True,4,7,thin(7w); seo-title-missing; meta-desc-missing; ACTION: rewritten (description + SEO)
collection,new-pet-clothing,Pet Bandanas & Accessories,True,7,9,thin(9w); seo-title-missing; meta-desc-missing; ACTION: rewritten (description + SEO)
collection,new-bags-aprons-textiles,"Bags, Aprons & Textiles",True,7,8,thin(8w); seo-title-missing; meta-desc-missing; ACTION: rewritten (description + SEO)
collection,new-workwear,Workwear & Teamwear,True,3,7,thin(7w); seo-title-missing; meta-desc-missing; ACTION: rewritten (description + SEO)
collection,new-christmas-eve-boxes,Christmas Eve Boxes & Advent Calendars,True,6,11,thin(11w); seo-title-missing; meta-desc-missing; ACTION: rewritten (description + SEO)
collection,new-party-boxes,"Party, Favour & Treat Boxes",True,6,11,thin(11w); seo-title-missing; meta-desc-missing; ACTION: rewritten (description + SEO)
collection,new-gift-packaging,Gift Boxes & Letterbox Gifts,True,5,10,thin(10w); seo-title-missing; meta-desc-missing; ACTION: rewritten (description + SEO)
collection,new-custom-game-cases,Custom Video Game Cases,True,2,16,thin(16w); seo-title-missing; meta-desc-missing; ACTION: rewritten (description + SEO)
collection,new-papercraft,"Cake Toppers, 3D Cards & Party Paper",True,6,11,thin(11w); seo-title-missing; meta-desc-missing; ACTION: rewritten (description + SEO)
collection,new-business-stationery,Business Cards & Stationery,True,7,10,thin(10w); seo-title-missing; meta-desc-missing; ACTION: rewritten (description + SEO)
collection,new-stickers-labels,Stickers & Product Labels,True,6,10,thin(10w); seo-title-missing; meta-desc-missing; ACTION: rewritten (description + SEO)
collection,new-signs-displays,"Signs, QR & Review Stands",True,4,8,thin(8w); seo-title-missing; meta-desc-missing; ACTION: rewritten (description + SEO)
collection,new-halloween,Halloween,True,3,9,thin(9w); seo-title-missing; meta-desc-missing; ACTION: rewritten (description + SEO)
collection,new-valentines-mothers-day,Valentine's & Mother's Day,True,64,7,thin(7w); seo-title-missing; meta-desc-missing; ACTION: rewritten (description + SEO)
collection,new-easter,Easter,True,3,8,thin(8w); seo-title-missing; meta-desc-missing; ACTION: rewritten (description + SEO)
collection,new-weddings,Weddings & Engagements,True,5,7,thin(7w); seo-title-missing; meta-desc-missing; ACTION: rewritten (description + SEO)
collection,new-memorial,Memorial & Remembrance,True,2,9,thin(9w); seo-title-missing; meta-desc-missing; ACTION: rewritten (description + SEO)
collection,new-new-baby,New Baby & Pregnancy,True,3,6,thin(6w); seo-title-missing; meta-desc-missing; ACTION: rewritten (description + SEO)
collection,personalised-photo-slates,Personalised Photo Slates,True,4,20,ACTION: none needed (recent copy OK)
collection,personalised-metal-photo-panels,Personalised Metal Photo Panels,True,4,17,thin(17w); ACTION: none needed (recent copy OK)
collection,personalised-clocks-and-glass-photo-frames,Personalised Clocks & Glass Photo Frames,True,6,17,thin(17w); ACTION: none needed (recent copy OK)
collection,personalised-photo-plaques-and-ceramic-tiles,Personalised Photo Plaques & Ceramic Tiles,True,4,15,thin(15w); ACTION: none needed (recent copy OK)
collection,personalised-coasters-and-placemats,Personalised Coasters & Placemats,True,5,16,thin(16w); ACTION: none needed (recent copy OK)
collection,personalised-travel-mugs-tumblers-and-bottles,"Personalised Travel Mugs, Tumblers & Bottles",True,6,16,thin(16w); ACTION: none needed (recent copy OK)
collection,personalised-enamel-latte-and-speciality-mugs,"Personalised Enamel, Latte & Speciality Mugs",True,6,19,thin(19w); ACTION: none needed (recent copy OK)
collection,personalised-kids-and-back-to-school,Personalised Kids & Back to School,True,6,17,thin(17w); ACTION: none needed (recent copy OK)
collection,personalised-cushions-and-home-textiles,Personalised Cushions & Home Textiles,True,6,11,thin(11w); ACTION: none needed (recent copy OK)
collection,personalised-keyrings-and-fridge-magnets,Personalised Keyrings & Fridge Magnets,True,5,13,thin(13w); ACTION: none needed (recent copy OK)
collection,personalised-christmas-baubles-and-ornaments,Personalised Christmas Baubles & Ornaments,True,5,14,thin(14w); ACTION: none needed (recent copy OK)
collection,personalised-teddy-bears-and-plush-toys,Personalised Teddy Bears & Plush Toys,True,4,13,thin(13w); ACTION: none needed (recent copy OK)
collection,personalised-photo-jigsaws,Personalised Photo Jigsaws,True,5,14,thin(14w); ACTION: none needed (recent copy OK)
collection,personalised-pet-gifts,Personalised Pet Gifts,True,4,11,thin(11w); ACTION: none needed (recent copy OK)
collection,personalised-football-merchandise,Personalised Football Merchandise,True,71,37,ACTION: none needed (recent copy OK)
collection,personalised-team-footballs-and-kit,"Team Footballs, Shin Pads & Kit",True,4,19,thin(19w); ACTION: none needed (recent copy OK)
collection,personalised-football-scarves-and-bobble-hats,Football Scarves & Bobble Hats,True,21,18,thin(18w); ACTION: none needed (recent copy OK)
collection,custom-football-stadium-and-corner-flags,"Custom Stadium, Corner & Car Flags",True,43,22,ACTION: none needed (recent copy OK)
collection,football-coach-and-team-gifts,Football Coach & Team Gifts,True,3,18,thin(18w); ACTION: none needed (recent copy OK)
collection,personalised-printed-glassware,Personalised Printed Glassware,True,11,28,ACTION: none needed (recent copy OK)
collection,home-bar-garden-bar-and-man-cave,"Home Bar, Garden Bar & Man Cave",True,109,29,meta-desc-len(156); 3rd-party-no-disclaimer; ACTION: disclaimer added + SEO fixed
collection,gaming-and-desk-mats,Gaming & Desk Mats,True,53,24,meta-desc-len(156); 3rd-party-no-disclaimer; ACTION: disclaimer added + SEO fixed
collection,personalised-pet-portraits,Personalised Pet Portraits,True,15,37,meta-desc-len(156); ACTION: SEO only
collection,personalised-golf-towels,Personalised & Funny Golf Towels,True,13,23,ACTION: none needed (recent copy OK)
collection,wheelie-bin-stickers,Wheelie Bin Stickers,True,30,14,thin(14w); meta-desc-len(156); ACTION: SEO only
collection,funny-door-hangers,Funny & Personalised Door Hangers,True,25,24,ACTION: none needed (recent copy OK)
collection,new-cufflinks,Personalised Cufflinks,True,1,51,ACTION: none needed (recent copy OK)
collection,clothing-multi-buy,Clothing Multi-Buy Deals,True,2391,40,ACTION: none needed (recent copy OK)
collection,stag-do-face-masks,Stag Do Face Masks,True,1,93,ACTION: none needed (recent copy OK)
collection,hen-party-face-masks,Hen Party Face Masks,True,1,92,ACTION: none needed (recent copy OK)
collection,custom-business-stickers,Custom Business Stickers,False,21,124,ACTION: skipped (unpublished)
collection,reality-tv-face-masks,Reality TV Star Face Masks,True,314,109,ACTION: none needed (recent copy OK)
page,contact-us,Contact Foxy Printing,True,,92,ACTION: none needed
page,delivery-times-charges,Delivery Times & Charges,True,,145,ACTION: none needed
page,about-us,About Foxy Printing,True,,138,ACTION: none needed
page,faqs,Frequently Asked Questions,True,,227,meta-desc-len(136); ACTION: meta description fixed
page,staff,Staff,False,,0,ACTION: skipped (unpublished)
page,celebrity-facemasks,Celebrity Facemasks,False,,0,ACTION: skipped (unpublished)
page,personalised-cards-page,Personalised Cards Page,True,,0,"inline-style; images-in-body; seo-title-missing; meta-desc-missing; 3rd-party images (Pokemon etc.) no disclaimer; ACTION: body cleaned (inline styles removed, intro + alt text + disclaimer) + SEO set"
page,upload,Upload,False,,14,broken PHP upload form; ACTION: skipped (unpublished)
page,facemasks,Facemasks,True,,0,"images-in-body; seo-title-missing; meta-desc-missing; image links point to wrong collections; no text; ACTION: body cleaned (intro, fixed image links, alt text, disclaimer) + SEO set"
page,foxy-product-uploading-in-bulk,Foxy Product Uploading In Bulk,False,,2,inline-style; brackets; unrelated WooCommerce service page; dead POWR form shortcode; ACTION: skipped (unpublished)
page,web-design,Web Design,False,,2,inline-style; brackets; dead POWR form shortcode; ACTION: skipped (unpublished)
page,no-products,No Products,False,,13,h1; ACTION: skipped (unpublished)
page,returns-refund-policy,"Returns, Refunds & Cancellations",True,,292,ACTION: none needed
page,trade-accounts,Trade Accounts & Designer Programme,True,,292,seo-title-missing; meta-desc-missing; ACTION: SEO set
page,reviews,Customer Reviews,True,,22,seo-title-missing; meta-desc-missing; ACTION: SEO set
page,size-guide-adult-t-shirt,Adult T-Shirt Size Guide,True,,222,seo-title-missing; meta-desc-missing; ACTION: SEO set
