Handle,Title,Product type,Why
case-and-cover,Case And Cover,OPTIONS_HIDDEN_PRODUCT,hidden options helper product (not for sale on its own)
case-and-cover-1,Case And Cover,OPTIONS_HIDDEN_PRODUCT,hidden options helper product (not for sale on its own)
case-and-cover-2,Case And Cover,OPTIONS_HIDDEN_PRODUCT,hidden options helper product (not for sale on its own)
qty-1,QTY,OPTIONS_HIDDEN_PRODUCT,hidden options helper product (not for sale on its own)
qty-2,QTY,OPTIONS_HIDDEN_PRODUCT,hidden options helper product (not for sale on its own)
bold-test,Bold Test,OPTIONS_HIDDEN_PRODUCT,hidden options helper product (not for sale on its own)
choose-ps4-case-cover-or-both,"Choose PS4 Case, Cover or Both",OPTIONS_HIDDEN_PRODUCT,hidden options helper product (not for sale on its own)
choose-poster-size,Choose Poster Size,OPTIONS_HIDDEN_PRODUCT,hidden options helper product (not for sale on its own)
choose-your-poster-size,Choose your Poster Size,OPTIONS_HIDDEN_PRODUCT,hidden options helper product (not for sale on its own)
choose-your-poster-size-1,Choose your Poster Size,OPTIONS_HIDDEN_PRODUCT,hidden options helper product (not for sale on its own)
case-and-cover-3,Case and Cover,OPTIONS_HIDDEN_PRODUCT,hidden options helper product (not for sale on its own)
case-and-cover-4,Case and Cover,OPTIONS_HIDDEN_PRODUCT,hidden options helper product (not for sale on its own)
personalised-santa-approved-santa-sack-xl-extra-large-custom-name,Personalised Santa Approved Small Hessian Santa Sack Custom Name,Holiday Stockings,"failed checks: title,meta"
poster-size-prices,Poster Size Prices,OPTIONS_HIDDEN_PRODUCT,hidden options helper product (not for sale on its own)
poster-size,Poster Size,OPTIONS_HIDDEN_PRODUCT,hidden options helper product (not for sale on its own)
select-size,Select Size,OPTIONS_HIDDEN_PRODUCT,hidden options helper product (not for sale on its own)
upgrade-to,UPGRADE TO,OPTIONS_HIDDEN_PRODUCT,hidden options helper product (not for sale on its own)
mr-super-nintendo-retro-gaming-poster-a4-a3-a2-or-a1,Mr Super Nintendo GAME INSPIRED THEME Retro Gaming Poster A4 A3 A2 Or A1,SNES POSTERS,could not read the game name
qty,QTY,OPTIONS_HIDDEN_PRODUCT,hidden options helper product (not for sale on its own)
s-s-or-d-s,S/S Or D/S,OPTIONS_HIDDEN_PRODUCT,hidden options helper product (not for sale on its own)
prices,Prices,OPTIONS_HIDDEN_PRODUCT,hidden options helper product (not for sale on its own)
case-or-cover,REPLACEMENT GAME Case Or Cover,OPTIONS_HIDDEN_PRODUCT,hidden options helper product (not for sale on its own)
case-or-cover-1,REPLACEMENT GAME Case Or Cover,OPTIONS_HIDDEN_PRODUCT,hidden options helper product (not for sale on its own)
case-cover-or-both,Case + Cover Or Both,OPTIONS_HIDDEN_PRODUCT,hidden options helper product (not for sale on its own)
poster-size-1,Poster Size,OPTIONS_HIDDEN_PRODUCT,hidden options helper product (not for sale on its own)
poster-size-2,Poster Size,OPTIONS_HIDDEN_PRODUCT,hidden options helper product (not for sale on its own)
poster-size-3,Poster Size,OPTIONS_HIDDEN_PRODUCT,hidden options helper product (not for sale on its own)
bold-test-poster-size,All Poster Sizes,OPTIONS_HIDDEN_PRODUCT,hidden options helper product (not for sale on its own)
x-sega-megadrive-retro-gaming-poster-a4-a3-a2-a1,X - Sega Megadrive Inspired Retro Gaming Poster A4 A3 A2 Or A1,Sega Master Megadrive POSTERS,could not read the game name
th-ps3-gamecube-retro-gaming-poster-a4-a3-a2-or-a1,Th Ps3 Gamecube Inspired Retro Gaming Poster A4 A3 A2 Or A1,Game Cube POSTERS,could not read the game name
sega-saturn-d,Sega Saturn D Game Inspired Retro Poster,Sega Saturn posters,could not read the game name
