id,title,handle,product_type,status_at_2026-10-06
gid://shopify/Product/16051779043709,"Personalised Name Bauble – Christmas Tree Decoration – Red, Gold, Silver, Clear or Green",personalised-name-bauble,Personalised Baubles & Decorations,ACTIVE
gid://shopify/Product/16051779076477,Personalised Photo Bauble – Christmas Tree Ornament with Your Photo & Name,personalised-photo-bauble,Personalised Baubles & Decorations,ACTIVE
gid://shopify/Product/16051779109245,Personalised Baby's First Christmas Bauble – Name & Year – Christmas Tree Keepsake,baby-s-first-christmas-bauble,Personalised Baubles & Decorations,ACTIVE
gid://shopify/Product/16051779174781,Personalised Memorial Robin Bauble – Name & Message – Christmas Remembrance Decoration,memorial-robin-bauble,Personalised Baubles & Decorations,ACTIVE
gid://shopify/Product/16051779273085,Personalised Pet's First Christmas Bauble – Photo & Pet Name – Dog or Cat Christmas Decoration,pet-s-first-christmas-bauble,Personalised Baubles & Decorations,ACTIVE
gid://shopify/Product/16051779240317,Personalised Santa's Magic Key – Family Name – Christmas Eve Key for Homes Without a Chimney,personalised-santa-s-magic-key,Personalised Baubles & Decorations,ACTIVE
gid://shopify/Product/16052120781181,Personalised Photo Bauble – Mirror Finish Christmas Bauble with Name & Year,personalised-photo-bauble-mirror-finish,Christmas Baubles,ACTIVE
gid://shopify/Product/16052120813949,"Personalised Metal Christmas Tree Decoration – Double-Sided Photo, Name & Year",personalised-metal-christmas-tree-decoration,Christmas Ornaments,ACTIVE
gid://shopify/Product/16052120846717,"Personalised Wooden Christmas Decoration with Red Ribbon – Name, Photo & Year",personalised-wooden-christmas-decoration-ribbon,Christmas Ornaments,ACTIVE
gid://shopify/Product/16051773866365,"Personalised Wooden Christmas Tree Decorations with Name – Single, Set of 3 or Family Set of 6",personalised-wooden-tree-decorations,Wooden Gifts & Keepsakes,ACTIVE
gid://shopify/Product/16052120945021,Personalised Pet's First Christmas Decoration – Dog Bone Photo Ornament with Name,personalised-pets-first-christmas-decoration-dog-bone,Christmas Ornaments,ACTIVE
gid://shopify/Product/16051792970109,Bauble Gift Box Add-On – Printed Christmas Bauble Presentation Box – Gift Ready,bauble-gift-box-add-on,Gift Boxes & Letterbox Gifts,ACTIVE
gid://shopify/Product/16051785236861,Personalised Christmas Eve Box – Child's Name & Design – Printed Christmas Eve Gift Box,personalised-christmas-eve-box,Christmas Eve Boxes & Advent Calendars,ACTIVE
gid://shopify/Product/16051785269629,Personalised Fill-Your-Own Advent Calendar – 24 Drawers with Name & Photo – Kids or Adult Design,fill-your-own-personalised-advent-calendar,Christmas Eve Boxes & Advent Calendars,ACTIVE
gid://shopify/Product/16051785302397,Personalised Selection Box Sleeve – Christmas Chocolate Box Wrap with Name – Single or Pack of 5,personalised-selection-box-sleeve,Christmas Eve Boxes & Advent Calendars,ACTIVE
gid://shopify/Product/16051785335165,Personalised Reindeer Food Bag with Child's Name – Christmas Eve Tradition – Single or Pack of 10,reindeer-food-bag,Christmas Eve Boxes & Advent Calendars,ACTIVE
gid://shopify/Product/16051785367933,Personalised Letter from Santa – Child's Name & Achievements – Printed Christmas Letter,personalised-letter-from-santa,Christmas Eve Boxes & Advent Calendars,ACTIVE
gid://shopify/Product/16051792544125,Personalised Christmas Elf Arrival Kit with Child's Name – Printed Elf Welcome Set,christmas-elf-arrival-kit,Christmas Eve Boxes & Advent Calendars,ACTIVE
gid://shopify/Product/16051773833597,Personalised Christmas Eve Wooden Board – Santa Treat Plate with Child's Name – 30 cm,personalised-christmas-eve-wooden-board,Wooden Gifts & Keepsakes,ACTIVE
gid://shopify/Product/16060520235389,Personalised Reindeer Christmas Stocking – Hessian Cuff with Name,personalised-reindeer-christmas-stocking,Holiday Stockings,ACTIVE
gid://shopify/Product/16052120912253,Personalised Christmas Stocking with Name – Red Border Photo Stocking,personalised-christmas-stocking-red-border,Christmas Stockings,ACTIVE
gid://shopify/Product/16051782091133,"Matching Family Christmas Jumper – Personalised with Name – Adult, Kids, Baby & Dog",matching-family-christmas-jumper,Christmas Jumpers & Pyjamas,ACTIVE
gid://shopify/Product/16051782123901,"Personalised Christmas Pyjamas – Name Print – Adult, Kids & Baby – Christmas Eve Box Filler",personalised-christmas-pyjamas,Christmas Jumpers & Pyjamas,ACTIVE
gid://shopify/Product/16051782156669,"My First Christmas Baby Grow – Personalised with Name – 0-3, 3-6 & 6-12 Months",my-first-christmas-baby-grow,Christmas Jumpers & Pyjamas,ACTIVE
gid://shopify/Product/16052767261053,"Personalised Christmas Cushion 40cm – Santa & Reindeer with Name & Message – Pink or Turquoise, Cover Only or with Insert",personalised-santa-reindeer-christmas-cushion-name,Cushions,ACTIVE
gid://shopify/Product/15660463653245,Personalised Family Christmas Cushion – Custom Names – Santa & Reindeer Print with Hanging Stockings,personalised-family-christmas-cushion-custom-names-santa-reindeer-print-with-hanging-stockings-festive-holiday-decor-christmas-gift-pillow-cover,Cushion,ACTIVE
gid://shopify/Product/16051779338621,"Personalised Scented Candle – Name & Message – Vanilla, Cinnamon Christmas or Fresh Linen",personalised-scented-candle,Candles & Jars,ACTIVE
gid://shopify/Product/16052124582269,"Personalised Photo Blanket – Super Soft Fleece-Feel – 75x100cm or 110x150cm – Photo, Name & Message",personalised-photo-blanket-super-soft,Photo Blankets,ACTIVE
gid://shopify/Product/8876139976,Personalised Cartoon Funny Santa Owl Mug,personalised-santa-owl-mug,Personalised Cartoon Animals Mugs,ACTIVE
gid://shopify/Product/8876140104,Personalised Cartoon Funny Santa Penguin Mug,personalised-santa-penguin-mug,Personalised Cartoon Animals Mugs,ACTIVE
gid://shopify/Product/16052121108861,Personalised Colour Changing Photo Mug – 11oz Magic Reveal – Black or Red,personalised-colour-changing-photo-mug,Magic Mugs,ACTIVE
gid://shopify/Product/16052120420733,"Personalised Travel Mug – 14oz Insulated Stainless Steel – Name, Photo & Message",personalised-travel-mug-14oz-stainless-steel,Travel Mugs,ACTIVE
gid://shopify/Product/16052121076093,"Personalised Latte Mug with Coloured Inside & Handle – 12oz – Name, Photo or Message",personalised-latte-mug-coloured-inside-handle,Latte Mugs,ACTIVE
gid://shopify/Product/16052120551805,Personalised Photo Slate – Landscape 10x15cm Rock Slate with Name & Message,personalised-photo-slate-landscape-10x15cm,Photo Slates,ACTIVE
gid://shopify/Product/16052122190205,Personalised Glass Photo Clock – Round or Square Glass Wall Clock with Name,personalised-glass-photo-clock,Photo Clocks,ACTIVE
gid://shopify/Product/16052123206013,"Personalised Glass Photo Frame – Photo, Names & Date – 13x18cm, 20x20cm or Mirror Edge",personalised-glass-photo-frame,Glass Photo Frames,ACTIVE
gid://shopify/Product/16052123173245,"Personalised Photo Cushion Cover – 40cm or 45cm – Photo, Name & Message – Six Fabrics",personalised-photo-cushion-cover,Cushion Covers,ACTIVE
gid://shopify/Product/16051773407613,"Personalised Photo Fridge Magnet – Acrylic – Single, Set of 4 or Set of 9",personalised-photo-fridge-magnet-acrylic,Acrylic Photo Gifts,ACTIVE
gid://shopify/Product/16052120125821,"Personalised Metal Photo Keyring in Gift Box – Photo, Name & Message",personalised-metal-photo-keyring-gift-box,Keyrings,ACTIVE
gid://shopify/Product/16053573747069,"Office & Christmas Party Face Masks – Personalised Photo Card Masks, Order Just 1",office-christmas-party-face-masks,Personalised Face Masks,ACTIVE
