source,size,plan_action,match,source_marks,match_marks,folder,destination,decision,note
!!!!!!! TO SORT 2026 JAMIE MIXED UPLOADED TO FOXY SORT INTO FOLDERS/AARON RAMSDALE -England Euros 2024.jpg,182015,check,!!!!!!! TO SORT 2026 JAMIE MIXED UPLOADED TO FOXY SORT INTO FOLDERS/AARON RAMSDALE JB.jpg,,JB,2026 FOOTBALLERS,2026 FOOTBALLERS/AARON RAMSDALE -England Euros 2024.jpg,move as variant,
!!!!!!! TO SORT 2026 JAMIE MIXED UPLOADED TO FOXY SORT INTO FOLDERS/Zoey Deutch.jpg,1857765,check,2026 MOVIE STARS/Zoey Deutch MH (2).jpg,,MH,2026 MOVIE STARS,2026 MOVIE STARS/Zoey Deutch.jpg,move as variant,
!!!!!!! TO SORT 2026 JAMIE MIXED UPLOADED TO FOXY SORT INTO FOLDERS/rami-malek 2016.jpg,1984336,check,2026 MOVIE STARS/Rami Malek MH.jpg,,MH,2026 MOVIE STARS,,not moved,another unsorted file has the same name+number+marker (check)
!!!!!!! TO SORT 2026 JAMIE MIXED UPLOADED TO FOXY SORT INTO FOLDERS/zoe Saldana 2016.jpg,324490,check,2026 MOVIE STARS/Zoe Saldana MH.jpg,,MH,2026 MOVIE STARS,,not moved,another unsorted file has the same name+number+marker (check)
!!!!!!! TO SORT 2026 JAMIE MIXED UPLOADED TO FOXY SORT INTO FOLDERS/Amy winehouse JB.jpg,210001,check,2026 MUSIC/Amy_Winehouse_MINT 2021.jpg,JB,,2026 MUSIC,2026 MUSIC/Amy winehouse JB.jpg,move as variant,
!!!!!!! TO SORT 2026 JAMIE MIXED UPLOADED TO FOXY SORT INTO FOLDERS/Rappers/EMINEM-2022.jpg,546997,check,2026 MUSIC/Eminem MH.jpg,,MH,2026 MUSIC,,not moved,folder already has same name+number+marker: Eminem.jpg
!!!!!!! TO SORT 2026 JAMIE MIXED UPLOADED TO FOXY SORT INTO FOLDERS/Rappers/Ice-Cube-2022.jpg,1039775,check,2026 MOVIE STARS/ICE CUBE JB.jpg,,JB,2026 MOVIE STARS,2026 MOVIE STARS/Ice-Cube-2022.jpg,move as variant,
!!!!!!! TO SORT 2026 JAMIE MIXED UPLOADED TO FOXY SORT INTO FOLDERS/Rappers/Stormzy 2022.jpg,724210,check,2026 MUSIC/stormzy MH.jpg,,MH,2026 MUSIC,2026 MUSIC/Stormzy 2022.jpg,move as variant,
!!!!!!! TO SORT 2026 JAMIE MIXED UPLOADED TO FOXY SORT INTO FOLDERS/Rick hoffman 2018.jpg,879255,check,2026 MOVIE STARS/Rick hoffman MH.jpg,,MH,2026 MOVIE STARS,2026 MOVIE STARS/Rick hoffman 2018.jpg,move as variant,
!!!!!!! TO SORT 2026 JAMIE MIXED UPLOADED TO FOXY SORT INTO FOLDERS/Victoria Justice (2).jpg,2548279,check,2026 TV SHOWS AND STARS/Victoria Justice MH.jpg,,MH,2026 TV SHOWS AND STARS,,not moved,another unsorted file has the same name+number+marker (check)
!!!!!!! TO SORT 2026 JAMIE MIXED UPLOADED TO FOXY SORT INTO FOLDERS/sarah-hyland 2016.jpg,2404333,check,2026 MOVIE STARS/sarah hyland MH (2).jpg,,MH,2026 MOVIE STARS,,not moved,folder already has same name+number+marker: sarah hyland .jpg
!!!!!!! TO SORT 2026 JAMIE MIXED UPLOADED TO FOXY SORT INTO FOLDERS/Austin Butler.jpg,359129,duplicate_smaller,2026 MOVIE STARS/Austin Butler  MH.jpg,,MH,2026 MOVIE STARS,2026 MOVIE STARS/Austin Butler.jpg,move as variant,
!!!!!!! TO SORT 2026 JAMIE MIXED UPLOADED TO FOXY SORT INTO FOLDERS/rami malek .jpg,1984336,duplicate_smaller,2026 MOVIE STARS/Rami Malek MH.jpg,,MH,2026 MOVIE STARS,,not moved,another unsorted file has the same name+number+marker (check)
!!!!!!! TO SORT 2026 JAMIE MIXED UPLOADED TO FOXY SORT INTO FOLDERS/Russell Howard JB.jpg,141485,duplicate_smaller,2026 TV SHOWS AND STARS/Russell howard MH.jpg,JB,MH,2026 TV SHOWS AND STARS,2026 TV SHOWS AND STARS/Russell Howard JB.jpg,move as variant,
!!!!!!! TO SORT 2026 JAMIE MIXED UPLOADED TO FOXY SORT INTO FOLDERS/RUSSELL-HOWARD.jpg,1249236,duplicate_smaller,2026 TV SHOWS AND STARS/Russell howard MH.jpg,,MH,2026 TV SHOWS AND STARS,2026 TV SHOWS AND STARS/RUSSELL-HOWARD.jpg,move as variant,
!!!!!!! TO SORT 2026 JAMIE MIXED UPLOADED TO FOXY SORT INTO FOLDERS/SKRILLEX JB.jpg,139193,duplicate_smaller,!!!!!!! TO SORT 2026 JAMIE MIXED UPLOADED TO FOXY SORT INTO FOLDERS/Skrillex.jpg,JB,,2026 MUSIC,2026 MUSIC/SKRILLEX JB.jpg,move as variant,
!!!!!!! TO SORT 2026 JAMIE MIXED UPLOADED TO FOXY SORT INTO FOLDERS/Stephen Amell.jpg,2385727,duplicate_smaller,2026 MOVIE STARS/stephen amell MH.jpg,,MH,2026 MOVIE STARS,2026 MOVIE STARS/Stephen Amell.jpg,move as variant,
!!!!!!! TO SORT 2026 JAMIE MIXED UPLOADED TO FOXY SORT INTO FOLDERS/Stuart Hall.jpg,1971944,duplicate_smaller,!!!!!!! TO SORT 2026 JAMIE MIXED UPLOADED TO FOXY SORT INTO FOLDERS/stuart-hall JB.jpg,,JB,2026 TV SHOWS AND STARS,2026 TV SHOWS AND STARS/Stuart Hall.jpg,move as variant,
!!!!!!! TO SORT 2026 JAMIE MIXED UPLOADED TO FOXY SORT INTO FOLDERS/Tim Vine JB.jpg,134204,duplicate_smaller,!!!!!!! TO SORT 2026 JAMIE MIXED UPLOADED TO FOXY SORT INTO FOLDERS/Tim Vine.jpg,JB,,2026 COMEDIANS,2026 COMEDIANS/Tim Vine JB.jpg,move as variant,
!!!!!!! TO SORT 2026 JAMIE MIXED UPLOADED TO FOXY SORT INTO FOLDERS/Tom Mison.jpg,1092716,duplicate_smaller,2026 MOVIE STARS/tom mison MH.jpg,,MH,2026 MOVIE STARS,2026 MOVIE STARS/Tom Mison.jpg,move as variant,
!!!!!!! TO SORT 2026 JAMIE MIXED UPLOADED TO FOXY SORT INTO FOLDERS/Travis Barker Blink 182.jpg,1833359,duplicate_smaller,2026 MUSIC/Travis Barker Blink  MH.jpg,,MH,2026 MUSIC,2026 MUSIC/Travis Barker Blink 182.jpg,move as variant,
!!!!!!! TO SORT 2026 JAMIE MIXED UPLOADED TO FOXY SORT INTO FOLDERS/Vanessa Marano.jpg,1957254,duplicate_smaller,2026 MOVIE STARS/Vanessa Marano MH.jpg,,MH,2026 MOVIE STARS,2026 MOVIE STARS/Vanessa Marano.jpg,move as variant,
!!!!!!! TO SORT 2026 JAMIE MIXED UPLOADED TO FOXY SORT INTO FOLDERS/Victoria Justice.jpg,625027,duplicate_smaller,2026 TV SHOWS AND STARS/Victoria Justice MH.jpg,,MH,2026 TV SHOWS AND STARS,,not moved,another unsorted file has the same name+number+marker (check)
!!!!!!! TO SORT 2026 JAMIE MIXED UPLOADED TO FOXY SORT INTO FOLDERS/Victoria Pendleton-01 JB.jpg,116221,duplicate_smaller,!!!!!!! TO SORT 2026 JAMIE MIXED UPLOADED TO FOXY SORT INTO FOLDERS/victoria pendleton.jpg,JB,,2026 SPORTS STARS/Cycling,,not moved,folder already has same name+number+marker: ._victoria pendleton JB.jpg
!!!!!!! TO SORT 2026 JAMIE MIXED UPLOADED TO FOXY SORT INTO FOLDERS/Yul Brynner JB.jpg,204890,duplicate_smaller,2026 MOVIE STARS/yul brynner.jpg,JB,,2026 MOVIE STARS,2026 MOVIE STARS/Yul Brynner JB.jpg,move as variant,
!!!!!!! TO SORT 2026 JAMIE MIXED UPLOADED TO FOXY SORT INTO FOLDERS/ZOE SALDANA.jpg,434843,duplicate_smaller,2026 MOVIE STARS/Zoe Saldana MH.jpg,,MH,2026 MOVIE STARS,,not moved,another unsorted file has the same name+number+marker (check)
Melissa McCarthy (2).jpg,3118635,check,2026 MOVIE STARS/Melissa McCarthy MH.jpg,,MH,2026 MOVIE STARS,,not moved,folder already has same name+number+marker: Melissa McCarthy.jpeg
FELIPE MASSA (2).jpg,2330989,check,2026 SPORTS STARS/Formula 1/Felipe Massa JB.jpg,,JB,2026 SPORTS STARS/Formula 1,2026 SPORTS STARS/Formula 1/FELIPE MASSA (2).jpg,move as variant,
HAILEE STEINFELD (2).jpg,1179479,check,2026 MOVIE STARS/Hailee steinfeld MH.jpg,,MH,2026 MOVIE STARS,,not moved,another unsorted file has the same name+number+marker (check)
James Franco 2013.jpg,2502851,check,2026 MOVIE STARS/james franco MH.jpg,,MH,2026 MOVIE STARS,,not moved,another unsorted file has the same name+number+marker (check)
James Franco 2017.jpg,1215613,check,2026 MOVIE STARS/james franco MH.jpg,,MH,2026 MOVIE STARS,,not moved,another unsorted file has the same name+number+marker (check)
Jennifer Garner 2016 CPDVD.jpg,3737224,check,2026 MOVIE STARS/jennifer garner MH.jpg,,MH,2026 MOVIE STARS,2026 MOVIE STARS/Jennifer Garner 2016 CPDVD.jpg,move as variant,
Jessica Alba (2).jpg,2860478,check,2026 MOVIE STARS/Jessica Alba MH (2).jpg,,MH,2026 MOVIE STARS,2026 MOVIE STARS/Jessica Alba (2).jpg,move as variant,
Jessica Alba MH (2).jpg,2176641,check,Jessica Alba (2).jpg,MH,,2026 MOVIE STARS,,not moved,folder already has same name+number+marker: Jessica Alba MH.jpg
Jessica Alba MH.jpg,2118362,check,Jessica Alba (2).jpg,MH,,2026 MOVIE STARS,,not moved,folder already has same name+number+marker: Jessica Alba MH.jpg
Jessica Beil MH.jpg,2584550,check,jessica Beil 2016 CPDVD.jpg,MH,,2026 MOVIE STARS,,not moved,folder already has same name+number+marker: Jessica Beil MH.jpg
Jessica Chastain (2).jpg,1066225,check,2026 MOVIE STARS/jessica chastain MH.jpg,,MH,2026 MOVIE STARS,,not moved,another unsorted file has the same name+number+marker (check)
Joey King.jpg,2317231,check,2026 TV SHOWS AND STARS/Joey King MH (2).jpg,,MH,2026 TV SHOWS AND STARS,2026 TV SHOWS AND STARS/Joey King.jpg,move as variant,
Lacey Chabert.jpg,2188091,check,2026 MOVIE STARS/Lacey Chabert MH (2).jpg,,MH,2026 MOVIE STARS,2026 MOVIE STARS/Lacey Chabert.jpg,move as variant,
Luke Evans (2).jpg,2143777,check,2026 MOVIE STARS/Luke Evans MH.jpg,,MH,2026 MOVIE STARS,2026 MOVIE STARS/Luke Evans (2).jpg,move as variant,
Luke Evans MH.jpg,1587801,check,Luke Evans (2).jpg,MH,,2026 MOVIE STARS,,not moved,folder already has same name+number+marker: Luke Evans MH.jpg
MERYL STREEP JB.jpg,152947,check,2026 MOVIE STARS/Meryl Streep (2).jpg,JB,,2026 MOVIE STARS,2026 MOVIE STARS/MERYL STREEP JB.jpg,move as variant,
Michael Clarke Duncan JB.jpg,145257,check,2026 MOVIE STARS/Michael Clarke Duncan (2).jpg,JB,,2026 MOVIE STARS,2026 MOVIE STARS/Michael Clarke Duncan JB.jpg,move as variant,
OLIVIA WILDE JB.jpg,124930,check,2026 MOVIE STARS/Olivia Wilde MH (2).jpg,JB,MH,2026 MOVIE STARS,2026 MOVIE STARS/OLIVIA WILDE JB.jpg,move as variant,
Olivia Wilde - Back to the future.jpg,382235,check,2026 MOVIE STARS/Olivia Wilde MH (2).jpg,,MH,2026 MOVIE STARS,,not moved,another unsorted file has the same name+number+marker (check)
Olivia Wilde.jpg,351498,check,2026 MOVIE STARS/Olivia Wilde MH (2).jpg,,MH,2026 MOVIE STARS,,not moved,another unsorted file has the same name+number+marker (check)
PAUL RUDD JB.jpg,128476,check,paul rudd 2016.jpg,JB,,2026 MOVIE STARS,2026 MOVIE STARS/PAUL RUDD JB.jpg,move as variant,
jennifer garner MH.jpg,1443569,check,Jennifer Garner 2016 CPDVD.jpg,MH,,2026 MOVIE STARS,,not moved,folder already has same name+number+marker: jennifer garner MH.jpg
jessica Beil 2016 CPDVD.jpg,3575354,check,2026 MOVIE STARS/Jessica Beil MH.jpg,,MH,2026 MOVIE STARS,2026 MOVIE STARS/jessica Beil 2016 CPDVD.jpg,move as variant,
laurence-fishburne-2008-mustache1.jpg,366251,check,2026 MOVIE STARS/laurence fishburne  MH.jpg,,MH,2026 MOVIE STARS,,not moved,folder already has same name+number+marker: Laurence Fishburne.jpg
BORIS JOHNSON 2013.jpg,2869033,check,2026 ROYALS AND POLITICIANS/Boris Johnson JB.jpg,,JB,2026 ROYALS AND POLITICIANS,2026 ROYALS AND POLITICIANS/BORIS JOHNSON 2013.jpg,move as variant,
Boris Johnson JB.jpg,144195,check,BORIS JOHNSON 2013.jpg,JB,,2026 ROYALS AND POLITICIANS,,not moved,folder already has same name+number+marker: Boris Johnson JB.jpg
PaulCasey JB.jpg,97079,check,2026 SPORTS STARS/Golf/paul casey (2).jpg,JB,,2026 SPORTS STARS/Golf,,not moved,folder already has same name+number+marker: Paul Casey JB.jpg
maria menounos  2016 NEW.jpg,2489546,check,2026 MOVIE STARS/maria menounos MH.jpg,,MH,2026 MOVIE STARS,,not moved,another unsorted file has the same name+number+marker (check)
ALBERT EINSTEIN JB.jpg,131379,duplicate_smaller,Albert Einstein.jpg,JB,,2026 BUSINESS AND PUBLIC FIGURES,,not moved,folder not created (owner's choice) / not found
ariana grande.jpg,289869,duplicate_smaller,2026 MUSIC/Ariana Grande MH.jpg,,MH,2026 MUSIC,,not moved,folder already has same name+number+marker: ariana grande 2020 Face.jpg
Barbie JB.jpg,277528,duplicate_smaller,2026 CELEBRITY KIDS CARTOON/Barbie Mask.JPG,JB,,"2026 CARTOON, GAME AND FILM CHARACTERS","2026 CARTOON, GAME AND FILM CHARACTERS/Barbie JB.jpg",move as variant,
BECKHAM_MASK_JB__57622__42868.jpg,304028,duplicate_smaller,2026 FOOTBALLERS/beckham.jpg,JB,,2026 FOOTBALLERS,,not moved,folder already has same name+number+marker: BECKHAM MASK JB.jpg
Christian Bale- American Psycho.jpg,146792,duplicate_smaller,2026 MOVIE STARS/christian bale MH.jpg,,MH,2026 MOVIE STARS,,not moved,folder already has same name+number+marker: Christian Bale 2016.jpg
Emma Stone - Gwen Stacy.jpg,345088,duplicate_smaller,2026 MOVIE STARS/Emma stone MH.jpg,,MH,2026 MOVIE STARS,,not moved,folder already has same name+number+marker: Emma Stone 2016.jpeg
emma_willis__45162.jpg,113915,duplicate_smaller,2026 TV SHOWS AND STARS/Emma willis MH.jpg,,MH,2026 TV SHOWS AND STARS,,not moved,folder already has same name+number+marker: Emma Willis.jpg
FREIDA PINTO.jpg,409249,duplicate_smaller,2026 MOVIE STARS/Freida Pinto MH.jpg,,MH,2026 MOVIE STARS,2026 MOVIE STARS/FREIDA PINTO.jpg,move as variant,
Gigi Hadid JB.jpg,128983,duplicate_smaller,Gigi Hadid.jpg,JB,,2026 WAGS AND MODELS,2026 WAGS AND MODELS/Gigi Hadid JB.jpg,move as variant,
Gok_Wan_JB.jpg,247193,duplicate_smaller,2026 TV SHOWS AND STARS/Gok Wan.JPG,JB,,2026 TV SHOWS AND STARS,2026 TV SHOWS AND STARS/Gok_Wan_JB.jpg,move as variant,
HAILEE STEINFELD copy.png,3233451,duplicate_smaller,2026 MOVIE STARS/Hailee steinfeld MH.jpg,,MH,2026 MOVIE STARS,,not moved,another unsorted file has the same name+number+marker (check)
Hailee Steinfeld.jpg,1878896,duplicate_smaller,2026 MOVIE STARS/Hailee steinfeld MH.jpg,,MH,2026 MOVIE STARS,,not moved,another unsorted file has the same name+number+marker (check)
Hailee Steinfeld1.jpg,2252450,duplicate_smaller,2026 MOVIE STARS/Hailee steinfeld MH.jpg,,MH,2026 MOVIE STARS,,not moved,another unsorted file has the same name+number+marker (check)
hayley atwell.jpg,218382,duplicate_smaller,2026 MOVIE STARS/HAYLEY ATWELL MH.jpg,,MH,2026 MOVIE STARS,2026 MOVIE STARS/hayley atwell.jpg,move as variant,
Heida Reed.jpg,431348,duplicate_smaller,2026 MOVIE STARS/Heida Reed MH.jpg,,MH,2026 MOVIE STARS,2026 MOVIE STARS/Heida Reed.jpg,move as variant,
Holly Marie Combs.jpg,2769820,duplicate_smaller,2026 MOVIE STARS/holly marie combs MH.jpg,,MH,2026 MOVIE STARS,2026 MOVIE STARS/Holly Marie Combs.jpg,move as variant,
JAMES MARTIN.jpg,2262740,duplicate_smaller,2026 TV SHOWS AND STARS/James Martin MH.jpg,,MH,2026 TV SHOWS AND STARS,2026 TV SHOWS AND STARS/JAMES MARTIN.jpg,move as variant,
jane lynch.jpg,382478,duplicate_smaller,2026 MOVIE STARS/jane lynch MH.jpg,,MH,2026 MOVIE STARS,2026 MOVIE STARS/jane lynch.jpg,move as variant,
Jerry Seinfeld JB.jpg,154902,duplicate_smaller,Jerry Seinfeld.jpg,JB,,2026 COMEDIANS,2026 COMEDIANS/Jerry Seinfeld JB.jpg,move as variant,
jessica chastain.jpg,411945,duplicate_smaller,2026 MOVIE STARS/jessica chastain MH.jpg,,MH,2026 MOVIE STARS,,not moved,another unsorted file has the same name+number+marker (check)
Joanna Krupa.jpg,578450,duplicate_smaller,2026 MOVIE STARS/Joanna Krupa MH.jpg,,MH,2026 MOVIE STARS,2026 MOVIE STARS/Joanna Krupa.jpg,move as variant,
JOHN BOYEGA JB.jpg,136626,duplicate_smaller,john-boyega.jpg,JB,,2026 MOVIE STARS,2026 MOVIE STARS/JOHN BOYEGA JB.jpg,move as variant,
John O'Shea JB.jpg,73693,duplicate_smaller,"!!!!!!! TO SORT 2026 JAMIE MIXED UPLOADED TO FOXY SORT INTO FOLDERS/John O,Shea.jpg",JB,,2026 FOOTBALLERS,2026 FOOTBALLERS/John O'Shea JB.jpg,move as variant,
kate upton.jpg,1609297,duplicate_smaller,2026 MOVIE STARS/Kate Upton MH.jpg,,MH,2026 MOVIE STARS,2026 MOVIE STARS/kate upton.jpg,move as variant,
Kristen Bell.jpg,1875332,duplicate_smaller,2026 MOVIE STARS/kristen bell MH.jpg,,MH,2026 MOVIE STARS,2026 MOVIE STARS/Kristen Bell.jpg,move as variant,
KURT COBAIN JB.jpg,205424,duplicate_smaller,2026 MUSIC/Kurt-Cobain.jpg,JB,,2026 MUSIC,2026 MUSIC/KURT COBAIN JB.jpg,move as variant,
Laura Vandervoort JB.jpg,153286,duplicate_smaller,Laura Vandervoort.jpg,JB,,2026 TV SHOWS AND STARS,2026 TV SHOWS AND STARS/Laura Vandervoort JB.jpg,move as variant,
LENA HEADEY - CERSEI LANNISTER - GAME OF THRONES.jpg,1479397,duplicate_smaller,2026 MOVIE STARS/Lena Headey MH.jpg,,MH,2026 MOVIE STARS,,not moved,another unsorted file has the same name+number+marker (check)
Lena Headey.jpg,522766,duplicate_smaller,2026 MOVIE STARS/Lena Headey MH.jpg,,MH,2026 MOVIE STARS,,not moved,another unsorted file has the same name+number+marker (check)
Leslie Mann.jpg,2165906,duplicate_smaller,2026 MOVIE STARS/Leslie Mann MH.jpg,,MH,2026 MOVIE STARS,2026 MOVIE STARS/Leslie Mann.jpg,move as variant,
Lisa Snowdon JB.jpg,135668,duplicate_smaller,2026 TV SHOWS AND STARS/lisa snowdon  MH.jpg,JB,MH,2026 TV SHOWS AND STARS,2026 TV SHOWS AND STARS/Lisa Snowdon JB.jpg,move as variant,
LL COOL J JB.jpg,133771,duplicate_smaller,LL Cool J.jpg,JB,,2026 MUSIC,2026 MUSIC/LL COOL J JB.jpg,move as variant,
LUDACRIS JB.jpg,136398,duplicate_smaller,Ludacris.jpg,JB,,2026 MUSIC,2026 MUSIC/LUDACRIS JB.jpg,move as variant,
LUKE HEMMINGS JB.jpg,147497,duplicate_smaller,Luke Hemmings - 5 Seconds of Summer.jpg,JB,,2026 MUSIC,2026 MUSIC/LUKE HEMMINGS JB.jpg,move as variant,
maria menounos NEW.jpg,2489546,duplicate_smaller,2026 MOVIE STARS/maria menounos MH.jpg,,MH,2026 MOVIE STARS,,not moved,another unsorted file has the same name+number+marker (check)
MEGAN FOX JB.jpg,145455,duplicate_smaller,Megan Fox.jpg,JB,,2026 MOVIE STARS,2026 MOVIE STARS/MEGAN FOX JB.jpg,move as variant,
melissa-mccarthy.jpg,2675817,duplicate_smaller,2026 MOVIE STARS/Melissa McCarthy MH.jpg,,MH,2026 MOVIE STARS,,not moved,folder already has same name+number+marker: Melissa McCarthy.jpeg
MIKE TYSON JB.jpg,167037,duplicate_smaller,2026 MOVIE STARS/Mike Tyson.jpg,JB,,2026 MOVIE STARS,2026 MOVIE STARS/MIKE TYSON JB.jpg,move as variant,
Miranda Hart JB.jpg,154460,duplicate_smaller,2026 TV SHOWS AND STARS/miranda hart.jpg,JB,,2026 TV SHOWS AND STARS,2026 TV SHOWS AND STARS/Miranda Hart JB.jpg,move as variant,
NADINE COYLE JB.jpg,174324,duplicate_smaller,2026 MUSIC/NADINE COYLE - GIRLS ALOUD.JPG,JB,,2026 MUSIC,2026 MUSIC/NADINE COYLE JB.jpg,move as variant,
NATALIE PORTMAN JB.jpg,150736,duplicate_smaller,Natalie Portman.JPG,JB,,2026 MOVIE STARS,2026 MOVIE STARS/NATALIE PORTMAN JB.jpg,move as variant,
Ola Jordan JB.jpg,143330,duplicate_smaller,2026 TV SHOWS AND STARS/Ola Jordan   MH.jpg,JB,MH,2026 TV SHOWS AND STARS,2026 TV SHOWS AND STARS/Ola Jordan JB.jpg,move as variant,
Ola Jordan.jpg,1328450,duplicate_smaller,2026 TV SHOWS AND STARS/Ola Jordan   MH.jpg,,MH,2026 TV SHOWS AND STARS,,not moved,another unsorted file has the same name+number+marker (check)
ola-jordan.jpg,351974,duplicate_smaller,2026 TV SHOWS AND STARS/Ola Jordan   MH.jpg,,MH,2026 TV SHOWS AND STARS,,not moved,another unsorted file has the same name+number+marker (check)
Patrice Evra JB.jpg,70167,duplicate_smaller,Patrice Evra.JPG,JB,,2026 FOOTBALLERS,2026 FOOTBALLERS/Patrice Evra JB.jpg,move as variant,
