source_path,person,planned_destination,reason
/2019 TIDY - CELEBRITY FACEMASKS FINAL 7200 IMAGES/!!!!!!! TO SORT 2026 JAMIE MIXED UPLOADED TO FOXY SORT INTO FOLDERS/Edgar allan Poe.jpg,Edgar Allan Poe,/2019 TIDY - CELEBRITY FACEMASKS FINAL 7200 IMAGES/2026 BUSINESS AND PUBLIC FIGURES/Edgar allan Poe.jpg,planned new folder not created (owner chose not to create new folders)
/2019 TIDY - CELEBRITY FACEMASKS FINAL 7200 IMAGES/!!!!!!! TO SORT 2026 JAMIE MIXED UPLOADED TO FOXY SORT INTO FOLDERS/Elon-Musk.jpg,Elon Musk,/2019 TIDY - CELEBRITY FACEMASKS FINAL 7200 IMAGES/2026 BUSINESS AND PUBLIC FIGURES/Elon-Musk.jpg,planned new folder not created (owner chose not to create new folders)
/2019 TIDY - CELEBRITY FACEMASKS FINAL 7200 IMAGES/!!!!!!! TO SORT 2026 JAMIE MIXED UPLOADED TO FOXY SORT INTO FOLDERS/Richard Branson Entrepreneur-White Eye.jpg,Richard Branson,/2019 TIDY - CELEBRITY FACEMASKS FINAL 7200 IMAGES/2026 BUSINESS AND PUBLIC FIGURES/Richard Branson Entrepreneur-White Eye.jpg,planned new folder not created (owner chose not to create new folders)
/2019 TIDY - CELEBRITY FACEMASKS FINAL 7200 IMAGES/!!!!!!! TO SORT 2026 JAMIE MIXED UPLOADED TO FOXY SORT INTO FOLDERS/Robert Falcon Scott - explorer.jpg,Robert Falcon Scott,/2019 TIDY - CELEBRITY FACEMASKS FINAL 7200 IMAGES/2026 BUSINESS AND PUBLIC FIGURES/Robert Falcon Scott - explorer.jpg,planned new folder not created (owner chose not to create new folders)
/2019 TIDY - CELEBRITY FACEMASKS FINAL 7200 IMAGES/!!!!!!! TO SORT 2026 JAMIE MIXED UPLOADED TO FOXY SORT INTO FOLDERS/Roman Abramvich.jpg,Roman Abramovich,/2019 TIDY - CELEBRITY FACEMASKS FINAL 7200 IMAGES/2026 BUSINESS AND PUBLIC FIGURES/Roman Abramvich.jpg,planned new folder not created (owner chose not to create new folders)
/2019 TIDY - CELEBRITY FACEMASKS FINAL 7200 IMAGES/!!!!!!! TO SORT 2026 JAMIE MIXED UPLOADED TO FOXY SORT INTO FOLDERS/Rupert Murdoch (2).JPG,Rupert Murdoch,/2019 TIDY - CELEBRITY FACEMASKS FINAL 7200 IMAGES/2026 BUSINESS AND PUBLIC FIGURES/Rupert Murdoch (2).JPG,planned new folder not created (owner chose not to create new folders)
/2019 TIDY - CELEBRITY FACEMASKS FINAL 7200 IMAGES/!!!!!!! TO SORT 2026 JAMIE MIXED UPLOADED TO FOXY SORT INTO FOLDERS/Sheikh Mansour.jpg,Sheikh Mansour,/2019 TIDY - CELEBRITY FACEMASKS FINAL 7200 IMAGES/2026 BUSINESS AND PUBLIC FIGURES/Sheikh Mansour.jpg,planned new folder not created (owner chose not to create new folders)
/2019 TIDY - CELEBRITY FACEMASKS FINAL 7200 IMAGES/!!!!!!! TO SORT 2026 JAMIE MIXED UPLOADED TO FOXY SORT INTO FOLDERS/Thomas Markle.jpg,Thomas Markle,/2019 TIDY - CELEBRITY FACEMASKS FINAL 7200 IMAGES/2026 BUSINESS AND PUBLIC FIGURES/Thomas Markle.jpg,planned new folder not created (owner chose not to create new folders)
/2019 TIDY - CELEBRITY FACEMASKS FINAL 7200 IMAGES/!!!!!!! TO SORT 2026 JAMIE MIXED UPLOADED TO FOXY SORT INTO FOLDERS/Tom Ford 2013.jpg,Tom Ford,/2019 TIDY - CELEBRITY FACEMASKS FINAL 7200 IMAGES/2026 BUSINESS AND PUBLIC FIGURES/Tom Ford 2013.jpg,planned new folder not created (owner chose not to create new folders)
/2019 TIDY - CELEBRITY FACEMASKS FINAL 7200 IMAGES/!!!!!!! TO SORT 2026 JAMIE MIXED UPLOADED TO FOXY SORT INTO FOLDERS/Tracey_Emin.jpg,Tracey Emin,/2019 TIDY - CELEBRITY FACEMASKS FINAL 7200 IMAGES/2026 BUSINESS AND PUBLIC FIGURES/Tracey_Emin.jpg,planned new folder not created (owner chose not to create new folders)
/2019 TIDY - CELEBRITY FACEMASKS FINAL 7200 IMAGES/!!!!!!! TO SORT 2026 JAMIE MIXED UPLOADED TO FOXY SORT INTO FOLDERS/Uri geller 2016.jpg,Uri Geller,/2019 TIDY - CELEBRITY FACEMASKS FINAL 7200 IMAGES/2026 BUSINESS AND PUBLIC FIGURES/Uri geller 2016.jpg,planned new folder not created (owner chose not to create new folders)
/2019 TIDY - CELEBRITY FACEMASKS FINAL 7200 IMAGES/!!!!!!! TO SORT 2026 JAMIE MIXED UPLOADED TO FOXY SORT INTO FOLDERS/richard bransonOLD.webp,Richard Branson,/2019 TIDY - CELEBRITY FACEMASKS FINAL 7200 IMAGES/2026 BUSINESS AND PUBLIC FIGURES/richard bransonOLD.webp,planned new folder not created (owner chose not to create new folders)
/2019 TIDY - CELEBRITY FACEMASKS FINAL 7200 IMAGES/!!!!!!! TO SORT 2026 JAMIE MIXED UPLOADED TO FOXY SORT INTO FOLDERS/steve wozniak.jpg,Steve Wozniak,/2019 TIDY - CELEBRITY FACEMASKS FINAL 7200 IMAGES/2026 BUSINESS AND PUBLIC FIGURES/steve wozniak.jpg,planned new folder not created (owner chose not to create new folders)
/2019 TIDY - CELEBRITY FACEMASKS FINAL 7200 IMAGES/!!!!!!! TO SORT 2026 JAMIE MIXED UPLOADED TO FOXY SORT INTO FOLDERS/stormy Daniels.jpg,Stormy Daniels,/2019 TIDY - CELEBRITY FACEMASKS FINAL 7200 IMAGES/2026 BUSINESS AND PUBLIC FIGURES/stormy Daniels.jpg,planned new folder not created (owner chose not to create new folders)
/2019 TIDY - CELEBRITY FACEMASKS FINAL 7200 IMAGES/!!!!!!! TO SORT 2026 JAMIE MIXED UPLOADED TO FOXY SORT INTO FOLDERS/versace.jpg,Versace,/2019 TIDY - CELEBRITY FACEMASKS FINAL 7200 IMAGES/2026 BUSINESS AND PUBLIC FIGURES/versace.jpg,planned new folder not created (owner chose not to create new folders)
/2019 TIDY - CELEBRITY FACEMASKS FINAL 7200 IMAGES/!!!!!!! TO SORT 2026 JAMIE MIXED UPLOADED TO FOXY SORT INTO FOLDERS/Fox- 0614-ariana grande.jpg,Fox,"/2019 TIDY - CELEBRITY FACEMASKS FINAL 7200 IMAGES/2026 NOVELTY, ANIMALS AND EMOJIS/Fox- 0614-ariana grande.jpg",planned new folder not created (owner chose not to create new folders)
/2019 TIDY - CELEBRITY FACEMASKS FINAL 7200 IMAGES/!!!!!!! TO SORT 2026 JAMIE MIXED UPLOADED TO FOXY SORT INTO FOLDERS/RAYS OF SUNSHINE 110 (2).jpg,Rays of Sunshine,"/2019 TIDY - CELEBRITY FACEMASKS FINAL 7200 IMAGES/2026 NOVELTY, ANIMALS AND EMOJIS/RAYS OF SUNSHINE 110 (2).jpg",planned new folder not created (owner chose not to create new folders)
/2019 TIDY - CELEBRITY FACEMASKS FINAL 7200 IMAGES/!!!!!!! TO SORT 2026 JAMIE MIXED UPLOADED TO FOXY SORT INTO FOLDERS/SCOUSER.jpg,Scouser,"/2019 TIDY - CELEBRITY FACEMASKS FINAL 7200 IMAGES/2026 NOVELTY, ANIMALS AND EMOJIS/SCOUSER.jpg",planned new folder not created (owner chose not to create new folders)
/2019 TIDY - CELEBRITY FACEMASKS FINAL 7200 IMAGES/!!!!!!! TO SORT 2026 JAMIE MIXED UPLOADED TO FOXY SORT INTO FOLDERS/travis pastrana.jpg,Travis Pastrana,/2019 TIDY - CELEBRITY FACEMASKS FINAL 7200 IMAGES/2026 SPORTS STARS/Motorbike Racing/travis pastrana.jpg,planned new folder not created (owner chose not to create new folders)
/2019 TIDY - CELEBRITY FACEMASKS FINAL 7200 IMAGES/!!!!!!! TO SORT 2026 JAMIE MIXED UPLOADED TO FOXY SORT INTO FOLDERS/Ray Reardon - Snooker.jpg,Ray Reardon,/2019 TIDY - CELEBRITY FACEMASKS FINAL 7200 IMAGES/2026 SPORTS STARS/Snooker/Ray Reardon - Snooker.jpg,planned new folder not created (owner chose not to create new folders)
/2019 TIDY - CELEBRITY FACEMASKS FINAL 7200 IMAGES/!!!!!!! TO SORT 2026 JAMIE MIXED UPLOADED TO FOXY SORT INTO FOLDERS/Terry Griffiths Snooker.jpg,Terry Griffiths,/2019 TIDY - CELEBRITY FACEMASKS FINAL 7200 IMAGES/2026 SPORTS STARS/Snooker/Terry Griffiths Snooker.jpg,planned new folder not created (owner chose not to create new folders)
/2019 TIDY - CELEBRITY FACEMASKS FINAL 7200 IMAGES/!!!!!!! TO SORT 2026 JAMIE MIXED UPLOADED TO FOXY SORT INTO FOLDERS/willie thorne.jpg,Willie Thorne,/2019 TIDY - CELEBRITY FACEMASKS FINAL 7200 IMAGES/2026 SPORTS STARS/Snooker/willie thorne.jpg,planned new folder not created (owner chose not to create new folders)
/2019 TIDY - CELEBRITY FACEMASKS FINAL 7200 IMAGES/!!!!!!! TO SORT 2026 JAMIE MIXED UPLOADED TO FOXY SORT INTO FOLDERS/Randy Orton.jpg,Randy Orton,/2019 TIDY - CELEBRITY FACEMASKS FINAL 7200 IMAGES/2026 SPORTS STARS/Wrestling/Randy Orton.jpg,planned new folder not created (owner chose not to create new folders)
/2019 TIDY - CELEBRITY FACEMASKS FINAL 7200 IMAGES/!!!!!!! TO SORT 2026 JAMIE MIXED UPLOADED TO FOXY SORT INTO FOLDERS/SHAWN MICHAELS01.jpg,Shawn Michaels,/2019 TIDY - CELEBRITY FACEMASKS FINAL 7200 IMAGES/2026 SPORTS STARS/Wrestling/SHAWN MICHAELS01.jpg,planned new folder not created (owner chose not to create new folders)
/2019 TIDY - CELEBRITY FACEMASKS FINAL 7200 IMAGES/!!!!!!! TO SORT 2026 JAMIE MIXED UPLOADED TO FOXY SORT INTO FOLDERS/Triple H Wrestler.jpg,Triple H,/2019 TIDY - CELEBRITY FACEMASKS FINAL 7200 IMAGES/2026 SPORTS STARS/Wrestling/Triple H Wrestler.jpg,planned new folder not created (owner chose not to create new folders)
/2019 TIDY - CELEBRITY FACEMASKS FINAL 7200 IMAGES/!!!!!!! TO SORT 2026 JAMIE MIXED UPLOADED TO FOXY SORT INTO FOLDERS/Undertaker Wrestling WWE.jpg,The Undertaker,/2019 TIDY - CELEBRITY FACEMASKS FINAL 7200 IMAGES/2026 SPORTS STARS/Wrestling/Undertaker Wrestling WWE.jpg,planned new folder not created (owner chose not to create new folders)
/2019 TIDY - CELEBRITY FACEMASKS FINAL 7200 IMAGES/!!!!!!! TO SORT 2026 JAMIE MIXED UPLOADED TO FOXY SORT INTO FOLDERS/Vince McMahon.jpg,Vince McMahon,/2019 TIDY - CELEBRITY FACEMASKS FINAL 7200 IMAGES/2026 SPORTS STARS/Wrestling/Vince McMahon.jpg,planned new folder not created (owner chose not to create new folders)
/2019 TIDY - CELEBRITY FACEMASKS FINAL 7200 IMAGES/!!!!!!! TO SORT 2026 JAMIE MIXED UPLOADED TO FOXY SORT INTO FOLDERS/sheamus WWE.jpg,Sheamus,/2019 TIDY - CELEBRITY FACEMASKS FINAL 7200 IMAGES/2026 SPORTS STARS/Wrestling/sheamus WWE.jpg,planned new folder not created (owner chose not to create new folders)
/2019 TIDY - CELEBRITY FACEMASKS FINAL 7200 IMAGES/!!!!!!! TO SORT 2026 JAMIE MIXED UPLOADED TO FOXY SORT INTO FOLDERS/ELLA CATLIFF JB.jpg,Ella Catliff,/2019 TIDY - CELEBRITY FACEMASKS FINAL 7200 IMAGES/2026 YOUTUBERS AND INFLUENCERS/ELLA CATLIFF JB.jpg,planned new folder not created (owner chose not to create new folders)
/2019 TIDY - CELEBRITY FACEMASKS FINAL 7200 IMAGES/!!!!!!! TO SORT 2026 JAMIE MIXED UPLOADED TO FOXY SORT INTO FOLDERS/zoella.jpg,Zoella,/2019 TIDY - CELEBRITY FACEMASKS FINAL 7200 IMAGES/2026 YOUTUBERS AND INFLUENCERS/zoella.jpg,planned new folder not created (owner chose not to create new folders)
/2019 TIDY - CELEBRITY FACEMASKS FINAL 7200 IMAGES/Albert Einstein.jpg,Albert Einstein,/2019 TIDY - CELEBRITY FACEMASKS FINAL 7200 IMAGES/2026 BUSINESS AND PUBLIC FIGURES/Albert Einstein.jpg,planned new folder not created (owner chose not to create new folders)
/2019 TIDY - CELEBRITY FACEMASKS FINAL 7200 IMAGES/BADEN POWELL - SCOUTS FOUNDER.jpg,Robert Baden-Powell,/2019 TIDY - CELEBRITY FACEMASKS FINAL 7200 IMAGES/2026 BUSINESS AND PUBLIC FIGURES/BADEN POWELL - SCOUTS FOUNDER.jpg,planned new folder not created (owner chose not to create new folders)
/2019 TIDY - CELEBRITY FACEMASKS FINAL 7200 IMAGES/Bill Gates.jpg,Bill Gates,/2019 TIDY - CELEBRITY FACEMASKS FINAL 7200 IMAGES/2026 BUSINESS AND PUBLIC FIGURES/Bill Gates.jpg,planned new folder not created (owner chose not to create new folders)
/2019 TIDY - CELEBRITY FACEMASKS FINAL 7200 IMAGES/Colonel Sanders.jpg,Colonel Sanders,/2019 TIDY - CELEBRITY FACEMASKS FINAL 7200 IMAGES/2026 BUSINESS AND PUBLIC FIGURES/Colonel Sanders.jpg,planned new folder not created (owner chose not to create new folders)
/2019 TIDY - CELEBRITY FACEMASKS FINAL 7200 IMAGES/James Patterson.jpg,James Patterson,/2019 TIDY - CELEBRITY FACEMASKS FINAL 7200 IMAGES/2026 BUSINESS AND PUBLIC FIGURES/James Patterson.jpg,planned new folder not created (owner chose not to create new folders)
/2019 TIDY - CELEBRITY FACEMASKS FINAL 7200 IMAGES/Jenna-Jameson.jpg,Jenna Jameson,/2019 TIDY - CELEBRITY FACEMASKS FINAL 7200 IMAGES/2026 BUSINESS AND PUBLIC FIGURES/Jenna-Jameson.jpg,planned new folder not created (owner chose not to create new folders)
/2019 TIDY - CELEBRITY FACEMASKS FINAL 7200 IMAGES/Justin welby.jpg,Justin Welby,/2019 TIDY - CELEBRITY FACEMASKS FINAL 7200 IMAGES/2026 BUSINESS AND PUBLIC FIGURES/Justin welby.jpg,planned new folder not created (owner chose not to create new folders)
/2019 TIDY - CELEBRITY FACEMASKS FINAL 7200 IMAGES/Kim sears.jpg,Kim Sears,/2019 TIDY - CELEBRITY FACEMASKS FINAL 7200 IMAGES/2026 BUSINESS AND PUBLIC FIGURES/Kim sears.jpg,planned new folder not created (owner chose not to create new folders)
/2019 TIDY - CELEBRITY FACEMASKS FINAL 7200 IMAGES/Larry Flynt.jpg,Larry Flynt,/2019 TIDY - CELEBRITY FACEMASKS FINAL 7200 IMAGES/2026 BUSINESS AND PUBLIC FIGURES/Larry Flynt.jpg,planned new folder not created (owner chose not to create new folders)
/2019 TIDY - CELEBRITY FACEMASKS FINAL 7200 IMAGES/Lauren Silverman.jpg,Lauren Silverman,/2019 TIDY - CELEBRITY FACEMASKS FINAL 7200 IMAGES/2026 BUSINESS AND PUBLIC FIGURES/Lauren Silverman.jpg,planned new folder not created (owner chose not to create new folders)
/2019 TIDY - CELEBRITY FACEMASKS FINAL 7200 IMAGES/Lord Kitchener.jpg,Lord Kitchener,/2019 TIDY - CELEBRITY FACEMASKS FINAL 7200 IMAGES/2026 BUSINESS AND PUBLIC FIGURES/Lord Kitchener.jpg,planned new folder not created (owner chose not to create new folders)
/2019 TIDY - CELEBRITY FACEMASKS FINAL 7200 IMAGES/Marc Jacobs.jpg,Marc Jacobs,/2019 TIDY - CELEBRITY FACEMASKS FINAL 7200 IMAGES/2026 BUSINESS AND PUBLIC FIGURES/Marc Jacobs.jpg,planned new folder not created (owner chose not to create new folders)
/2019 TIDY - CELEBRITY FACEMASKS FINAL 7200 IMAGES/Mark Zuckerberg (2).jpg,Mark Zuckerberg,/2019 TIDY - CELEBRITY FACEMASKS FINAL 7200 IMAGES/2026 BUSINESS AND PUBLIC FIGURES/Mark Zuckerberg (2).jpg,planned new folder not created (owner chose not to create new folders)
/2019 TIDY - CELEBRITY FACEMASKS FINAL 7200 IMAGES/Mezhgan Hussainy 1.jpg,Mezhgan Hussainy,/2019 TIDY - CELEBRITY FACEMASKS FINAL 7200 IMAGES/2026 BUSINESS AND PUBLIC FIGURES/Mezhgan Hussainy 1.jpg,planned new folder not created (owner chose not to create new folders)
/2019 TIDY - CELEBRITY FACEMASKS FINAL 7200 IMAGES/Natasha Archer.jpg,Natasha Archer,/2019 TIDY - CELEBRITY FACEMASKS FINAL 7200 IMAGES/2026 BUSINESS AND PUBLIC FIGURES/Natasha Archer.jpg,planned new folder not created (owner chose not to create new folders)
/2019 TIDY - CELEBRITY FACEMASKS FINAL 7200 IMAGES/Natasha Zinko.jpg,Natasha Zinko,/2019 TIDY - CELEBRITY FACEMASKS FINAL 7200 IMAGES/2026 BUSINESS AND PUBLIC FIGURES/Natasha Zinko.jpg,planned new folder not created (owner chose not to create new folders)
/2019 TIDY - CELEBRITY FACEMASKS FINAL 7200 IMAGES/Ned Rocknroll.jpg,Ned Rocknroll,/2019 TIDY - CELEBRITY FACEMASKS FINAL 7200 IMAGES/2026 BUSINESS AND PUBLIC FIGURES/Ned Rocknroll.jpg,planned new folder not created (owner chose not to create new folders)
/2019 TIDY - CELEBRITY FACEMASKS FINAL 7200 IMAGES/Philip Green.jpg,Philip Green,/2019 TIDY - CELEBRITY FACEMASKS FINAL 7200 IMAGES/2026 BUSINESS AND PUBLIC FIGURES/Philip Green.jpg,planned new folder not created (owner chose not to create new folders)
/2019 TIDY - CELEBRITY FACEMASKS FINAL 7200 IMAGES/Pippa Middleton.JPG,Pippa Middleton,/2019 TIDY - CELEBRITY FACEMASKS FINAL 7200 IMAGES/2026 BUSINESS AND PUBLIC FIGURES/Pippa Middleton.JPG,planned new folder not created (owner chose not to create new folders)
/2019 TIDY - CELEBRITY FACEMASKS FINAL 7200 IMAGES/Sheryl Sandberg.jpg,Sheryl Sandberg,/2019 TIDY - CELEBRITY FACEMASKS FINAL 7200 IMAGES/2026 BUSINESS AND PUBLIC FIGURES/Sheryl Sandberg.jpg,planned new folder not created (owner chose not to create new folders)
/2019 TIDY - CELEBRITY FACEMASKS FINAL 7200 IMAGES/andy-warhol.jpg,Andy Warhol,/2019 TIDY - CELEBRITY FACEMASKS FINAL 7200 IMAGES/2026 BUSINESS AND PUBLIC FIGURES/andy-warhol.jpg,planned new folder not created (owner chose not to create new folders)
/2019 TIDY - CELEBRITY FACEMASKS FINAL 7200 IMAGES/deepak chopra.jpg,Deepak Chopra,/2019 TIDY - CELEBRITY FACEMASKS FINAL 7200 IMAGES/2026 BUSINESS AND PUBLIC FIGURES/deepak chopra.jpg,planned new folder not created (owner chose not to create new folders)
/2019 TIDY - CELEBRITY FACEMASKS FINAL 7200 IMAGES/hyung tae kim.jpg,Kim Hyung-tae,/2019 TIDY - CELEBRITY FACEMASKS FINAL 7200 IMAGES/2026 BUSINESS AND PUBLIC FIGURES/hyung tae kim.jpg,planned new folder not created (owner chose not to create new folders)
/2019 TIDY - CELEBRITY FACEMASKS FINAL 7200 IMAGES/john-the-baptist.jpg,John the Baptist,/2019 TIDY - CELEBRITY FACEMASKS FINAL 7200 IMAGES/2026 BUSINESS AND PUBLIC FIGURES/john-the-baptist.jpg,planned new folder not created (owner chose not to create new folders)
/2019 TIDY - CELEBRITY FACEMASKS FINAL 7200 IMAGES/mary_quant.jpg,Mary Quant,/2019 TIDY - CELEBRITY FACEMASKS FINAL 7200 IMAGES/2026 BUSINESS AND PUBLIC FIGURES/mary_quant.jpg,planned new folder not created (owner chose not to create new folders)
/2019 TIDY - CELEBRITY FACEMASKS FINAL 7200 IMAGES/satya nadella.jpg,Satya Nadella,/2019 TIDY - CELEBRITY FACEMASKS FINAL 7200 IMAGES/2026 BUSINESS AND PUBLIC FIGURES/satya nadella.jpg,planned new folder not created (owner chose not to create new folders)
/2019 TIDY - CELEBRITY FACEMASKS FINAL 7200 IMAGES/African Lion.jpg,African Lion,"/2019 TIDY - CELEBRITY FACEMASKS FINAL 7200 IMAGES/2026 NOVELTY, ANIMALS AND EMOJIS/African Lion.jpg",planned new folder not created (owner chose not to create new folders)
/2019 TIDY - CELEBRITY FACEMASKS FINAL 7200 IMAGES/Anxious Emoji.jpg,Anxious Emoji,"/2019 TIDY - CELEBRITY FACEMASKS FINAL 7200 IMAGES/2026 NOVELTY, ANIMALS AND EMOJIS/Anxious Emoji.jpg",planned new folder not created (owner chose not to create new folders)
/2019 TIDY - CELEBRITY FACEMASKS FINAL 7200 IMAGES/BISON.jpg,Bison,"/2019 TIDY - CELEBRITY FACEMASKS FINAL 7200 IMAGES/2026 NOVELTY, ANIMALS AND EMOJIS/BISON.jpg",planned new folder not created (owner chose not to create new folders)
/2019 TIDY - CELEBRITY FACEMASKS FINAL 7200 IMAGES/Baby - Dirty Dancing.jpg,Baby Face,"/2019 TIDY - CELEBRITY FACEMASKS FINAL 7200 IMAGES/2026 NOVELTY, ANIMALS AND EMOJIS/Baby - Dirty Dancing.jpg",planned new folder not created (owner chose not to create new folders)
/2019 TIDY - CELEBRITY FACEMASKS FINAL 7200 IMAGES/CURLY HAIR.jpeg,Curly Hair,"/2019 TIDY - CELEBRITY FACEMASKS FINAL 7200 IMAGES/2026 NOVELTY, ANIMALS AND EMOJIS/CURLY HAIR.jpeg",planned new folder not created (owner chose not to create new folders)
/2019 TIDY - CELEBRITY FACEMASKS FINAL 7200 IMAGES/Cat Emoji.jpg,Cat Emoji,"/2019 TIDY - CELEBRITY FACEMASKS FINAL 7200 IMAGES/2026 NOVELTY, ANIMALS AND EMOJIS/Cat Emoji.jpg",planned new folder not created (owner chose not to create new folders)
/2019 TIDY - CELEBRITY FACEMASKS FINAL 7200 IMAGES/Ladbrokes man.jpg,Ladbrokes Man,"/2019 TIDY - CELEBRITY FACEMASKS FINAL 7200 IMAGES/2026 NOVELTY, ANIMALS AND EMOJIS/Ladbrokes man.jpg",planned new folder not created (owner chose not to create new folders)
/2019 TIDY - CELEBRITY FACEMASKS FINAL 7200 IMAGES/MONKEY SELFIE MASK JB.jpg,Monkey Selfie,"/2019 TIDY - CELEBRITY FACEMASKS FINAL 7200 IMAGES/2026 NOVELTY, ANIMALS AND EMOJIS/MONKEY SELFIE MASK JB.jpg",planned new folder not created (owner chose not to create new folders)
/2019 TIDY - CELEBRITY FACEMASKS FINAL 7200 IMAGES/Man Utd Man.JPG,Man Utd Man,"/2019 TIDY - CELEBRITY FACEMASKS FINAL 7200 IMAGES/2026 NOVELTY, ANIMALS AND EMOJIS/Man Utd Man.JPG",planned new folder not created (owner chose not to create new folders)
/2019 TIDY - CELEBRITY FACEMASKS FINAL 7200 IMAGES/Monkey Tounge.jpg,Monkey,"/2019 TIDY - CELEBRITY FACEMASKS FINAL 7200 IMAGES/2026 NOVELTY, ANIMALS AND EMOJIS/Monkey Tounge.jpg",planned new folder not created (owner chose not to create new folders)
/2019 TIDY - CELEBRITY FACEMASKS FINAL 7200 IMAGES/Motorbiker Mask.jpg,Motorbiker,"/2019 TIDY - CELEBRITY FACEMASKS FINAL 7200 IMAGES/2026 NOVELTY, ANIMALS AND EMOJIS/Motorbiker Mask.jpg",planned new folder not created (owner chose not to create new folders)
/2019 TIDY - CELEBRITY FACEMASKS FINAL 7200 IMAGES/Not Paul Merson.jpg,Not Paul Merson,"/2019 TIDY - CELEBRITY FACEMASKS FINAL 7200 IMAGES/2026 NOVELTY, ANIMALS AND EMOJIS/Not Paul Merson.jpg",planned new folder not created (owner chose not to create new folders)
/2019 TIDY - CELEBRITY FACEMASKS FINAL 7200 IMAGES/Persoanlised Face.jpg,Personalised Face Mask,"/2019 TIDY - CELEBRITY FACEMASKS FINAL 7200 IMAGES/2026 NOVELTY, ANIMALS AND EMOJIS/Persoanlised Face.jpg",planned new folder not created (owner chose not to create new folders)
/2019 TIDY - CELEBRITY FACEMASKS FINAL 7200 IMAGES/acid.jpg,Acid,"/2019 TIDY - CELEBRITY FACEMASKS FINAL 7200 IMAGES/2026 NOVELTY, ANIMALS AND EMOJIS/acid.jpg",planned new folder not created (owner chose not to create new folders)
/2019 TIDY - CELEBRITY FACEMASKS FINAL 7200 IMAGES/corpse zombie face mask.jpg,Zombie,"/2019 TIDY - CELEBRITY FACEMASKS FINAL 7200 IMAGES/2026 NOVELTY, ANIMALS AND EMOJIS/corpse zombie face mask.jpg",planned new folder not created (owner chose not to create new folders)
/2019 TIDY - CELEBRITY FACEMASKS FINAL 7200 IMAGES/face outline.jpg,Outline,"/2019 TIDY - CELEBRITY FACEMASKS FINAL 7200 IMAGES/2026 NOVELTY, ANIMALS AND EMOJIS/face outline.jpg",planned new folder not created (owner chose not to create new folders)
/2019 TIDY - CELEBRITY FACEMASKS FINAL 7200 IMAGES/little girl.jpeg,Little Girl,"/2019 TIDY - CELEBRITY FACEMASKS FINAL 7200 IMAGES/2026 NOVELTY, ANIMALS AND EMOJIS/little girl.jpeg",planned new folder not created (owner chose not to create new folders)
/2019 TIDY - CELEBRITY FACEMASKS FINAL 7200 IMAGES/James-Toseland.jpg,James Toseland,/2019 TIDY - CELEBRITY FACEMASKS FINAL 7200 IMAGES/2026 SPORTS STARS/Motorbike Racing/James-Toseland.jpg,planned new folder not created (owner chose not to create new folders)
/2019 TIDY - CELEBRITY FACEMASKS FINAL 7200 IMAGES/Jenny Tinemouth.jpg,Jenny Tinmouth,/2019 TIDY - CELEBRITY FACEMASKS FINAL 7200 IMAGES/2026 SPORTS STARS/Motorbike Racing/Jenny Tinemouth.jpg,planned new folder not created (owner chose not to create new folders)
/2019 TIDY - CELEBRITY FACEMASKS FINAL 7200 IMAGES/Jenny Tinmouth.jpg,Jenny Tinmouth,/2019 TIDY - CELEBRITY FACEMASKS FINAL 7200 IMAGES/2026 SPORTS STARS/Motorbike Racing/Jenny Tinmouth.jpg,planned new folder not created (owner chose not to create new folders)
/2019 TIDY - CELEBRITY FACEMASKS FINAL 7200 IMAGES/Maria Costello.jpg,Maria Costello,/2019 TIDY - CELEBRITY FACEMASKS FINAL 7200 IMAGES/2026 SPORTS STARS/Motorbike Racing/Maria Costello.jpg,planned new folder not created (owner chose not to create new folders)
/2019 TIDY - CELEBRITY FACEMASKS FINAL 7200 IMAGES/Michael Dunlop.jpg,Michael Dunlop,/2019 TIDY - CELEBRITY FACEMASKS FINAL 7200 IMAGES/2026 SPORTS STARS/Motorbike Racing/Michael Dunlop.jpg,planned new folder not created (owner chose not to create new folders)
/2019 TIDY - CELEBRITY FACEMASKS FINAL 7200 IMAGES/gallery_travis-pastrana-portrait.jpg,Travis Pastrana,/2019 TIDY - CELEBRITY FACEMASKS FINAL 7200 IMAGES/2026 SPORTS STARS/Motorbike Racing/gallery_travis-pastrana-portrait.jpg,planned new folder not created (owner chose not to create new folders)
/2019 TIDY - CELEBRITY FACEMASKS FINAL 7200 IMAGES/john mcguinness.jpg,John McGuinness,/2019 TIDY - CELEBRITY FACEMASKS FINAL 7200 IMAGES/2026 SPORTS STARS/Motorbike Racing/john mcguinness.jpg,planned new folder not created (owner chose not to create new folders)
/2019 TIDY - CELEBRITY FACEMASKS FINAL 7200 IMAGES/jorge lorenzo.jpg,Jorge Lorenzo,/2019 TIDY - CELEBRITY FACEMASKS FINAL 7200 IMAGES/2026 SPORTS STARS/Motorbike Racing/jorge lorenzo.jpg,planned new folder not created (owner chose not to create new folders)
/2019 TIDY - CELEBRITY FACEMASKS FINAL 7200 IMAGES/Jan Verhaas.jpg,Jan Verhaas,/2019 TIDY - CELEBRITY FACEMASKS FINAL 7200 IMAGES/2026 SPORTS STARS/Snooker/Jan Verhaas.jpg,planned new folder not created (owner chose not to create new folders)
/2019 TIDY - CELEBRITY FACEMASKS FINAL 7200 IMAGES/Jimmy White - Snooker.jpg,Jimmy White,/2019 TIDY - CELEBRITY FACEMASKS FINAL 7200 IMAGES/2026 SPORTS STARS/Snooker/Jimmy White - Snooker.jpg,planned new folder not created (owner chose not to create new folders)
/2019 TIDY - CELEBRITY FACEMASKS FINAL 7200 IMAGES/Joe Davis - Snooker.jpg,Joe Davis,/2019 TIDY - CELEBRITY FACEMASKS FINAL 7200 IMAGES/2026 SPORTS STARS/Snooker/Joe Davis - Snooker.jpg,planned new folder not created (owner chose not to create new folders)
/2019 TIDY - CELEBRITY FACEMASKS FINAL 7200 IMAGES/John Higgins.jpg,John Higgins,/2019 TIDY - CELEBRITY FACEMASKS FINAL 7200 IMAGES/2026 SPORTS STARS/Snooker/John Higgins.jpg,planned new folder not created (owner chose not to create new folders)
/2019 TIDY - CELEBRITY FACEMASKS FINAL 7200 IMAGES/John Parrot (2).jpg,John Parrott,/2019 TIDY - CELEBRITY FACEMASKS FINAL 7200 IMAGES/2026 SPORTS STARS/Snooker/John Parrot (2).jpg,planned new folder not created (owner chose not to create new folders)
/2019 TIDY - CELEBRITY FACEMASKS FINAL 7200 IMAGES/John Virgo.jpg,John Virgo,/2019 TIDY - CELEBRITY FACEMASKS FINAL 7200 IMAGES/2026 SPORTS STARS/Snooker/John Virgo.jpg,planned new folder not created (owner chose not to create new folders)
/2019 TIDY - CELEBRITY FACEMASKS FINAL 7200 IMAGES/Mark Selby.jpg,Mark Selby,/2019 TIDY - CELEBRITY FACEMASKS FINAL 7200 IMAGES/2026 SPORTS STARS/Snooker/Mark Selby.jpg,planned new folder not created (owner chose not to create new folders)
/2019 TIDY - CELEBRITY FACEMASKS FINAL 7200 IMAGES/Mark Williams.jpg,Mark Williams,/2019 TIDY - CELEBRITY FACEMASKS FINAL 7200 IMAGES/2026 SPORTS STARS/Snooker/Mark Williams.jpg,planned new folder not created (owner chose not to create new folders)
/2019 TIDY - CELEBRITY FACEMASKS FINAL 7200 IMAGES/Neil Robertson.jpg,Neil Robertson,/2019 TIDY - CELEBRITY FACEMASKS FINAL 7200 IMAGES/2026 SPORTS STARS/Snooker/Neil Robertson.jpg,planned new folder not created (owner chose not to create new folders)
/2019 TIDY - CELEBRITY FACEMASKS FINAL 7200 IMAGES/Grado.jpg,Grado,/2019 TIDY - CELEBRITY FACEMASKS FINAL 7200 IMAGES/2026 SPORTS STARS/Wrestling/Grado.jpg,planned new folder not created (owner chose not to create new folders)
/2019 TIDY - CELEBRITY FACEMASKS FINAL 7200 IMAGES/Hulk Hogan.jpg,Hulk Hogan,/2019 TIDY - CELEBRITY FACEMASKS FINAL 7200 IMAGES/2026 SPORTS STARS/Wrestling/Hulk Hogan.jpg,planned new folder not created (owner chose not to create new folders)
/2019 TIDY - CELEBRITY FACEMASKS FINAL 7200 IMAGES/John Cena (2).jpg,John Cena,/2019 TIDY - CELEBRITY FACEMASKS FINAL 7200 IMAGES/2026 SPORTS STARS/Wrestling/John Cena (2).jpg,planned new folder not created (owner chose not to create new folders)
/2019 TIDY - CELEBRITY FACEMASKS FINAL 7200 IMAGES/Ethan Dolan.jpg,Ethan Dolan,/2019 TIDY - CELEBRITY FACEMASKS FINAL 7200 IMAGES/2026 YOUTUBERS AND INFLUENCERS/Ethan Dolan.jpg,planned new folder not created (owner chose not to create new folders)
/2019 TIDY - CELEBRITY FACEMASKS FINAL 7200 IMAGES/Eva Gutwoski.jpg,Eva Gutowski,/2019 TIDY - CELEBRITY FACEMASKS FINAL 7200 IMAGES/2026 YOUTUBERS AND INFLUENCERS/Eva Gutwoski.jpg,planned new folder not created (owner chose not to create new folders)
/2019 TIDY - CELEBRITY FACEMASKS FINAL 7200 IMAGES/Grace Helbig.jpg,Grace Helbig,/2019 TIDY - CELEBRITY FACEMASKS FINAL 7200 IMAGES/2026 YOUTUBERS AND INFLUENCERS/Grace Helbig.jpg,planned new folder not created (owner chose not to create new folders)
/2019 TIDY - CELEBRITY FACEMASKS FINAL 7200 IMAGES/Grayson Dolan.jpg,Grayson Dolan,/2019 TIDY - CELEBRITY FACEMASKS FINAL 7200 IMAGES/2026 YOUTUBERS AND INFLUENCERS/Grayson Dolan.jpg,planned new folder not created (owner chose not to create new folders)
/2019 TIDY - CELEBRITY FACEMASKS FINAL 7200 IMAGES/Wealdstone Raider You Got No Fans.jpg,Wealdstone Raider,/2019 TIDY - CELEBRITY FACEMASKS FINAL 7200 IMAGES/2026 YOUTUBERS AND INFLUENCERS/Wealdstone Raider You Got No Fans.jpg,planned new folder not created (owner chose not to create new folders)
/2019 TIDY - CELEBRITY FACEMASKS FINAL 7200 IMAGES/hasbulla magomedov.jpg,Hasbulla Magomedov,/2019 TIDY - CELEBRITY FACEMASKS FINAL 7200 IMAGES/2026 YOUTUBERS AND INFLUENCERS/hasbulla magomedov.jpg,planned new folder not created (owner chose not to create new folders)
/2019 TIDY - CELEBRITY FACEMASKS FINAL 7200 IMAGES/marty mckenna.jpg,Marty McKenna,/2019 TIDY - CELEBRITY FACEMASKS FINAL 7200 IMAGES/2026 YOUTUBERS AND INFLUENCERS/marty mckenna.jpg,planned new folder not created (owner chose not to create new folders)
/2019 TIDY - CELEBRITY FACEMASKS FINAL 7200 IMAGES/meredith-foster.jpg,Meredith Foster,/2019 TIDY - CELEBRITY FACEMASKS FINAL 7200 IMAGES/2026 YOUTUBERS AND INFLUENCERS/meredith-foster.jpg,planned new folder not created (owner chose not to create new folders)
/2019 TIDY - CELEBRITY FACEMASKS FINAL 7200 IMAGES/pewdipie.jpg,PewDiePie,/2019 TIDY - CELEBRITY FACEMASKS FINAL 7200 IMAGES/2026 YOUTUBERS AND INFLUENCERS/pewdipie.jpg,planned new folder not created (owner chose not to create new folders)
