path,reason
2026 BOLLYWOOD ACTORS/SR.jpg,no usable name left (numeric/stock-photo/hash file name)
2026 BOND ACTOR PACK F/EBAY PACK6.jpg,pack/mockup/group image (not a single face)
"2026 CARTOON, GAME AND FILM CHARACTERS/ET.jpg",no usable name left (numeric/stock-photo/hash file name)
"2026 CARTOON, GAME AND FILM CHARACTERS/Foxy - FNAF.jpg",no usable name left (numeric/stock-photo/hash file name)
"2026 CARTOON, GAME AND FILM CHARACTERS/It - Stephen King.jpg",no usable name left (numeric/stock-photo/hash file name)
"2026 CARTOON, GAME AND FILM CHARACTERS/Joker Suicide Squad CARTOON.jpg",pack/mockup/group image (not a single face)
"2026 CARTOON, GAME AND FILM CHARACTERS/Rocket_Raccoon_and_Groot_Guardians_Of_The_Galaxy_Party_Face_Mask_Pack_Of_2_buy_star_masks_at_starstills__47199.1427287311.1280.1280-1.jpg",pack/mockup/group image (not a single face)
"2026 CARTOON, GAME AND FILM CHARACTERS/Rocket_Raccoon_and_Groot_Guardians_Of_The_Galaxy_Party_Face_Mask_Pack_Of_2_buy_star_masks_at_starstills__47199.1427287311.1280.1280.jpg",pack/mockup/group image (not a single face)
"2026 CARTOON, GAME AND FILM CHARACTERS/Scream-Face-Mask-MOCKUP.jpg",pack/mockup/group image (not a single face)
2026 CRICKET/Cricket Masks.jpg,left as is (reviewed)
2026 EURO 2021/EURO MASK PACK MOCKUPS/FOOTY-PACKS-FINAL-englands-bright-future.gif,pack/mockup/group image (not a single face)
2026 EURO 2021/EURO MASK PACK MOCKUPS/FOOTY-PACKS-FINAL-full-squad.gif,pack/mockup/group image (not a single face)
2026 EURO 2021/EURO MASK PACK MOCKUPS/FOOTY-PACKS-FINAL-home-nations.gif,pack/mockup/group image (not a single face)
2026 EURO 2021/EURO MASK PACK MOCKUPS/FOOTY-PACKS-FINAL-ITS-COMING-HOME.gif,pack/mockup/group image (not a single face)
2026 EURO 2021/EURO MASK PACK MOCKUPS/FOOTY-PACKS-FINAL-pack-1.gif,pack/mockup/group image (not a single face)
2026 EURO 2021/EURO MASK PACK MOCKUPS/FOOTY-PACKS-FINAL-pack-1_tmp5724,not an image
2026 EURO 2021/EURO MASK PACK MOCKUPS/FOOTY-PACKS-FINAL-pack-2.gif,pack/mockup/group image (not a single face)
2026 EURO 2021/EURO MASK PACK MOCKUPS/FOOTY-PACKS-FINAL-PACK-3.gif,pack/mockup/group image (not a single face)
2026 EURO 2021/EURO MASK PACK MOCKUPS/FOOTY-PACKS-FINAL-PACK-4.gif,pack/mockup/group image (not a single face)
2026 EURO 2021/EURO MASK PACK MOCKUPS/FOOTY-PACKS-FINAL-PACK-5.gif,pack/mockup/group image (not a single face)
2026 EURO 2021/EURO MASK PACK MOCKUPS/FOOTY-PACKS-FINAL-PACK-6.gif,pack/mockup/group image (not a single face)
2026 EURO 2021/EURO MASK PACK MOCKUPS/FOOTY-PACKS-FINAL-sancho.gif,pack/mockup/group image (not a single face)
2026 EURO 2021/EURO MASK PACK MOCKUPS/FOOTY-PACKS-FINAL-unsung-heroes.gif,pack/mockup/group image (not a single face)
2026 EURO 2021/EURO MASK PACK MOCKUPS/FOOTY-PACKS-FINAL-WALES.gif,pack/mockup/group image (not a single face)
2026 EURO 2021/EURO MASK PACK MOCKUPS/KANE-FODEN-RASHFORD-PACK-2.gif,pack/mockup/group image (not a single face)
2026 EURO 2021/EURO MASK PACK MOCKUPS/owen euro 2021 mask template 2.psd,not an image
2026 EURO 2021/EURO MASK PACK MOCKUPS/owen euro 2021 mask template.psd,not an image
2026 EURO 2021/EURO MASK PACK MOCKUPS/owen-euro-2021-England-front-three - Mockup.jpg,pack/mockup/group image (not a single face)
2026 EURO 2021/EURO MASK PACK MOCKUPS/owen-euro-2021-ENGLAND-RIGHT-BACK-PACK - Mockup.jpg,pack/mockup/group image (not a single face)
2026 EURO 2021/EURO MASK PACK MOCKUPS/owen-euro-2021-its-coming-home-mask-pack.gif,pack/mockup/group image (not a single face)
2026 EURO 2021/EURO MASK PACK MOCKUPS/owen-euro-2021-mask-FULL-SQUAD-PACK.gif,pack/mockup/group image (not a single face)
2026 EURO 2021/EURO MASK PACK MOCKUPS/owen-euro-2021-SOUTHGATE'S-FRONT-THREE - Mockup.jpg,pack/mockup/group image (not a single face)
2026 EURO 2021/EURO MASK PACK MOCKUPS/owen-euro-2021-YOUNG-GUNS - Mockup.jpg,pack/mockup/group image (not a single face)
2026 EURO 2021/EURO MASK PACK MOCKUPS/owen-euro-20211--HOME-NATIONS-PACK.gif,pack/mockup/group image (not a single face)
2026 EURO 2021/EURO MASK PACK MOCKUPS/RASHFORD-FODEN-SOUTHGATE-KANE.gif,no usable name left (numeric/stock-photo/hash file name)
2026 EURO 2021/EURO MASK PACK MOCKUPS/rashford-kane-southgate-pack-1.gif,pack/mockup/group image (not a single face)
2026 FOOTBALLERS/Headland-FC-CHAMPIONSHIP-6.png,no usable name left (numeric/stock-photo/hash file name)
2026 FOOTBALLERS/kevin keegan perm.pdf,not an image
2026 FOOTBALLERS/Liverpool-Mask-Pack-4-Mockup.jpg,pack/mockup/group image (not a single face)
2026 FOOTBALLERS/MIS2-1213.jpg,no usable name left (numeric/stock-photo/hash file name)
2026 FOOTBALLERS/olympic masks - Copy.jpg,no usable name left (numeric/stock-photo/hash file name)
2026 FOOTBALLERS/olympic masks.jpg,no usable name left (numeric/stock-photo/hash file name)
2026 FOOTBALLERS/olympic masks10 - Copy.jpg,no usable name left (numeric/stock-photo/hash file name)
2026 FOOTBALLERS/olympic masks10.jpg,no usable name left (numeric/stock-photo/hash file name)
2026 FOOTBALLERS/olympic masks11.jpg,no usable name left (numeric/stock-photo/hash file name)
2026 FOOTBALLERS/olympic masks12.jpg,no usable name left (numeric/stock-photo/hash file name)
2026 FOOTBALLERS/olympic masks13.jpg,no usable name left (numeric/stock-photo/hash file name)
2026 FOOTBALLERS/olympic masks14.jpg,no usable name left (numeric/stock-photo/hash file name)
2026 FOOTBALLERS/olympic masks2 - Copy.jpg,no usable name left (numeric/stock-photo/hash file name)
2026 FOOTBALLERS/olympic masks2.jpg,no usable name left (numeric/stock-photo/hash file name)
2026 FOOTBALLERS/olympic masks3 - Copy.jpg,no usable name left (numeric/stock-photo/hash file name)
2026 FOOTBALLERS/olympic masks3.jpg,no usable name left (numeric/stock-photo/hash file name)
2026 FOOTBALLERS/olympic masks4 - Copy.jpg,no usable name left (numeric/stock-photo/hash file name)
2026 FOOTBALLERS/olympic masks4.jpg,no usable name left (numeric/stock-photo/hash file name)
2026 FOOTBALLERS/olympic masks5 - Copy.jpg,no usable name left (numeric/stock-photo/hash file name)
2026 FOOTBALLERS/olympic masks5.jpg,no usable name left (numeric/stock-photo/hash file name)
2026 FOOTBALLERS/olympic masks6 - Copy.jpg,no usable name left (numeric/stock-photo/hash file name)
2026 FOOTBALLERS/olympic masks6.jpg,no usable name left (numeric/stock-photo/hash file name)
2026 FOOTBALLERS/olympic masks7 - Copy.jpg,no usable name left (numeric/stock-photo/hash file name)
2026 FOOTBALLERS/olympic masks7.jpg,no usable name left (numeric/stock-photo/hash file name)
2026 FOOTBALLERS/olympic masks8 - Copy.jpg,no usable name left (numeric/stock-photo/hash file name)
2026 FOOTBALLERS/olympic masks8.jpg,no usable name left (numeric/stock-photo/hash file name)
2026 FOOTBALLERS/olympic masks9 - Copy.jpg,no usable name left (numeric/stock-photo/hash file name)
2026 FOOTBALLERS/olympic masks9.jpg,no usable name left (numeric/stock-photo/hash file name)
2026 FOOTBALLERS/STEVEN GERRARD 2.pdf,not an image
2026 MOVIE STARS/Amanda Crew (2).jpg,pack/mockup/group image (not a single face)
2026 MOVIE STARS/Amanda Crew.jpg,pack/mockup/group image (not a single face)
2026 MOVIE STARS/breaking bad 3.jpg,no usable name left (numeric/stock-photo/hash file name)
2026 MOVIE STARS/celeb-photos-14.jpg,no usable name left (numeric/stock-photo/hash file name)
2026 MOVIE STARS/Chris Captain America.cjs0NDQ0NjtqOzE3MzI1OzEyMDA7MTMxMzsxMTcw,not an image
2026 MOVIE STARS/dd56c715b11f1e598aaf00e3c238f93d.jpg,no usable name left (numeric/stock-photo/hash file name)
2026 MOVIE STARS/Dirty Dancing MH.jpg,no usable name left (numeric/stock-photo/hash file name)
2026 MOVIE STARS/Emile+Heskey+Portrait+Session+4HwFRkndHXml.jpg,no usable name left (numeric/stock-photo/hash file name)
2026 MOVIE STARS/Grease - Sandy2.jpg,no usable name left (numeric/stock-photo/hash file name)
2026 MOVIE STARS/HANK MARVIN.pdf,not an image
2026 MOVIE STARS/Harry Potter.jpg,no usable name left (numeric/stock-photo/hash file name)
2026 MOVIE STARS/K9 Dr Who (2).jpg,no usable name left (numeric/stock-photo/hash file name)
2026 MOVIE STARS/Mamma Mia - Julie Walters (2).jpg,no usable name left (numeric/stock-photo/hash file name)
2026 MOVIE STARS/MICHAEL CAINE .pdf,not an image
2026 MOVIE STARS/Oliver Hardy CUT.pdf,not an image
2026 MOVIE STARS/Pulp-Fiction-444.jpg,no usable name left (numeric/stock-photo/hash file name)
2026 MOVIE STARS/r2d2.jpg,no usable name left (numeric/stock-photo/hash file name)
2026 MOVIE STARS/shutterstock 181009520 e1453128489888.jpg,no usable name left (numeric/stock-photo/hash file name)
2026 MOVIE STARS/wayne and garth (2).jpg,no usable name left (numeric/stock-photo/hash file name)
2026 MOVIE STARS/WAYNE AND GARTH.jpg,no usable name left (numeric/stock-photo/hash file name)
2026 MOVIE STARS/Will Smith Deadshot Suicide Squad.jpg,pack/mockup/group image (not a single face)
2026 MOVIE STARS/Bad boys for life/characters/image.jpeg,no usable name left (numeric/stock-photo/hash file name)
2026 MOVIE STARS/Bad boys for life/characters/image.png,no usable name left (numeric/stock-photo/hash file name)
2026 MOVIE STARS/Bad boys for life/characters/upUy2QhMZEmtypPW3PdieKLAHxh.jpeg,no usable name left (numeric/stock-photo/hash file name)
2026 MOVIE STARS/Harry Potter/Harry Potter.jpg,no usable name left (numeric/stock-photo/hash file name)
2026 MOVIE STARS/Saw/characters/349fccfa1cf5fa59c306b0f7f5a76e10.jpeg,no usable name left (numeric/stock-photo/hash file name)
2026 MOVIE STARS/Saw/characters/fs8zzzx7nla51.png,no usable name left (numeric/stock-photo/hash file name)
2026 MOVIE STARS/Saw/characters/Gordon3D.png,no usable name left (numeric/stock-photo/hash file name)
2026 MOVIE STARS/Saw/characters/maxresdefault6t.jpeg,no usable name left (numeric/stock-photo/hash file name)
2026 MOVIE STARS/Saw/characters/mnpcawiinla51.png,no usable name left (numeric/stock-photo/hash file name)
2026 MUSIC/Alesha Dixon MH- eurovision pack.jpg,pack/mockup/group image (not a single face)
2026 MUSIC/EBAY PACK15.jpg,pack/mockup/group image (not a single face)
2026 MUSIC/fleece johnson pdf.pdf,not an image
2026 MUSIC/Julia Sanina- Eurovision pack.jpg,pack/mockup/group image (not a single face)
2026 MUSIC/Jungkook_jimin_Jungshook_BTS_Face_Mask__68623.png,no usable name left (numeric/stock-photo/hash file name)
2026 MUSIC/Kanye-West-music-star_tmp16305,not an image
2026 MUSIC/Kyle Gass 2023 - Tenacious D Mask Pack.jpg,pack/mockup/group image (not a single face)
2026 MUSIC/Melanie C Spice Girl 1.pdf,not an image
2026 MUSIC/minelli1a2412.jpg,no usable name left (numeric/stock-photo/hash file name)
2026 MUSIC/MIS2-1347.jpg,no usable name left (numeric/stock-photo/hash file name)
2026 MUSIC/NKOTB1a.JPG,no usable name left (numeric/stock-photo/hash file name)
2026 MUSIC/NKOTB1b.JPG,no usable name left (numeric/stock-photo/hash file name)
2026 MUSIC/NKOTB1d.JPG,no usable name left (numeric/stock-photo/hash file name)
2026 MUSIC/NKOTB1e.JPG,no usable name left (numeric/stock-photo/hash file name)
2026 MUSIC/NKOTHB1c.JPG,no usable name left (numeric/stock-photo/hash file name)
2026 MUSIC/Olly Alexander - Eurovision Pack.jpg,pack/mockup/group image (not a single face)
2026 MUSIC/Pepsi and Shirlie 1.jpg,no usable name left (numeric/stock-photo/hash file name)
2026 MUSIC/Scott Mills Music star - Eurovision Pack.jpg,pack/mockup/group image (not a single face)
2026 MUSIC/suggs1A.jpg,no usable name left (numeric/stock-photo/hash file name)
2026 MUSIC/The Wanted 1.jpg,no usable name left (numeric/stock-photo/hash file name)
2026 MUSIC/Young Justin beiber.pdf,not an image
2026 SPORTS STARS/._.DS_Store,not an image
2026 SPORTS STARS/Basketball/._.DS_Store,not an image
2026 SPORTS STARS/Basketball/._Allen Iverson JB.jpg,hidden/resource-fork file
2026 SPORTS STARS/Basketball/._Anthony Davis JB.jpg,hidden/resource-fork file
2026 SPORTS STARS/Basketball/._Blake Griffin JB.jpg,hidden/resource-fork file
2026 SPORTS STARS/Basketball/._Carmelo Anthony JB.jpg,hidden/resource-fork file
2026 SPORTS STARS/Basketball/._Chris Paul JB.jpg,hidden/resource-fork file
2026 SPORTS STARS/Basketball/._Dwayne Wade JB.jpg,hidden/resource-fork file
2026 SPORTS STARS/Basketball/._Kevin Durant JB.jpg,hidden/resource-fork file
2026 SPORTS STARS/Basketball/._Kobe Bryant JB.jpg,hidden/resource-fork file
2026 SPORTS STARS/Basketball/._Lamar Odon JB.jpg,hidden/resource-fork file
2026 SPORTS STARS/Basketball/._Magic Johnson JB.jpg,hidden/resource-fork file
2026 SPORTS STARS/Basketball/._MICHAEL JORDAN JB.jpg,hidden/resource-fork file
2026 SPORTS STARS/Basketball/._Russell Westbrook JB.jpg,hidden/resource-fork file
2026 SPORTS STARS/Basketball/._Scottie Pippin JB.jpg,hidden/resource-fork file
2026 SPORTS STARS/Basketball/._Shaquille O'Neal JB.jpg,hidden/resource-fork file
2026 SPORTS STARS/Basketball/._Stephen Curry JB.jpg,hidden/resource-fork file
2026 SPORTS STARS/Basketball/._Tim Duncan JB.jpg,hidden/resource-fork file
2026 SPORTS STARS/Basketball/New folder/30699.jpg,no usable name left (numeric/stock-photo/hash file name)
2026 SPORTS STARS/Basketball/New folder/30700.jpg,no usable name left (numeric/stock-photo/hash file name)
2026 SPORTS STARS/Basketball/New folder/30701.jpg,no usable name left (numeric/stock-photo/hash file name)
2026 SPORTS STARS/Basketball/New folder/30702.jpg,no usable name left (numeric/stock-photo/hash file name)
2026 SPORTS STARS/Basketball/New folder/30703.jpg,no usable name left (numeric/stock-photo/hash file name)
2026 SPORTS STARS/Basketball/New folder/30704.jpg,no usable name left (numeric/stock-photo/hash file name)
2026 SPORTS STARS/Basketball/New folder/30705.jpg,no usable name left (numeric/stock-photo/hash file name)
2026 SPORTS STARS/Basketball/New folder/30706.jpg,no usable name left (numeric/stock-photo/hash file name)
2026 SPORTS STARS/Basketball/New folder/30707.jpg,no usable name left (numeric/stock-photo/hash file name)
2026 SPORTS STARS/Basketball/New folder/30708.jpg,no usable name left (numeric/stock-photo/hash file name)
2026 SPORTS STARS/Basketball/New folder/30709.jpg,no usable name left (numeric/stock-photo/hash file name)
2026 SPORTS STARS/Basketball/New folder/30710.jpg,no usable name left (numeric/stock-photo/hash file name)
2026 SPORTS STARS/Basketball/New folder/30711.jpg,no usable name left (numeric/stock-photo/hash file name)
2026 SPORTS STARS/Basketball/New folder/30712.jpg,no usable name left (numeric/stock-photo/hash file name)
2026 SPORTS STARS/Basketball/New folder/30713.jpg,no usable name left (numeric/stock-photo/hash file name)
2026 SPORTS STARS/Basketball/New folder/30714.jpg,no usable name left (numeric/stock-photo/hash file name)
2026 SPORTS STARS/Boxing/._.DS_Store,not an image
2026 SPORTS STARS/Boxing/._ANTHONY JOSHUA CAP JB.jpg,hidden/resource-fork file
2026 SPORTS STARS/Boxing/._CONOR MCGREGOR JB.jpg,hidden/resource-fork file
2026 SPORTS STARS/Boxing/._Floyd Mayweather JB.jpg,hidden/resource-fork file
2026 SPORTS STARS/Boxing/._MIKE TYSON JB.jpg,hidden/resource-fork file
2026 SPORTS STARS/Boxing/._Muhammad Ali JB.jpg,hidden/resource-fork file
2026 SPORTS STARS/Boxing/._Nicola Adams JB.jpg,hidden/resource-fork file
2026 SPORTS STARS/Boxing/._Tyson Fury JB.jpg,hidden/resource-fork file
2026 SPORTS STARS/Boxing/._Wladimir Klitschko JB.jpg,hidden/resource-fork file
2026 SPORTS STARS/Boxing/sku/30715.jpg,no usable name left (numeric/stock-photo/hash file name)
2026 SPORTS STARS/Boxing/sku/30716.jpg,no usable name left (numeric/stock-photo/hash file name)
2026 SPORTS STARS/Boxing/sku/30718.jpg,no usable name left (numeric/stock-photo/hash file name)
2026 SPORTS STARS/Boxing/sku/30719.jpg,no usable name left (numeric/stock-photo/hash file name)
2026 SPORTS STARS/Boxing/sku/30720.jpg,no usable name left (numeric/stock-photo/hash file name)
2026 SPORTS STARS/Boxing/sku/30721.jpg,no usable name left (numeric/stock-photo/hash file name)
2026 SPORTS STARS/Boxing/sku/30722.jpg,no usable name left (numeric/stock-photo/hash file name)
2026 SPORTS STARS/Boxing/sku/30723.jpg,no usable name left (numeric/stock-photo/hash file name)
2026 SPORTS STARS/Cycling/._.DS_Store,not an image
2026 SPORTS STARS/Cycling/._bradley wiggins face mask JB.JPG,hidden/resource-fork file
2026 SPORTS STARS/Cycling/._Bradley Wiggins JB.jpg,hidden/resource-fork file
2026 SPORTS STARS/Cycling/._chris froome face mask JB.JPG,hidden/resource-fork file
2026 SPORTS STARS/Cycling/._chris hoy face mask JB.jpg,hidden/resource-fork file
2026 SPORTS STARS/Cycling/._Ed Clancy JB.jpg,hidden/resource-fork file
2026 SPORTS STARS/Cycling/._mark cavendish face mask (2) JB.JPG,hidden/resource-fork file
2026 SPORTS STARS/Cycling/._victoria pendleton JB.jpg,hidden/resource-fork file
2026 SPORTS STARS/Cycling/SKU/30723.JPG,no usable name left (numeric/stock-photo/hash file name)
2026 SPORTS STARS/Cycling/SKU/30724.jpg,no usable name left (numeric/stock-photo/hash file name)
2026 SPORTS STARS/Cycling/SKU/30725.JPG,no usable name left (numeric/stock-photo/hash file name)
2026 SPORTS STARS/Cycling/SKU/30726.jpg,no usable name left (numeric/stock-photo/hash file name)
2026 SPORTS STARS/Cycling/SKU/30727.jpg,no usable name left (numeric/stock-photo/hash file name)
2026 SPORTS STARS/Cycling/SKU/30728.JPG,no usable name left (numeric/stock-photo/hash file name)
2026 SPORTS STARS/Cycling/SKU/30729.jpg,no usable name left (numeric/stock-photo/hash file name)
2026 SPORTS STARS/Football/._.DS_Store,not an image
2026 SPORTS STARS/Football/._Aaron Ramsey Mask (Wales) JB.jpg,hidden/resource-fork file
2026 SPORTS STARS/Football/._Adam Lallana JB.jpg,hidden/resource-fork file
2026 SPORTS STARS/Football/._Alex Ferguson JB.jpg,hidden/resource-fork file
2026 SPORTS STARS/Football/._ALEX OXLADE CHAMBERLAIN JB.jpg,hidden/resource-fork file
2026 SPORTS STARS/Football/._Andy Cole JB.jpg,hidden/resource-fork file
2026 SPORTS STARS/Football/._Anthony Martial Mask JB .jpg,hidden/resource-fork file
2026 SPORTS STARS/Football/._Antoine Griezmann Mask JB .jpg,hidden/resource-fork file
2026 SPORTS STARS/Football/._Antonio Candreva Mask JB .jpg,hidden/resource-fork file
2026 SPORTS STARS/Football/._arsene wenger JB.jpg,hidden/resource-fork file
2026 SPORTS STARS/Football/._Ashley-Young JB.jpg,hidden/resource-fork file
2026 SPORTS STARS/Football/._BECKHAM MASK JB.jpg,hidden/resource-fork file
2026 SPORTS STARS/Football/._Ben Davies Mask (Wales) JB.jpg,hidden/resource-fork file
2026 SPORTS STARS/Football/._Bernardo Silva Mask JB .jpg,hidden/resource-fork file
2026 SPORTS STARS/Football/._Blaise Matuidi JB.jpg,hidden/resource-fork file
2026 SPORTS STARS/Football/._Bob Wilson JB.jpg,hidden/resource-fork file
2026 SPORTS STARS/Football/._Chris Baird JB.jpg,hidden/resource-fork file
2026 SPORTS STARS/Football/._Chris Smalling JB.jpg,hidden/resource-fork file
2026 SPORTS STARS/Football/._Chris Waddle JB.jpg,hidden/resource-fork file
2026 SPORTS STARS/Football/._Christian Benteke Mask  JB.jpg,hidden/resource-fork file
2026 SPORTS STARS/Football/._CHRISTIAN ERIKSEN JB.jpg,hidden/resource-fork file
2026 SPORTS STARS/Football/._Christian Eriksen Mask JB.jpg,hidden/resource-fork file
2026 SPORTS STARS/Football/._Christian Fuchs JB.jpg,hidden/resource-fork file
2026 SPORTS STARS/Football/._Claudio Ranieri JB.jpg,hidden/resource-fork file
2026 SPORTS STARS/Football/._Craig Cathcart Mask JB .jpg,hidden/resource-fork file
2026 SPORTS STARS/Football/._Cristiano Ronaldo JB.jpg,hidden/resource-fork file
2026 SPORTS STARS/Football/._Damien Delaney Mask  JB.jpg,hidden/resource-fork file
2026 SPORTS STARS/Football/._Daniel Sturridge JB.jpg,hidden/resource-fork file
2026 SPORTS STARS/Football/._Danny Rose JB.jpg,hidden/resource-fork file
2026 SPORTS STARS/Football/._Danny Rose Mask JB.jpg,hidden/resource-fork file
2026 SPORTS STARS/Football/._Danny-Welbeck JB.jpg,hidden/resource-fork file
2026 SPORTS STARS/Football/._Darren Anderton JB.jpg,hidden/resource-fork file
2026 SPORTS STARS/Football/._David De Gea Mask JB.jpg,hidden/resource-fork file
2026 SPORTS STARS/Football/._David Ginola JB.jpg,hidden/resource-fork file
2026 SPORTS STARS/Football/._David Ginola Old JB.jpg,hidden/resource-fork file
2026 SPORTS STARS/Football/._Dele Alli Mask JB.jpg,hidden/resource-fork file
2026 SPORTS STARS/Football/._Diego Maradona JB.jpg,hidden/resource-fork file
2026 SPORTS STARS/Football/._Dimitri Payet Mask JB .jpg,hidden/resource-fork file
2026 SPORTS STARS/Football/._Dwight Yorke JB.jpg,hidden/resource-fork file
2026 SPORTS STARS/Football/._Eden Hazard Mask JB .jpg,hidden/resource-fork file
2026 SPORTS STARS/Football/._Eliaquim Mangala Mask  JB.jpg,hidden/resource-fork file
2026 SPORTS STARS/Football/._Emre Can Mask JB .jpg,hidden/resource-fork file
2026 SPORTS STARS/Football/._Eric Cantona JB.jpg,hidden/resource-fork file
2026 SPORTS STARS/Football/._Eric Dier Mask JB.jpg,hidden/resource-fork file
2026 SPORTS STARS/Football/._ERIC DIER-01 JB.jpg,hidden/resource-fork file
2026 SPORTS STARS/Football/._Erik Lamela JB.jpg,hidden/resource-fork file
2026 SPORTS STARS/Football/._Fabian-Delph JB.jpg,hidden/resource-fork file
2026 SPORTS STARS/Football/._fabio capello face mask JB.jpg,hidden/resource-fork file
2026 SPORTS STARS/Football/._Fraser Forster JB.jpg,hidden/resource-fork file
2026 SPORTS STARS/Football/._Gareth Bale JB.jpg,hidden/resource-fork file
2026 SPORTS STARS/Football/._Gareth McAuley Mask  JB.jpg,hidden/resource-fork file
2026 SPORTS STARS/Football/._Gareth Southgate JB.jpg,hidden/resource-fork file
2026 SPORTS STARS/Football/._Gary Cahill JB.jpg,hidden/resource-fork file
2026 SPORTS STARS/Football/._Gary Cahill Mask JB.jpg,hidden/resource-fork file
2026 SPORTS STARS/Football/._Gary Lineker Mask JB.jpg,hidden/resource-fork file
2026 SPORTS STARS/Football/._Geoff Hurst Old JB.jpg,hidden/resource-fork file
2026 SPORTS STARS/Football/._Geoff Hurst youg JB.jpg,hidden/resource-fork file
2026 SPORTS STARS/Football/._George Best Beard JB.jpg,hidden/resource-fork file
2026 SPORTS STARS/Football/._Gianluigi Buffon JB.jpg,hidden/resource-fork file
2026 SPORTS STARS/Football/._Gokhan Inler JB.jpg,hidden/resource-fork file
2026 SPORTS STARS/Football/._Graziano Pelle Mask JB.jpg,hidden/resource-fork file
2026 SPORTS STARS/Football/._Hal Robson-Kanu JB.jpg,hidden/resource-fork file
2026 SPORTS STARS/Football/._HARRY KANE JB.jpg,hidden/resource-fork file
2026 SPORTS STARS/Football/._Harry Kane Mask JB.jpg,hidden/resource-fork file
2026 SPORTS STARS/Football/._Harry Maguire JB.jpg,hidden/resource-fork file
2026 SPORTS STARS/Football/._Hugo Lloris JB.jpg,hidden/resource-fork file
2026 SPORTS STARS/Football/._Hugo Lloris Mask JB.jpg,hidden/resource-fork file
2026 SPORTS STARS/Football/._Ian Wright Young JB.jpg,hidden/resource-fork file
2026 SPORTS STARS/Football/._Isco Mask JB .jpg,hidden/resource-fork file
2026 SPORTS STARS/Football/._Jack Grealish JB.jpg,hidden/resource-fork file
2026 SPORTS STARS/Football/._Jack Wilshere JB.jpg,hidden/resource-fork file
2026 SPORTS STARS/Football/._Jack-Butland JB.jpg,hidden/resource-fork file
2026 SPORTS STARS/Football/._James Mcclean JB.jpg,hidden/resource-fork file
2026 SPORTS STARS/Football/._James Milner JB.jpg,hidden/resource-fork file
2026 SPORTS STARS/Football/._James+McCarthy JB.jpg,hidden/resource-fork file
2026 SPORTS STARS/Football/._JAMIE VARDY JB.jpg,hidden/resource-fork file
2026 SPORTS STARS/Football/._JERMAIN DEFOE JB.jpg,hidden/resource-fork file
2026 SPORTS STARS/Football/._Jesse-Lingard-copy JB.jpg,hidden/resource-fork file
2026 SPORTS STARS/Football/._Jimmy Greaves Young JB.jpg,hidden/resource-fork file
2026 SPORTS STARS/Football/._Joachim Löw Mask JB .jpg,hidden/resource-fork file
2026 SPORTS STARS/Football/._Joe Allen Mask (Wales) JB.jpg,hidden/resource-fork file
2026 SPORTS STARS/Football/._Joe Hart JB.jpg,hidden/resource-fork file
2026 SPORTS STARS/Football/._Johan Cruyff Young JB.jpg,hidden/resource-fork file
2026 SPORTS STARS/Football/._John Barnes JB.jpg,hidden/resource-fork file
2026 SPORTS STARS/Football/._John Stones JB.jpg,hidden/resource-fork file
2026 SPORTS STARS/Football/._john terry face mask JB.jpg,hidden/resource-fork file
2026 SPORTS STARS/Football/._Jordan Henderson JB.jpg,hidden/resource-fork file
2026 SPORTS STARS/Football/._Jordan Henderson Mask JB.jpg,hidden/resource-fork file
2026 SPORTS STARS/Football/._Jordan-Pickford JB.jpg,hidden/resource-fork file
2026 SPORTS STARS/Football/._Jose Mourinho JB.jpg,hidden/resource-fork file
2026 SPORTS STARS/Football/._Kevin Keegan Young-01 JB.jpg,hidden/resource-fork file
2026 SPORTS STARS/Football/._kieran-trippier JB.jpg,hidden/resource-fork file
2026 SPORTS STARS/Football/._Koke JB.jpg,hidden/resource-fork file
2026 SPORTS STARS/Football/._Kyle Walker JB.jpg,hidden/resource-fork file
2026 SPORTS STARS/Football/._Kyle-Walker JB.jpg,hidden/resource-fork file
2026 SPORTS STARS/Football/._Marc Albrighton JB.jpg,hidden/resource-fork file
2026 SPORTS STARS/Football/._Marcin Wasilewski JB.jpg,hidden/resource-fork file
2026 SPORTS STARS/Football/._Marco Van Basten JB.jpg,hidden/resource-fork file
2026 SPORTS STARS/Football/._Marcus Rashford JB.jpg,hidden/resource-fork file
2026 SPORTS STARS/Football/._Mark Hughes Young JB.jpg,hidden/resource-fork file
2026 SPORTS STARS/Football/._Mauricio Pochettino JB.jpg,hidden/resource-fork file
2026 SPORTS STARS/Football/._Mia Hamm JB.jpg,hidden/resource-fork file
2026 SPORTS STARS/Football/._Michael Owen JB.jpg,hidden/resource-fork file
2026 SPORTS STARS/Football/._Mohamed Salah Mask JB.jpg,hidden/resource-fork file
2026 SPORTS STARS/Football/._Nacer Chadli JB.jpg,hidden/resource-fork file
2026 SPORTS STARS/Football/._Nathan Redmond JB.jpg,hidden/resource-fork file
2026 SPORTS STARS/Football/._Nathaniel Clyne JB.jpg,hidden/resource-fork file
2026 SPORTS STARS/Football/._neymar face mask JB.jpg,hidden/resource-fork file
2026 SPORTS STARS/Football/._Neymar JB.jpg,hidden/resource-fork file
2026 SPORTS STARS/Football/._Nick-Pope JB.jpg,hidden/resource-fork file
2026 SPORTS STARS/Football/._Ossie ardiles JB.jpg,hidden/resource-fork file
2026 SPORTS STARS/Football/._Paul Scholes JB.jpg,hidden/resource-fork file
2026 SPORTS STARS/Football/._Pele JB.jpg,hidden/resource-fork file
2026 SPORTS STARS/Football/._Pep Guardiola JB.jpg,hidden/resource-fork file
2026 SPORTS STARS/Football/._Peter Shilton Old JB.jpg,hidden/resource-fork file
2026 SPORTS STARS/Football/._Peter Shilton Young JB.jpg,hidden/resource-fork file
2026 SPORTS STARS/Football/._Phil-Jones JB.jpg,hidden/resource-fork file
2026 SPORTS STARS/Football/._Raheem Sterling JB.jpg,hidden/resource-fork file
2026 SPORTS STARS/Football/._Ricardo Carvalho JB.jpg,hidden/resource-fork file
2026 SPORTS STARS/Football/._rio ferdinand face mask JB.jpg,hidden/resource-fork file
2026 SPORTS STARS/Football/._Riyad Mahrez JB.jpg,hidden/resource-fork file
2026 SPORTS STARS/Football/._RJ Mitte JB.jpg,hidden/resource-fork file
2026 SPORTS STARS/Football/._Robert Huth JB.jpg,hidden/resource-fork file
2026 SPORTS STARS/Football/._Roberto Baggio JB.jpg,hidden/resource-fork file
2026 SPORTS STARS/Football/._Roberto Carlos JB.jpg,hidden/resource-fork file
2026 SPORTS STARS/Football/._Romelu Lukaku JB.jpg,hidden/resource-fork file
2026 SPORTS STARS/Football/._Ronaldo Brazil JB.jpg,hidden/resource-fork file
2026 SPORTS STARS/Football/._Ross Barkley JB.jpg,hidden/resource-fork file
2026 SPORTS STARS/Football/._Roy Hodgson JB.jpg,hidden/resource-fork file
2026 SPORTS STARS/Football/._Ruben Loftus Cheek JB.jpg,hidden/resource-fork file
2026 SPORTS STARS/Football/._ruud gullit JB.jpg,hidden/resource-fork file
2026 SPORTS STARS/Football/._RUUD GULLIT YOUNG JB.jpg,hidden/resource-fork file
2026 SPORTS STARS/Football/._Ryan Bertrand JB.jpg,hidden/resource-fork file
2026 SPORTS STARS/Football/._Ryan Giggs young JB.jpg,hidden/resource-fork file
2026 SPORTS STARS/Football/._Shinji Okazaki JB.jpg,hidden/resource-fork file
2026 SPORTS STARS/Football/._Son Heung-min JB.jpg,hidden/resource-fork file
2026 SPORTS STARS/Football/._Steve Mcmanaman JB.jpg,hidden/resource-fork file
2026 SPORTS STARS/Football/._steven gerrard face mask JB.jpg,hidden/resource-fork file
2026 SPORTS STARS/Football/._Steven Gerrard JB.jpg,hidden/resource-fork file
2026 SPORTS STARS/Football/._Terry Butcher Blood JB.jpg,hidden/resource-fork file
2026 SPORTS STARS/Football/._Toby Alderweireld JB.jpg,hidden/resource-fork file
2026 SPORTS STARS/Football/._Tom Heaton JB.jpg,hidden/resource-fork file
2026 SPORTS STARS/Football/._Trent-Alexander-Arnold JB.jpg,hidden/resource-fork file
2026 SPORTS STARS/Football/._WAYNE ROONEY JB.jpg,hidden/resource-fork file
2026 SPORTS STARS/Football/._Wes Hoolahan JB.jpg,hidden/resource-fork file
2026 SPORTS STARS/Football/._WES MORGAN JB.jpg,hidden/resource-fork file
2026 SPORTS STARS/Football/._Zico JB.jpg,hidden/resource-fork file
2026 SPORTS STARS/Football/._Zinedine Zidane JB.jpg,hidden/resource-fork file
2026 SPORTS STARS/Football/._Zlatan Ibrahimović JB.jpg,hidden/resource-fork file
2026 SPORTS STARS/Football/SKU/30730.jpg,no usable name left (numeric/stock-photo/hash file name)
2026 SPORTS STARS/Football/SKU/30731.jpg,no usable name left (numeric/stock-photo/hash file name)
2026 SPORTS STARS/Football/SKU/30732.jpg,no usable name left (numeric/stock-photo/hash file name)
2026 SPORTS STARS/Football/SKU/30733.jpg,no usable name left (numeric/stock-photo/hash file name)
2026 SPORTS STARS/Football/SKU/30734.jpg,no usable name left (numeric/stock-photo/hash file name)
2026 SPORTS STARS/Football/SKU/30735.jpg,no usable name left (numeric/stock-photo/hash file name)
2026 SPORTS STARS/Football/SKU/30736.jpg,no usable name left (numeric/stock-photo/hash file name)
2026 SPORTS STARS/Football/SKU/30737.jpg,no usable name left (numeric/stock-photo/hash file name)
2026 SPORTS STARS/Football/SKU/30738.jpg,no usable name left (numeric/stock-photo/hash file name)
2026 SPORTS STARS/Football/SKU/30739.jpg,no usable name left (numeric/stock-photo/hash file name)
2026 SPORTS STARS/Football/SKU/30740.jpg,no usable name left (numeric/stock-photo/hash file name)
2026 SPORTS STARS/Football/SKU/30741.jpg,no usable name left (numeric/stock-photo/hash file name)
2026 SPORTS STARS/Football/SKU/30742.jpg,no usable name left (numeric/stock-photo/hash file name)
2026 SPORTS STARS/Football/SKU/30743.jpg,no usable name left (numeric/stock-photo/hash file name)
2026 SPORTS STARS/Football/SKU/30744.jpg,no usable name left (numeric/stock-photo/hash file name)
2026 SPORTS STARS/Football/SKU/30745.jpg,no usable name left (numeric/stock-photo/hash file name)
2026 SPORTS STARS/Football/SKU/30746.jpg,no usable name left (numeric/stock-photo/hash file name)
2026 SPORTS STARS/Football/SKU/30747.jpg,no usable name left (numeric/stock-photo/hash file name)
2026 SPORTS STARS/Football/SKU/30748.jpg,no usable name left (numeric/stock-photo/hash file name)
2026 SPORTS STARS/Football/SKU/30749.jpg,no usable name left (numeric/stock-photo/hash file name)
2026 SPORTS STARS/Football/SKU/30750.jpg,no usable name left (numeric/stock-photo/hash file name)
2026 SPORTS STARS/Football/SKU/30751.jpg,no usable name left (numeric/stock-photo/hash file name)
2026 SPORTS STARS/Football/SKU/30752.jpg,no usable name left (numeric/stock-photo/hash file name)
2026 SPORTS STARS/Football/SKU/30753.jpg,no usable name left (numeric/stock-photo/hash file name)
2026 SPORTS STARS/Football/SKU/30754.jpg,no usable name left (numeric/stock-photo/hash file name)
2026 SPORTS STARS/Football/SKU/30755.jpg,no usable name left (numeric/stock-photo/hash file name)
2026 SPORTS STARS/Football/SKU/30756.jpg,no usable name left (numeric/stock-photo/hash file name)
2026 SPORTS STARS/Football/SKU/30757.jpg,no usable name left (numeric/stock-photo/hash file name)
2026 SPORTS STARS/Football/SKU/30758.jpg,no usable name left (numeric/stock-photo/hash file name)
2026 SPORTS STARS/Football/SKU/30759.jpg,no usable name left (numeric/stock-photo/hash file name)
2026 SPORTS STARS/Football/SKU/30760.jpg,no usable name left (numeric/stock-photo/hash file name)
2026 SPORTS STARS/Football/SKU/30761.jpg,no usable name left (numeric/stock-photo/hash file name)
2026 SPORTS STARS/Football/SKU/30762.jpg,no usable name left (numeric/stock-photo/hash file name)
2026 SPORTS STARS/Football/SKU/30763.jpg,no usable name left (numeric/stock-photo/hash file name)
2026 SPORTS STARS/Football/SKU/30764.jpg,no usable name left (numeric/stock-photo/hash file name)
2026 SPORTS STARS/Football/SKU/30765.jpg,no usable name left (numeric/stock-photo/hash file name)
2026 SPORTS STARS/Football/SKU/30766.jpg,no usable name left (numeric/stock-photo/hash file name)
2026 SPORTS STARS/Football/SKU/30767.jpg,no usable name left (numeric/stock-photo/hash file name)
2026 SPORTS STARS/Football/SKU/30768.jpg,no usable name left (numeric/stock-photo/hash file name)
2026 SPORTS STARS/Football/SKU/30769.jpg,no usable name left (numeric/stock-photo/hash file name)
2026 SPORTS STARS/Football/SKU/30770.jpg,no usable name left (numeric/stock-photo/hash file name)
2026 SPORTS STARS/Football/SKU/30771.jpg,no usable name left (numeric/stock-photo/hash file name)
2026 SPORTS STARS/Football/SKU/30772.jpg,no usable name left (numeric/stock-photo/hash file name)
2026 SPORTS STARS/Football/SKU/30773.jpg,no usable name left (numeric/stock-photo/hash file name)
2026 SPORTS STARS/Football/SKU/30774.jpg,no usable name left (numeric/stock-photo/hash file name)
2026 SPORTS STARS/Football/SKU/30775.jpg,no usable name left (numeric/stock-photo/hash file name)
2026 SPORTS STARS/Football/SKU/30776.jpg,no usable name left (numeric/stock-photo/hash file name)
2026 SPORTS STARS/Football/SKU/30777.jpg,no usable name left (numeric/stock-photo/hash file name)
2026 SPORTS STARS/Football/SKU/30778.jpg,no usable name left (numeric/stock-photo/hash file name)
2026 SPORTS STARS/Football/SKU/30779.jpg,no usable name left (numeric/stock-photo/hash file name)
2026 SPORTS STARS/Football/SKU/30780.jpg,no usable name left (numeric/stock-photo/hash file name)
2026 SPORTS STARS/Football/SKU/30781.jpg,no usable name left (numeric/stock-photo/hash file name)
2026 SPORTS STARS/Football/SKU/30782.jpg,no usable name left (numeric/stock-photo/hash file name)
2026 SPORTS STARS/Football/SKU/30783.jpg,no usable name left (numeric/stock-photo/hash file name)
2026 SPORTS STARS/Football/SKU/30784.jpg,no usable name left (numeric/stock-photo/hash file name)
2026 SPORTS STARS/Football/SKU/30785.jpg,no usable name left (numeric/stock-photo/hash file name)
2026 SPORTS STARS/Football/SKU/30786.jpg,no usable name left (numeric/stock-photo/hash file name)
2026 SPORTS STARS/Football/SKU/30787.jpg,no usable name left (numeric/stock-photo/hash file name)
2026 SPORTS STARS/Football/SKU/30788.jpg,no usable name left (numeric/stock-photo/hash file name)
2026 SPORTS STARS/Football/SKU/30789.jpg,no usable name left (numeric/stock-photo/hash file name)
2026 SPORTS STARS/Football/SKU/30790.jpg,no usable name left (numeric/stock-photo/hash file name)
2026 SPORTS STARS/Football/SKU/30791.jpg,no usable name left (numeric/stock-photo/hash file name)
2026 SPORTS STARS/Football/SKU/30792.jpg,no usable name left (numeric/stock-photo/hash file name)
2026 SPORTS STARS/Football/SKU/30793.jpg,no usable name left (numeric/stock-photo/hash file name)
2026 SPORTS STARS/Football/SKU/30794.jpg,no usable name left (numeric/stock-photo/hash file name)
2026 SPORTS STARS/Football/SKU/30795.jpg,no usable name left (numeric/stock-photo/hash file name)
2026 SPORTS STARS/Football/SKU/30796.jpg,no usable name left (numeric/stock-photo/hash file name)
2026 SPORTS STARS/Football/SKU/30797.jpg,no usable name left (numeric/stock-photo/hash file name)
2026 SPORTS STARS/Football/SKU/30798.jpg,no usable name left (numeric/stock-photo/hash file name)
2026 SPORTS STARS/Football/SKU/30799.jpg,no usable name left (numeric/stock-photo/hash file name)
2026 SPORTS STARS/Football/SKU/30800.jpg,no usable name left (numeric/stock-photo/hash file name)
2026 SPORTS STARS/Football/SKU/30801.jpg,no usable name left (numeric/stock-photo/hash file name)
2026 SPORTS STARS/Football/SKU/30802.jpg,no usable name left (numeric/stock-photo/hash file name)
2026 SPORTS STARS/Football/SKU/30803.jpg,no usable name left (numeric/stock-photo/hash file name)
2026 SPORTS STARS/Football/SKU/30804.jpg,no usable name left (numeric/stock-photo/hash file name)
2026 SPORTS STARS/Football/SKU/30805.jpg,no usable name left (numeric/stock-photo/hash file name)
2026 SPORTS STARS/Football/SKU/30806.jpg,no usable name left (numeric/stock-photo/hash file name)
2026 SPORTS STARS/Football/SKU/30807.jpg,no usable name left (numeric/stock-photo/hash file name)
2026 SPORTS STARS/Football/SKU/30808.jpg,no usable name left (numeric/stock-photo/hash file name)
2026 SPORTS STARS/Football/SKU/30809.jpg,no usable name left (numeric/stock-photo/hash file name)
2026 SPORTS STARS/Football/SKU/30810.jpg,no usable name left (numeric/stock-photo/hash file name)
2026 SPORTS STARS/Football/SKU/30811.jpg,no usable name left (numeric/stock-photo/hash file name)
2026 SPORTS STARS/Football/SKU/30812.jpg,no usable name left (numeric/stock-photo/hash file name)
2026 SPORTS STARS/Football/SKU/30813.jpg,no usable name left (numeric/stock-photo/hash file name)
2026 SPORTS STARS/Football/SKU/30814.jpg,no usable name left (numeric/stock-photo/hash file name)
2026 SPORTS STARS/Football/SKU/30815.jpg,no usable name left (numeric/stock-photo/hash file name)
2026 SPORTS STARS/Football/SKU/30816.jpg,no usable name left (numeric/stock-photo/hash file name)
2026 SPORTS STARS/Football/SKU/30817.jpg,no usable name left (numeric/stock-photo/hash file name)
2026 SPORTS STARS/Football/SKU/30818.jpg,no usable name left (numeric/stock-photo/hash file name)
2026 SPORTS STARS/Football/SKU/30819.jpg,no usable name left (numeric/stock-photo/hash file name)
2026 SPORTS STARS/Football/SKU/30820.jpg,no usable name left (numeric/stock-photo/hash file name)
2026 SPORTS STARS/Football/SKU/30821.jpg,no usable name left (numeric/stock-photo/hash file name)
2026 SPORTS STARS/Football/SKU/30822.jpg,no usable name left (numeric/stock-photo/hash file name)
2026 SPORTS STARS/Football/SKU/30823.jpg,no usable name left (numeric/stock-photo/hash file name)
2026 SPORTS STARS/Football/SKU/30824.jpg,no usable name left (numeric/stock-photo/hash file name)
2026 SPORTS STARS/Football/SKU/30825.jpg,no usable name left (numeric/stock-photo/hash file name)
2026 SPORTS STARS/Football/SKU/30826.jpg,no usable name left (numeric/stock-photo/hash file name)
2026 SPORTS STARS/Football/SKU/30827.jpg,no usable name left (numeric/stock-photo/hash file name)
2026 SPORTS STARS/Football/SKU/30828.jpg,no usable name left (numeric/stock-photo/hash file name)
2026 SPORTS STARS/Football/SKU/30829.jpg,no usable name left (numeric/stock-photo/hash file name)
2026 SPORTS STARS/Football/SKU/30830.jpg,no usable name left (numeric/stock-photo/hash file name)
2026 SPORTS STARS/Football/SKU/30831.jpg,no usable name left (numeric/stock-photo/hash file name)
2026 SPORTS STARS/Football/SKU/30832.jpg,no usable name left (numeric/stock-photo/hash file name)
2026 SPORTS STARS/Football/SKU/30833.jpg,no usable name left (numeric/stock-photo/hash file name)
2026 SPORTS STARS/Football/SKU/30834.jpg,no usable name left (numeric/stock-photo/hash file name)
2026 SPORTS STARS/Football/SKU/30835.jpg,no usable name left (numeric/stock-photo/hash file name)
2026 SPORTS STARS/Football/SKU/30836.jpg,no usable name left (numeric/stock-photo/hash file name)
2026 SPORTS STARS/Football/SKU/30837.jpg,no usable name left (numeric/stock-photo/hash file name)
2026 SPORTS STARS/Football/SKU/30838.jpg,no usable name left (numeric/stock-photo/hash file name)
2026 SPORTS STARS/Football/SKU/30839.jpg,no usable name left (numeric/stock-photo/hash file name)
2026 SPORTS STARS/Football/SKU/30840.jpg,no usable name left (numeric/stock-photo/hash file name)
2026 SPORTS STARS/Football/SKU/30841.jpg,no usable name left (numeric/stock-photo/hash file name)
2026 SPORTS STARS/Football/SKU/30842.jpg,no usable name left (numeric/stock-photo/hash file name)
2026 SPORTS STARS/Football/SKU/30843.jpg,no usable name left (numeric/stock-photo/hash file name)
2026 SPORTS STARS/Football/SKU/30844.jpg,no usable name left (numeric/stock-photo/hash file name)
2026 SPORTS STARS/Football/SKU/30845.jpg,no usable name left (numeric/stock-photo/hash file name)
2026 SPORTS STARS/Football/SKU/30846.jpg,no usable name left (numeric/stock-photo/hash file name)
2026 SPORTS STARS/Football/SKU/30847.jpg,no usable name left (numeric/stock-photo/hash file name)
2026 SPORTS STARS/Football/SKU/30848.jpg,no usable name left (numeric/stock-photo/hash file name)
2026 SPORTS STARS/Football/SKU/30849.jpg,no usable name left (numeric/stock-photo/hash file name)
2026 SPORTS STARS/Football/SKU/30850.jpg,no usable name left (numeric/stock-photo/hash file name)
2026 SPORTS STARS/Football/SKU/30851.jpg,no usable name left (numeric/stock-photo/hash file name)
2026 SPORTS STARS/Football/SKU/30852.jpg,no usable name left (numeric/stock-photo/hash file name)
2026 SPORTS STARS/Football/SKU/30853.jpg,no usable name left (numeric/stock-photo/hash file name)
2026 SPORTS STARS/Football/SKU/30854.jpg,no usable name left (numeric/stock-photo/hash file name)
2026 SPORTS STARS/Football/SKU/30855.jpg,no usable name left (numeric/stock-photo/hash file name)
2026 SPORTS STARS/Football/SKU/30856.jpg,no usable name left (numeric/stock-photo/hash file name)
2026 SPORTS STARS/Football/SKU/30857.jpg,no usable name left (numeric/stock-photo/hash file name)
2026 SPORTS STARS/Football/SKU/30858.jpg,no usable name left (numeric/stock-photo/hash file name)
2026 SPORTS STARS/Football/SKU/30859.jpg,no usable name left (numeric/stock-photo/hash file name)
2026 SPORTS STARS/Football/SKU/30860.jpg,no usable name left (numeric/stock-photo/hash file name)
2026 SPORTS STARS/Football/SKU/30861.jpg,no usable name left (numeric/stock-photo/hash file name)
2026 SPORTS STARS/Football/SKU/30862.jpg,no usable name left (numeric/stock-photo/hash file name)
2026 SPORTS STARS/Football/SKU/30863.jpg,no usable name left (numeric/stock-photo/hash file name)
2026 SPORTS STARS/Football/SKU/30864.jpg,no usable name left (numeric/stock-photo/hash file name)
2026 SPORTS STARS/Football/SKU/30865.jpg,no usable name left (numeric/stock-photo/hash file name)
2026 SPORTS STARS/Football/SKU/30866.jpg,no usable name left (numeric/stock-photo/hash file name)
2026 SPORTS STARS/Football/SKU/30867.jpg,no usable name left (numeric/stock-photo/hash file name)
2026 SPORTS STARS/Football/SKU/30868.jpg,no usable name left (numeric/stock-photo/hash file name)
2026 SPORTS STARS/Football/SKU/30869.jpg,no usable name left (numeric/stock-photo/hash file name)
2026 SPORTS STARS/Football/SKU/30870.jpg,no usable name left (numeric/stock-photo/hash file name)
2026 SPORTS STARS/Football/SKU/30871.jpg,no usable name left (numeric/stock-photo/hash file name)
2026 SPORTS STARS/Football/SKU/30872.jpg,no usable name left (numeric/stock-photo/hash file name)
2026 SPORTS STARS/Football/SKU/30873.jpg,no usable name left (numeric/stock-photo/hash file name)
2026 SPORTS STARS/Football/SKU/30874.jpg,no usable name left (numeric/stock-photo/hash file name)
2026 SPORTS STARS/Football/SKU/30875.jpg,no usable name left (numeric/stock-photo/hash file name)
2026 SPORTS STARS/Football/SKU/30876.jpg,no usable name left (numeric/stock-photo/hash file name)
2026 SPORTS STARS/Football/SKU/30877.jpg,no usable name left (numeric/stock-photo/hash file name)
2026 SPORTS STARS/Formula 1/._.DS_Store,not an image
2026 SPORTS STARS/Formula 1/._Ayrton Senna Cap JB.jpg,hidden/resource-fork file
2026 SPORTS STARS/Formula 1/._Ayrton Senna JB.jpg,hidden/resource-fork file
2026 SPORTS STARS/Formula 1/._Bastian Schweinsteiger JB.jpg,hidden/resource-fork file
2026 SPORTS STARS/Formula 1/._Carlos Sainz Jr CAP JB.jpg,hidden/resource-fork file
2026 SPORTS STARS/Formula 1/._Daniel Ricciardo JB.jpg,hidden/resource-fork file
2026 SPORTS STARS/Formula 1/._Danill Kvyat CAP JB.jpg,hidden/resource-fork file
2026 SPORTS STARS/Formula 1/._esteban gutierrez JB.jpg,hidden/resource-fork file
2026 SPORTS STARS/Formula 1/._Felipe Massa CAP JB.jpg,hidden/resource-fork file
2026 SPORTS STARS/Formula 1/._Felipe Massa JB.jpg,hidden/resource-fork file
2026 SPORTS STARS/Formula 1/._Felipe Nasr CAP JB.jpg,hidden/resource-fork file
2026 SPORTS STARS/Formula 1/._Fernando Alonso CAP-01 JB.jpg,hidden/resource-fork file
2026 SPORTS STARS/Formula 1/._Jaylon Palmer JB.jpg,hidden/resource-fork file
2026 SPORTS STARS/Formula 1/._Jenson Button CAP JB.jpg,hidden/resource-fork file
2026 SPORTS STARS/Formula 1/._Jenson Button JB.jpg,hidden/resource-fork file
2026 SPORTS STARS/Formula 1/._Kevin Magnussen JB.jpg,hidden/resource-fork file
2026 SPORTS STARS/Formula 1/._Kimi Raikkonen MUBADALA CAP JB.jpg,hidden/resource-fork file
2026 SPORTS STARS/Formula 1/._Lewis Hamilton CAP-01 JB.jpg,hidden/resource-fork file
2026 SPORTS STARS/Formula 1/._lewis hamilton face mask JB.jpg,hidden/resource-fork file
2026 SPORTS STARS/Formula 1/._Marcus Ericsson JB.jpg,hidden/resource-fork file
2026 SPORTS STARS/Formula 1/._Max Verstappen CAP JB.jpg,hidden/resource-fork file
2026 SPORTS STARS/Formula 1/._Nico HUlkenberg CAP JB.jpg,hidden/resource-fork file
2026 SPORTS STARS/Formula 1/._Nico Hulkenberg JB.jpg,hidden/resource-fork file
2026 SPORTS STARS/Formula 1/._Nico Rosberg JB.jpg,hidden/resource-fork file
2026 SPORTS STARS/Formula 1/._Rio Haryanto JB.jpg,hidden/resource-fork file
2026 SPORTS STARS/Formula 1/._Sergio Perez CAP JB.jpg,hidden/resource-fork file
2026 SPORTS STARS/Formula 1/._Sergio Perez JB.jpg,hidden/resource-fork file
2026 SPORTS STARS/Formula 1/._Valtteri Bottas JB.jpg,hidden/resource-fork file
2026 SPORTS STARS/Formula 1/sku/30878.jpg,no usable name left (numeric/stock-photo/hash file name)
2026 SPORTS STARS/Formula 1/sku/30879.jpg,no usable name left (numeric/stock-photo/hash file name)
2026 SPORTS STARS/Formula 1/sku/30880.jpg,no usable name left (numeric/stock-photo/hash file name)
2026 SPORTS STARS/Formula 1/sku/30881.jpg,no usable name left (numeric/stock-photo/hash file name)
2026 SPORTS STARS/Formula 1/sku/30882.jpg,no usable name left (numeric/stock-photo/hash file name)
2026 SPORTS STARS/Formula 1/sku/30883.jpg,no usable name left (numeric/stock-photo/hash file name)
2026 SPORTS STARS/Formula 1/sku/30884.jpg,no usable name left (numeric/stock-photo/hash file name)
2026 SPORTS STARS/Formula 1/sku/30885.jpg,no usable name left (numeric/stock-photo/hash file name)
2026 SPORTS STARS/Formula 1/sku/30886.jpg,no usable name left (numeric/stock-photo/hash file name)
2026 SPORTS STARS/Formula 1/sku/30887.jpg,no usable name left (numeric/stock-photo/hash file name)
2026 SPORTS STARS/Formula 1/sku/30888.jpg,no usable name left (numeric/stock-photo/hash file name)
2026 SPORTS STARS/Formula 1/sku/30889.jpg,no usable name left (numeric/stock-photo/hash file name)
2026 SPORTS STARS/Formula 1/sku/30890.jpg,no usable name left (numeric/stock-photo/hash file name)
2026 SPORTS STARS/Formula 1/sku/30891.jpg,no usable name left (numeric/stock-photo/hash file name)
2026 SPORTS STARS/Formula 1/sku/30892.jpg,no usable name left (numeric/stock-photo/hash file name)
2026 SPORTS STARS/Formula 1/sku/30893.jpg,no usable name left (numeric/stock-photo/hash file name)
2026 SPORTS STARS/Formula 1/sku/30894.jpg,no usable name left (numeric/stock-photo/hash file name)
2026 SPORTS STARS/Formula 1/sku/30895.jpg,no usable name left (numeric/stock-photo/hash file name)
2026 SPORTS STARS/Formula 1/sku/30896.jpg,no usable name left (numeric/stock-photo/hash file name)
2026 SPORTS STARS/Formula 1/sku/30897.jpg,no usable name left (numeric/stock-photo/hash file name)
2026 SPORTS STARS/Formula 1/sku/30898.jpg,no usable name left (numeric/stock-photo/hash file name)
2026 SPORTS STARS/Formula 1/sku/30899.jpg,no usable name left (numeric/stock-photo/hash file name)
2026 SPORTS STARS/Formula 1/sku/30900.jpg,no usable name left (numeric/stock-photo/hash file name)
2026 SPORTS STARS/Formula 1/sku/30901.jpg,no usable name left (numeric/stock-photo/hash file name)
2026 SPORTS STARS/Formula 1/sku/30902.jpg,no usable name left (numeric/stock-photo/hash file name)
2026 SPORTS STARS/Formula 1/sku/30903.jpg,no usable name left (numeric/stock-photo/hash file name)
2026 SPORTS STARS/Formula 1/sku/30904.jpg,no usable name left (numeric/stock-photo/hash file name)
2026 SPORTS STARS/Misc Sports/._.DS_Store,not an image
2026 SPORTS STARS/Misc Sports/._Ben Ainsley JB.jpg,hidden/resource-fork file
2026 SPORTS STARS/Misc Sports/._Brock Lesner JB.jpg,hidden/resource-fork file
2026 SPORTS STARS/Misc Sports/._david coleman JB.jpg,hidden/resource-fork file
2026 SPORTS STARS/Misc Sports/._Des Lynam JB.jpg,hidden/resource-fork file
2026 SPORTS STARS/Misc Sports/._Kofi Kingston JB.jpg,hidden/resource-fork file
2026 SPORTS STARS/Misc Sports/._Mark Henry JB.jpg,hidden/resource-fork file
2026 SPORTS STARS/Misc Sports/._MATT DAWSON JB.jpg,hidden/resource-fork file
2026 SPORTS STARS/Misc Sports/._Rowdy Roddy Piper JB.jpg,hidden/resource-fork file
2026 SPORTS STARS/Misc Sports/._TERRY CREWS JB.jpg,hidden/resource-fork file
2026 SPORTS STARS/Misc Sports/._Thom Evans JB.jpg,hidden/resource-fork file
2026 SPORTS STARS/Misc Sports/SKU/30929.jpg,no usable name left (numeric/stock-photo/hash file name)
2026 SPORTS STARS/Misc Sports/SKU/30930.jpg,no usable name left (numeric/stock-photo/hash file name)
2026 SPORTS STARS/Misc Sports/SKU/30931.jpg,no usable name left (numeric/stock-photo/hash file name)
2026 SPORTS STARS/Misc Sports/SKU/30932.jpg,no usable name left (numeric/stock-photo/hash file name)
2026 SPORTS STARS/Misc Sports/SKU/30933.jpg,no usable name left (numeric/stock-photo/hash file name)
2026 SPORTS STARS/Misc Sports/SKU/30934.jpg,no usable name left (numeric/stock-photo/hash file name)
2026 SPORTS STARS/Misc Sports/SKU/30935.jpg,no usable name left (numeric/stock-photo/hash file name)
2026 SPORTS STARS/Misc Sports/SKU/30936.jpg,no usable name left (numeric/stock-photo/hash file name)
2026 SPORTS STARS/Misc Sports/SKU/30937.jpg,no usable name left (numeric/stock-photo/hash file name)
2026 SPORTS STARS/Misc Sports/SKU/30938.jpg,no usable name left (numeric/stock-photo/hash file name)
2026 SPORTS STARS/MMA/._.DS_Store,not an image
2026 SPORTS STARS/MMA/._CONOR MCGREGOR JB.jpg,hidden/resource-fork file
2026 SPORTS STARS/MMA/._Herb Dean Mask JB.jpg,hidden/resource-fork file
2026 SPORTS STARS/MMA/New folder/30939.jpg,no usable name left (numeric/stock-photo/hash file name)
2026 SPORTS STARS/MMA/New folder/30940.jpg,no usable name left (numeric/stock-photo/hash file name)
2026 SPORTS STARS/Olympic Athletes/._.DS_Store,not an image
2026 SPORTS STARS/Olympic Athletes/._Adam Gemili JB.jpg,hidden/resource-fork file
2026 SPORTS STARS/Olympic Athletes/._Andrew Murray face mask JB.jpg,hidden/resource-fork file
2026 SPORTS STARS/Olympic Athletes/._Ben Ainsley JB.jpg,hidden/resource-fork file
2026 SPORTS STARS/Olympic Athletes/._bradley wiggins face mask JB.JPG,hidden/resource-fork file
2026 SPORTS STARS/Olympic Athletes/._Carl Lewis JB.jpg,hidden/resource-fork file
2026 SPORTS STARS/Olympic Athletes/._chris froome face mask JB.JPG,hidden/resource-fork file
2026 SPORTS STARS/Olympic Athletes/._chris hoy face mask JB.jpg,hidden/resource-fork file
2026 SPORTS STARS/Olympic Athletes/._Colin Jackson JB.jpg,hidden/resource-fork file
2026 SPORTS STARS/Olympic Athletes/._David Rudisha JB.jpg,hidden/resource-fork file
2026 SPORTS STARS/Olympic Athletes/._Dwain Chambers JB.jpg,hidden/resource-fork file
2026 SPORTS STARS/Olympic Athletes/._greg rutherford face mask JB.JPG,hidden/resource-fork file
2026 SPORTS STARS/Olympic Athletes/._Jade Jones JB.jpg,hidden/resource-fork file
2026 SPORTS STARS/Olympic Athletes/._Jessica Ennis JB.jpg,hidden/resource-fork file
2026 SPORTS STARS/Olympic Athletes/._jessica ennis-hill face mask JB.JPG,hidden/resource-fork file
2026 SPORTS STARS/Olympic Athletes/._Kelly Holmes JB.jpg,hidden/resource-fork file
2026 SPORTS STARS/Olympic Athletes/._Kirani James JB.jpg,hidden/resource-fork file
2026 SPORTS STARS/Olympic Athletes/._Linford Christie JB.jpg,hidden/resource-fork file
2026 SPORTS STARS/Olympic Athletes/._Louis Smith JB.jpg,hidden/resource-fork file
2026 SPORTS STARS/Olympic Athletes/._Lutalo Muhammad JB.jpg,hidden/resource-fork file
2026 SPORTS STARS/Olympic Athletes/._mark cavendish face mask (2) JB.JPG,hidden/resource-fork file
2026 SPORTS STARS/Olympic Athletes/._Michael Phelps JB.jpg,hidden/resource-fork file
2026 SPORTS STARS/Olympic Athletes/._MO FARAH JB.jpg,hidden/resource-fork file
2026 SPORTS STARS/Olympic Athletes/._paula radcliffe face mask JB.jpg,hidden/resource-fork file
2026 SPORTS STARS/Olympic Athletes/._Rebecca Adlington JB.jpg,hidden/resource-fork file
2026 SPORTS STARS/Olympic Athletes/._rebecca-adlington-celebrity-face-mask JB.jpg,hidden/resource-fork file
2026 SPORTS STARS/Olympic Athletes/._Roger Black JB.jpg,hidden/resource-fork file
2026 SPORTS STARS/Olympic Athletes/._Sally Gunnell JB.jpg,hidden/resource-fork file
2026 SPORTS STARS/Olympic Athletes/._Seb Coe JB.jpg,hidden/resource-fork file
2026 SPORTS STARS/Olympic Athletes/._Steve Backley JB.jpg,hidden/resource-fork file
2026 SPORTS STARS/Olympic Athletes/._Tom Daley JB.jpg,hidden/resource-fork file
2026 SPORTS STARS/Olympic Athletes/._Usain Bolt JB.jpg,hidden/resource-fork file
2026 SPORTS STARS/Olympic Athletes/._victoria pendleton JB.jpg,hidden/resource-fork file
2026 SPORTS STARS/Olympic Athletes/._Victoria Pendleton-01 JB.jpg,hidden/resource-fork file
2026 SPORTS STARS/Olympic Athletes/._Warren Weir JB.jpg,hidden/resource-fork file
2026 SPORTS STARS/Olympic Athletes/._Yohan Blake JB.jpg,hidden/resource-fork file
2026 SPORTS STARS/Olympic Athletes/SKU/30941.jpg,no usable name left (numeric/stock-photo/hash file name)
2026 SPORTS STARS/Olympic Athletes/SKU/30942.jpg,no usable name left (numeric/stock-photo/hash file name)
2026 SPORTS STARS/Olympic Athletes/SKU/30943.jpg,no usable name left (numeric/stock-photo/hash file name)
2026 SPORTS STARS/Olympic Athletes/SKU/30944.JPG,no usable name left (numeric/stock-photo/hash file name)
2026 SPORTS STARS/Olympic Athletes/SKU/30945.jpg,no usable name left (numeric/stock-photo/hash file name)
2026 SPORTS STARS/Olympic Athletes/SKU/30946.JPG,no usable name left (numeric/stock-photo/hash file name)
2026 SPORTS STARS/Olympic Athletes/SKU/30947.jpg,no usable name left (numeric/stock-photo/hash file name)
2026 SPORTS STARS/Olympic Athletes/SKU/30948.jpg,no usable name left (numeric/stock-photo/hash file name)
2026 SPORTS STARS/Olympic Athletes/SKU/30949.jpg,no usable name left (numeric/stock-photo/hash file name)
2026 SPORTS STARS/Olympic Athletes/SKU/30950.jpg,no usable name left (numeric/stock-photo/hash file name)
2026 SPORTS STARS/Olympic Athletes/SKU/30951.JPG,no usable name left (numeric/stock-photo/hash file name)
2026 SPORTS STARS/Olympic Athletes/SKU/30952.jpg,no usable name left (numeric/stock-photo/hash file name)
2026 SPORTS STARS/Olympic Athletes/SKU/30953.jpg,no usable name left (numeric/stock-photo/hash file name)
2026 SPORTS STARS/Olympic Athletes/SKU/30954.JPG,no usable name left (numeric/stock-photo/hash file name)
2026 SPORTS STARS/Olympic Athletes/SKU/30955.jpg,no usable name left (numeric/stock-photo/hash file name)
2026 SPORTS STARS/Olympic Athletes/SKU/30956.jpg,no usable name left (numeric/stock-photo/hash file name)
2026 SPORTS STARS/Olympic Athletes/SKU/30957.jpg,no usable name left (numeric/stock-photo/hash file name)
2026 SPORTS STARS/Olympic Athletes/SKU/30958.jpg,no usable name left (numeric/stock-photo/hash file name)
2026 SPORTS STARS/Olympic Athletes/SKU/30959.jpg,no usable name left (numeric/stock-photo/hash file name)
2026 SPORTS STARS/Olympic Athletes/SKU/30960.JPG,no usable name left (numeric/stock-photo/hash file name)
2026 SPORTS STARS/Olympic Athletes/SKU/30961.jpg,no usable name left (numeric/stock-photo/hash file name)
2026 SPORTS STARS/Olympic Athletes/SKU/30962.jpg,no usable name left (numeric/stock-photo/hash file name)
2026 SPORTS STARS/Olympic Athletes/SKU/30963.jpg,no usable name left (numeric/stock-photo/hash file name)
2026 SPORTS STARS/Olympic Athletes/SKU/30964.jpg,no usable name left (numeric/stock-photo/hash file name)
2026 SPORTS STARS/Olympic Athletes/SKU/30965.jpg,no usable name left (numeric/stock-photo/hash file name)
2026 SPORTS STARS/Olympic Athletes/SKU/30966.jpg,no usable name left (numeric/stock-photo/hash file name)
2026 SPORTS STARS/Olympic Athletes/SKU/30967.jpg,no usable name left (numeric/stock-photo/hash file name)
2026 SPORTS STARS/Olympic Athletes/SKU/30968.jpg,no usable name left (numeric/stock-photo/hash file name)
2026 SPORTS STARS/Olympic Athletes/SKU/30969.jpg,no usable name left (numeric/stock-photo/hash file name)
2026 SPORTS STARS/Olympic Athletes/SKU/30970.jpg,no usable name left (numeric/stock-photo/hash file name)
2026 SPORTS STARS/Olympic Athletes/SKU/30971.jpg,no usable name left (numeric/stock-photo/hash file name)
2026 SPORTS STARS/Olympic Athletes/SKU/30972.jpg,no usable name left (numeric/stock-photo/hash file name)
2026 SPORTS STARS/Olympic Athletes/SKU/30973.jpg,no usable name left (numeric/stock-photo/hash file name)
2026 SPORTS STARS/Olympic Athletes/SKU/30974.jpg,no usable name left (numeric/stock-photo/hash file name)
2026 SPORTS STARS/Olympic Athletes/SKU/30975.jpg,no usable name left (numeric/stock-photo/hash file name)
2026 SPORTS STARS/Tennis/._.DS_Store,not an image
2026 SPORTS STARS/Tennis/._aljaz bedene JB.jpg,hidden/resource-fork file
2026 SPORTS STARS/Tennis/._ana ivanovic JB .jpg,hidden/resource-fork file
2026 SPORTS STARS/Tennis/._Andre Agassi Mask JB.jpg,hidden/resource-fork file
2026 SPORTS STARS/Tennis/._Andre Agassi Young 90's Mask JB.jpg,hidden/resource-fork file
2026 SPORTS STARS/Tennis/._Andrew Castle JB.jpg,hidden/resource-fork file
2026 SPORTS STARS/Tennis/._Andrew Murray face mask JB.jpg,hidden/resource-fork file
2026 SPORTS STARS/Tennis/._Annika Beck JB.jpg,hidden/resource-fork file
2026 SPORTS STARS/Tennis/._Arther Ashe JB.jpg,hidden/resource-fork file
2026 SPORTS STARS/Tennis/._Belinda Benic JB.jpg,hidden/resource-fork file
2026 SPORTS STARS/Tennis/._Bernard Tomic JB.jpg,hidden/resource-fork file
2026 SPORTS STARS/Tennis/._Bjorn Borg JB.jpg,hidden/resource-fork file
2026 SPORTS STARS/Tennis/._Bob Bryans JB.jpg,hidden/resource-fork file
2026 SPORTS STARS/Tennis/._Caroline Wozniacki JB.jpg,hidden/resource-fork file
2026 SPORTS STARS/Tennis/._David Ferrer JB.jpg,hidden/resource-fork file
2026 SPORTS STARS/Tennis/._David Goffin JB.jpg,hidden/resource-fork file
2026 SPORTS STARS/Tennis/._Dominic Thiem JB.jpg,hidden/resource-fork file
2026 SPORTS STARS/Tennis/._Gael Monfils JB.jpg,hidden/resource-fork file
2026 SPORTS STARS/Tennis/._Gilles Simon JB.jpg,hidden/resource-fork file
2026 SPORTS STARS/Tennis/._Heather Watson JB.jpg,hidden/resource-fork file
2026 SPORTS STARS/Tennis/._ivan lendl JB.jpg,hidden/resource-fork file
2026 SPORTS STARS/Tennis/._Jamie Murray JB.jpg,hidden/resource-fork file
2026 SPORTS STARS/Tennis/._Jelena Jankovic JB.jpg,hidden/resource-fork file
2026 SPORTS STARS/Tennis/._Jo-Wilfried Tsonga Mask JB.jpg,hidden/resource-fork file
2026 SPORTS STARS/Tennis/._Johanna Konta JB.jpg,hidden/resource-fork file
2026 SPORTS STARS/Tennis/._John Isner Mask JB .jpg,hidden/resource-fork file
2026 SPORTS STARS/Tennis/._John McEnroe JB.jpg,hidden/resource-fork file
2026 SPORTS STARS/Tennis/._Kei Nishikori JB.jpg,hidden/resource-fork file
2026 SPORTS STARS/Tennis/._Madison Keys JB.jpg,hidden/resource-fork file
2026 SPORTS STARS/Tennis/._Marcus Willis JB.jpg,hidden/resource-fork file
2026 SPORTS STARS/Tennis/._Marin Cilic JB.jpg,hidden/resource-fork file
2026 SPORTS STARS/Tennis/._Martina Hingis 90s JB.jpg,hidden/resource-fork file
2026 SPORTS STARS/Tennis/._Martina Hingis JB.jpg,hidden/resource-fork file
2026 SPORTS STARS/Tennis/._Mike Bryan JB.jpg,hidden/resource-fork file
2026 SPORTS STARS/Tennis/._Milos Raonic JB.jpg,hidden/resource-fork file
2026 SPORTS STARS/Tennis/._nick kyrgios 2 JB.jpg,hidden/resource-fork file
2026 SPORTS STARS/Tennis/._Novak Djokovic-01 JB.jpg,hidden/resource-fork file
2026 SPORTS STARS/Tennis/._Pete Sampras JB.jpg,hidden/resource-fork file
2026 SPORTS STARS/Tennis/._Petra Kvitova JB.jpg,hidden/resource-fork file
2026 SPORTS STARS/Tennis/._Richard Gasquet JB.jpg,hidden/resource-fork file
2026 SPORTS STARS/Tennis/._ROGER FEDERA JB.jpg,hidden/resource-fork file
2026 SPORTS STARS/Tennis/._Samantha Stosur JB.jpg,hidden/resource-fork file
2026 SPORTS STARS/Tennis/._Serena Williams JB.jpg,hidden/resource-fork file
2026 SPORTS STARS/Tennis/._Stan Wawrinka JB.jpg,hidden/resource-fork file
2026 SPORTS STARS/Tennis/._SUE BARKER JB.jpg,hidden/resource-fork file
2026 SPORTS STARS/Tennis/._VENUS WILLIAMS JB.jpg,hidden/resource-fork file
2026 SPORTS STARS/Tennis/._Victoria Azarenka JB.jpg,hidden/resource-fork file
2026 SPORTS STARS/Tennis/SKU/30976.jpg,no usable name left (numeric/stock-photo/hash file name)
2026 SPORTS STARS/Tennis/SKU/30977.jpg,no usable name left (numeric/stock-photo/hash file name)
2026 SPORTS STARS/Tennis/SKU/30978.jpg,no usable name left (numeric/stock-photo/hash file name)
2026 SPORTS STARS/Tennis/SKU/30979.jpg,no usable name left (numeric/stock-photo/hash file name)
2026 SPORTS STARS/Tennis/SKU/30980.jpg,no usable name left (numeric/stock-photo/hash file name)
2026 SPORTS STARS/Tennis/SKU/30981.jpg,no usable name left (numeric/stock-photo/hash file name)
2026 SPORTS STARS/Tennis/SKU/30982.jpg,no usable name left (numeric/stock-photo/hash file name)
2026 SPORTS STARS/Tennis/SKU/30983.jpg,no usable name left (numeric/stock-photo/hash file name)
2026 SPORTS STARS/Tennis/SKU/30984.jpg,no usable name left (numeric/stock-photo/hash file name)
2026 SPORTS STARS/Tennis/SKU/30985.jpg,no usable name left (numeric/stock-photo/hash file name)
2026 SPORTS STARS/Tennis/SKU/30986.jpg,no usable name left (numeric/stock-photo/hash file name)
2026 SPORTS STARS/Tennis/SKU/30987.jpg,no usable name left (numeric/stock-photo/hash file name)
2026 SPORTS STARS/Tennis/SKU/30988.jpg,no usable name left (numeric/stock-photo/hash file name)
2026 SPORTS STARS/Tennis/SKU/30989.jpg,no usable name left (numeric/stock-photo/hash file name)
2026 SPORTS STARS/Tennis/SKU/30990.jpg,no usable name left (numeric/stock-photo/hash file name)
2026 SPORTS STARS/Tennis/SKU/30991.jpg,no usable name left (numeric/stock-photo/hash file name)
2026 SPORTS STARS/Tennis/SKU/30992.jpg,no usable name left (numeric/stock-photo/hash file name)
2026 SPORTS STARS/Tennis/SKU/30993.jpg,no usable name left (numeric/stock-photo/hash file name)
2026 SPORTS STARS/Tennis/SKU/30994.jpg,no usable name left (numeric/stock-photo/hash file name)
2026 SPORTS STARS/Tennis/SKU/30995.jpg,no usable name left (numeric/stock-photo/hash file name)
2026 SPORTS STARS/Tennis/SKU/30996.jpg,no usable name left (numeric/stock-photo/hash file name)
2026 SPORTS STARS/Tennis/SKU/30997.jpg,no usable name left (numeric/stock-photo/hash file name)
2026 SPORTS STARS/Tennis/SKU/30998.jpg,no usable name left (numeric/stock-photo/hash file name)
2026 SPORTS STARS/Tennis/SKU/30999.jpg,no usable name left (numeric/stock-photo/hash file name)
2026 SPORTS STARS/Tennis/SKU/31000.jpg,no usable name left (numeric/stock-photo/hash file name)
2026 SPORTS STARS/Tennis/SKU/31001.jpg,no usable name left (numeric/stock-photo/hash file name)
2026 SPORTS STARS/Tennis/SKU/31002.jpg,no usable name left (numeric/stock-photo/hash file name)
2026 SPORTS STARS/Tennis/SKU/31003.jpg,no usable name left (numeric/stock-photo/hash file name)
2026 SPORTS STARS/Tennis/SKU/31004.jpg,no usable name left (numeric/stock-photo/hash file name)
2026 SPORTS STARS/Tennis/SKU/31005.jpg,no usable name left (numeric/stock-photo/hash file name)
2026 SPORTS STARS/Tennis/SKU/31006.jpg,no usable name left (numeric/stock-photo/hash file name)
2026 SPORTS STARS/Tennis/SKU/31007.jpg,no usable name left (numeric/stock-photo/hash file name)
2026 SPORTS STARS/Tennis/SKU/31008.jpg,no usable name left (numeric/stock-photo/hash file name)
2026 SPORTS STARS/Tennis/SKU/31009.jpg,no usable name left (numeric/stock-photo/hash file name)
2026 SPORTS STARS/Tennis/SKU/31010.jpg,no usable name left (numeric/stock-photo/hash file name)
2026 SPORTS STARS/Tennis/SKU/31011.jpg,no usable name left (numeric/stock-photo/hash file name)
2026 SPORTS STARS/Tennis/SKU/31012.jpg,no usable name left (numeric/stock-photo/hash file name)
2026 SPORTS STARS/Tennis/SKU/31013.jpg,no usable name left (numeric/stock-photo/hash file name)
2026 SPORTS STARS/Tennis/SKU/31014.jpg,no usable name left (numeric/stock-photo/hash file name)
2026 SPORTS STARS/Tennis/SKU/31015.jpg,no usable name left (numeric/stock-photo/hash file name)
2026 SPORTS STARS/Tennis/SKU/31016.jpg,no usable name left (numeric/stock-photo/hash file name)
2026 SPORTS STARS/Tennis/SKU/31017.jpg,no usable name left (numeric/stock-photo/hash file name)
2026 SPORTS STARS/Tennis/SKU/31018.jpg,no usable name left (numeric/stock-photo/hash file name)
2026 SPORTS STARS/Tennis/SKU/31019.jpg,no usable name left (numeric/stock-photo/hash file name)
2026 SPORTS STARS/Tennis/SKU/31020.jpg,no usable name left (numeric/stock-photo/hash file name)
2026 SPORTS STARS/Tennis/SKU/31021.jpg,no usable name left (numeric/stock-photo/hash file name)
2026 TV SHOWS AND STARS/Ab Fab 2.jpg,no usable name left (numeric/stock-photo/hash file name)
2026 TV SHOWS AND STARS/ab fab mint.jpg,no usable name left (numeric/stock-photo/hash file name)
2026 TV SHOWS AND STARS/Alan Partidge AMAZOON DOCTIORED.psd,not an image
2026 TV SHOWS AND STARS/BAKE OFF PACK 2017.psd,not an image
2026 TV SHOWS AND STARS/big best.pdf,not an image
2026 TV SHOWS AND STARS/BOB THE MED.pdf,not an image
2026 TV SHOWS AND STARS/charlie dimmock.pdf,not an image
2026 TV SHOWS AND STARS/Dirty Dancing MH.jpg,no usable name left (numeric/stock-photo/hash file name)
2026 TV SHOWS AND STARS/Dr Who -Kids Mask.jpg,no usable name left (numeric/stock-photo/hash file name)
2026 TV SHOWS AND STARS/EastEnders-2236376.jpg,no usable name left (numeric/stock-photo/hash file name)
2026 TV SHOWS AND STARS/Emmerdale-828908.jpg,no usable name left (numeric/stock-photo/hash file name)
2026 TV SHOWS AND STARS/Emmerdale.jpg,no usable name left (numeric/stock-photo/hash file name)
2026 TV SHOWS AND STARS/Face - A Team.jpg,no usable name left (numeric/stock-photo/hash file name)
2026 TV SHOWS AND STARS/Hannah Waddingham-Eurovision Pack.jpg,pack/mockup/group image (not a single face)
2026 TV SHOWS AND STARS/Image0157 (2).jpg,no usable name left (numeric/stock-photo/hash file name)
2026 TV SHOWS AND STARS/jenny agutter.pdf,not an image
2026 TV SHOWS AND STARS/jenson button jb.pdf,not an image
2026 TV SHOWS AND STARS/Kim and Agi.JPG,no usable name left (numeric/stock-photo/hash file name)
2026 TV SHOWS AND STARS/landscape  MH.jpg,no usable name left (numeric/stock-photo/hash file name)
2026 TV SHOWS AND STARS/love-island-sr3-121-jpg-1498815419.jpg,no usable name left (numeric/stock-photo/hash file name)
2026 TV SHOWS AND STARS/love-island-sr3-44-jpg-1496073337.jpg,no usable name left (numeric/stock-photo/hash file name)
2026 TV SHOWS AND STARS/love-island-sr3-93-jpg-1497517560.jpg,no usable name left (numeric/stock-photo/hash file name)
2026 TV SHOWS AND STARS/martin oneil.pdf,not an image
2026 TV SHOWS AND STARS/michael schumacher .pdf,not an image
2026 TV SHOWS AND STARS/miranda cut.pdf,not an image
2026 TV SHOWS AND STARS/miranda.pdf,not an image
2026 TV SHOWS AND STARS/MR SELFRIDGE CHARACTER.jpg,pack/mockup/group image (not a single face)
2026 TV SHOWS AND STARS/mrs brown  MH.jpg,no usable name left (numeric/stock-photo/hash file name)
2026 TV SHOWS AND STARS/Mrs Brown Amazon.jpg,no usable name left (numeric/stock-photo/hash file name)
2026 TV SHOWS AND STARS/Mrs Brown.JPG,no usable name left (numeric/stock-photo/hash file name)
2026 TV SHOWS AND STARS/penta cut.pdf,not an image
2026 TV SHOWS AND STARS/Sharon Osborne AMAZON.pdf,not an image
2026 TV SHOWS AND STARS/Stan Laurel cut.pdf,not an image
2026 TV SHOWS AND STARS/steve jobs jj.pdf,not an image
2026 TV SHOWS AND STARS/Suicide Squad.jpg,pack/mockup/group image (not a single face)
2026 TV SHOWS AND STARS/Ted Lasso.jpg,no usable name left (numeric/stock-photo/hash file name)
2026 TV SHOWS AND STARS/tumblr-xkoqqmrm-meixo-1426305518.jpg,no usable name left (numeric/stock-photo/hash file name)
2026 TV SHOWS AND STARS/Untitled-2.jpg,no usable name left (numeric/stock-photo/hash file name)
2026 TV SHOWS AND STARS/victoria-s3-cast-interview-laurence-fox-3200x1800.jpg,pack/mockup/group image (not a single face)
2026 TV SHOWS AND STARS/BEST TV STARS PACK 2/EBAY PACK10.jpg,pack/mockup/group image (not a single face)
2026 TV SHOWS AND STARS/GAVIN STACEY/Gavin Henson,not an image
2026 TV SHOWS AND STARS/GAVIN STACEY/Gavin2 - Gavin and Stacey,not an image
2026 TV SHOWS AND STARS/GAVIN STACEY/James Corden,not an image
2026 TV SHOWS AND STARS/GAVIN STACEY/Larry Lamb,not an image
2026 TV SHOWS AND STARS/GAVIN STACEY/Ruth Jones - Nessa,not an image
2026 TV SHOWS AND STARS/GAVIN STACEY/Stacey - Gavin and Stacey,not an image
2026 TV SHOWS AND STARS/IM A CELEB/BOB THE MED.pdf,not an image
2026 TV SHOWS AND STARS/IM A CELEB/KIOSK KATH.pdf,not an image
2026 TV SHOWS AND STARS/Ink Master/judges/ink_grude_cc_0028_R.jpeg,no usable name left (numeric/stock-photo/hash file name)
2026 TV SHOWS AND STARS/Ink Master/judges/p12530496_b1t_h9_aa.jpeg,no usable name left (numeric/stock-photo/hash file name)
2026 TV SHOWS AND STARS/LOVE ISLAND/1350c_nintchdbpict0003351195802 e1498751091898 2020 Face.jpg,no usable name left (numeric/stock-photo/hash file name)
2026 TV SHOWS AND STARS/LOVE ISLAND/love island sr3 121 jpg 1498815419 2020 Face.jpg,no usable name left (numeric/stock-photo/hash file name)
2026 TV SHOWS AND STARS/MAID/characters/16356777608756.jpeg,no usable name left (numeric/stock-photo/hash file name)
2026 TV SHOWS AND STARS/MAID/characters/bcd365a226671ce844d8515995a033.jpeg,no usable name left (numeric/stock-photo/hash file name)
2026 TV SHOWS AND STARS/MAID/characters/I83hnDp.jpeg,no usable name left (numeric/stock-photo/hash file name)
2026 TV SHOWS AND STARS/MAID/characters/l-intro-1633375143.jpeg,no usable name left (numeric/stock-photo/hash file name)
2026 TV SHOWS AND STARS/MAID/characters/MAID_110_Unit_00580R-e1634046526980.jpeg,no usable name left (numeric/stock-photo/hash file name)
2026 TV SHOWS AND STARS/MAID/characters/netflix-maid-book-t.jpeg,no usable name left (numeric/stock-photo/hash file name)
2026 TV SHOWS AND STARS/MAID/characters cutouts/Untitled-1 (larger).jpg,no usable name left (numeric/stock-photo/hash file name)
2026 TV SHOWS AND STARS/MAID/characters cutouts/Untitled-1.jpg,no usable name left (numeric/stock-photo/hash file name)
2026 TV SHOWS AND STARS/Money Heist/characters/Helsinki_-_part_5_poster.jpeg,pack/mockup/group image (not a single face)
2026 TV SHOWS AND STARS/Money Heist/characters/Money-Heist-Characters-1-1-1024x1024.jpeg,pack/mockup/group image (not a single face)
2026 TV SHOWS AND STARS/Money Heist/characters/Money-Heist-Characters-6-1024x1024.jpeg,pack/mockup/group image (not a single face)
2026 TV SHOWS AND STARS/Money Heist/characters/Money-Heist-Charwwacters-6-1024x1024.jpeg,no usable name left (numeric/stock-photo/hash file name)
2026 TV SHOWS AND STARS/Money Heist/characters/Rio_-_part_5_poster.jpeg,pack/mockup/group image (not a single face)
2026 TV SHOWS AND STARS/Money Heist/characters/Stockholm_-_part_5_poster.jpeg,pack/mockup/group image (not a single face)
2026 TV SHOWS AND STARS/Money Heist/characters/Tokyo_-_part_5_poster.jpeg,pack/mockup/group image (not a single face)
2026 TV SHOWS AND STARS/one piece netflix/One Piece Strawhat Crew Pack Netflix Celebrity Facemasks.jpg,pack/mockup/group image (not a single face)
2026 TV SHOWS AND STARS/PACK 3 -CELEB TV STARS/Ab Fab 2.jpg,no usable name left (numeric/stock-photo/hash file name)
2026 TV SHOWS AND STARS/PACK 3 -CELEB TV STARS/ab fab mint.jpg,no usable name left (numeric/stock-photo/hash file name)
2026 TV SHOWS AND STARS/Squid Game/characters/16336239437915.jpeg,no usable name left (numeric/stock-photo/hash file name)
2026 TV SHOWS AND STARS/Squid Game/characters/81a19abd8241d8894aa43ad26965c998.jpeg,no usable name left (numeric/stock-photo/hash file name)
2026 TV SHOWS AND STARS/Squid Game/characters/966b4412740fb6185a9191db70238e0c.jpeg,no usable name left (numeric/stock-photo/hash file name)
2026 TV SHOWS AND STARS/Squid Game/characters/l-intro-1632420569.jpeg,no usable name left (numeric/stock-photo/hash file name)
2026 TV SHOWS AND STARS/Squid Game/characters/NINTCHDBPICT000684941248-1.webp,no usable name left (numeric/stock-photo/hash file name)
2026 TV SHOWS AND STARS/Squid Game/characters/NINTCHDBPICT000684941501-3.webp,no usable name left (numeric/stock-photo/hash file name)
2026 TV SHOWS AND STARS/Squid Game/characters/Squid-Game-Life-Lessons-13.jpeg,no usable name left (numeric/stock-photo/hash file name)
2026 TV SHOWS AND STARS/still game/17012815-low_res-still-game-s9.jpg,no usable name left (numeric/stock-photo/hash file name)
2026 TV SHOWS AND STARS/still game/Ford-Kiernan-and-Greg-Hemphill-as-Still-Games-Jack-and-Victor.jpg,left as is (reviewed)
2026 TV SHOWS AND STARS/still game/sanjeev kholi character.jpg,pack/mockup/group image (not a single face)
2026 TV SHOWS AND STARS/still game/still game 1.jpg,no usable name left (numeric/stock-photo/hash file name)
2026 TV SHOWS AND STARS/still game/still game 2.jpg,no usable name left (numeric/stock-photo/hash file name)
2026 TV SHOWS AND STARS/still game/actors cutout/david boreanaz.pdf,not an image
2026 TV SHOWS AND STARS/still game/actors cutout/Paul Riley.pdf,not an image
2026 TV SHOWS AND STARS/The Boys Tv/1106853.jpeg,no usable name left (numeric/stock-photo/hash file name)
2026 TV SHOWS AND STARS/The Boys Tv/50750670-full.webp,no usable name left (numeric/stock-photo/hash file name)
2026 TV SHOWS AND STARS/The Boys Tv/7931153-2942095630-5f763f1a0ab50d00184adb01.jpeg,no usable name left (numeric/stock-photo/hash file name)
2026 TV SHOWS AND STARS/The Boys Tv/dca08eb0-full.webp,no usable name left (numeric/stock-photo/hash file name)
2026 TV SHOWS AND STARS/The Boys Tv/l-intro-1614788163.jpeg,no usable name left (numeric/stock-photo/hash file name)
2026 TV SHOWS AND STARS/The Boys Tv/MV5BNmEyZTdlYTMtM2U1MC00OTI1LWFmMjgtYjI0OTIxYjk2MTM4XkEyXkFqcGdeQXVyNjc5MjcwMDE@._V1_.jpg,no usable name left (numeric/stock-photo/hash file name)
2026 TV SHOWS AND STARS/The office- American/Ellie Kemper - Erin The Office.psd,not an image
2026 TV SHOWS AND STARS/The Queen of Flow/b2abe3da-853599f8acfe4c22ab83b540596fa1daf64fa9ae23fdfdf7f832239d2c35b947.jpeg,no usable name left (numeric/stock-photo/hash file name)
2026 TV SHOWS AND STARS/The Queen of Flow/GDPYOHPKPBC4PFVRZONSFOX3HY.jpeg,no usable name left (numeric/stock-photo/hash file name)
2026 TV SHOWS AND STARS/The Queen of Flow/wp5685015.jpeg,no usable name left (numeric/stock-photo/hash file name)
2026 TV SHOWS AND STARS/The Queen of Flow/wp5685070.jpeg,no usable name left (numeric/stock-photo/hash file name)
2026 TV SHOWS AND STARS/the victim/2035_the-victim-s1-3840x2160.jpeg,no usable name left (numeric/stock-photo/hash file name)
2026 TV SHOWS AND STARS/the victim/meet-cast-bbc1-s-victim-13.jpeg,pack/mockup/group image (not a single face)
2026 TV SHOWS AND STARS/the victim/meet-cast-bbc1-s-victim-6.jpeg,pack/mockup/group image (not a single face)
2026 TV SHOWS AND STARS/TOWIE/Tommy-Mallet-and-Georgia-Kousoulou.jpg,no usable name left (numeric/stock-photo/hash file name)
2026 TV SHOWS AND STARS/TOWIE PACK PACK E/EBAY PACK8.jpg,pack/mockup/group image (not a single face)
2026 TV SHOWS AND STARS/X Factor Judges Pack from 2018/Dannii Minogue - X Factor Judges Pack from 2018 - SKU-M00001.JPG,pack/mockup/group image (not a single face)
2026 TV SHOWS AND STARS/X Factor Judges Pack from 2018/Louis Walsh MINT - X Factor Judges Pack from 2018 - SKU-M00005.png,pack/mockup/group image (not a single face)
2026 TV SHOWS AND STARS/X Factor Judges Pack from 2018/Mel-B - X Factor Judges Pack from 2018 - SKU-M00004.jpg,pack/mockup/group image (not a single face)
2026 TV SHOWS AND STARS/X Factor Judges Pack from 2018/Nick Grimshaw - X Factor Judges Pack from 2018 - SKU-M00003.jpg,pack/mockup/group image (not a single face)
2026 TV SHOWS AND STARS/X Factor Judges Pack from 2018/Sharon Osborne AMAZON - X Factor Judges Pack from 2018 - SKU-M00002.jpg,pack/mockup/group image (not a single face)
2026 TV SHOWS AND STARS/X Factor Judges Pack from 2018/Simon Cowell New - X Factor Judges Pack from 2018 - SKU-M00006.jpg,pack/mockup/group image (not a single face)
