title,handle,url,type,rule,on_online_store,total,visible,class,recommendation
KING CHARLES CORONATION,king-charles-coronation,https://foxyprinting.co.uk/collections/king-charles-coronation,smart,TAG EQUALS king pins AND TAG EQUALS king mug,True,0,0,a-outdated,"Past event (VE Day 80th, May 2025 / Coronation, May 2023 / Covid era). Products already DRAFT: keep them draft. Hide this collection from the Online Store (Products > Collections > tick > Exclude from sales channels > Online Store) and add a 301 redirect to /collections/royal-commemorative or the homepage."
KING CHARLES CORONATION PINS,king-charles-coronation-pins,https://foxyprinting.co.uk/collections/king-charles-coronation-pins,smart,TAG EQUALS king pins OR TAG EQUALS Pin,True,58,0,a-outdated,"Past event (VE Day 80th, May 2025 / Coronation, May 2023 / Covid era). Products already DRAFT: keep them draft. Hide this collection from the Online Store (Products > Collections > tick > Exclude from sales channels > Online Store) and add a 301 redirect to /collections/royal-commemorative or the homepage."
KING CHARLES III COERONATION CLOTHING,king-charles-iii-coeronation-clothing,https://foxyprinting.co.uk/collections/king-charles-iii-coeronation-clothing,smart,TAG EQUALS coronation clothing,True,35,0,a-outdated,"Past event (VE Day 80th, May 2025 / Coronation, May 2023 / Covid era). Products already DRAFT: keep them draft. Hide this collection from the Online Store (Products > Collections > tick > Exclude from sales channels > Online Store) and add a 301 redirect to /collections/royal-commemorative or the homepage."
KING CHARLES III CORONATION BAGS,king-charles-iii-coronation-bags,https://foxyprinting.co.uk/collections/king-charles-iii-coronation-bags,smart,TAG EQUALS coronation bags,True,2,0,a-outdated,"Past event (VE Day 80th, May 2025 / Coronation, May 2023 / Covid era). Products already DRAFT: keep them draft. Hide this collection from the Online Store (Products > Collections > tick > Exclude from sales channels > Online Store) and add a 301 redirect to /collections/royal-commemorative or the homepage."
KING CHARLES III CORONATION BEAR,king-charles-iii-coronation-bear,https://foxyprinting.co.uk/collections/king-charles-iii-coronation-bear,smart,TAG EQUALS coronation bear,True,1,0,a-outdated,"Past event (VE Day 80th, May 2025 / Coronation, May 2023 / Covid era). Products already DRAFT: keep them draft. Hide this collection from the Online Store (Products > Collections > tick > Exclude from sales channels > Online Store) and add a 301 redirect to /collections/royal-commemorative or the homepage."
KING CHARLES III CORONATION BUNTING,king-charles-iii-coronation-bunting,https://foxyprinting.co.uk/collections/king-charles-iii-coronation-bunting,smart,TAG EQUALS king bunting,True,14,0,a-outdated,"Past event (VE Day 80th, May 2025 / Coronation, May 2023 / Covid era). Products already DRAFT: keep them draft. Hide this collection from the Online Store (Products > Collections > tick > Exclude from sales channels > Online Store) and add a 301 redirect to /collections/royal-commemorative or the homepage."
KING CHARLES III CORONATION CLOTHING,king-charles-iii-coronation-clothing,https://foxyprinting.co.uk/collections/king-charles-iii-coronation-clothing,smart,TAG EQUALS coronation clothing,True,35,0,a-outdated,"Past event (VE Day 80th, May 2025 / Coronation, May 2023 / Covid era). Products already DRAFT: keep them draft. Hide this collection from the Online Store (Products > Collections > tick > Exclude from sales channels > Online Store) and add a 301 redirect to /collections/royal-commemorative or the homepage."
KING CHARLES III CORONATION COASTERS,king-charles-iii-coronation-coasters,https://foxyprinting.co.uk/collections/king-charles-iii-coronation-coasters,smart,TAG EQUALS CORONATION COASTER,True,16,0,a-outdated,"Past event (VE Day 80th, May 2025 / Coronation, May 2023 / Covid era). Products already DRAFT: keep them draft. Hide this collection from the Online Store (Products > Collections > tick > Exclude from sales channels > Online Store) and add a 301 redirect to /collections/royal-commemorative or the homepage."
KING CHARLES III CORONATION KIDS T-SHIRTS,king-charles-iii-coronation-kids-t-shirts,https://foxyprinting.co.uk/collections/king-charles-iii-coronation-kids-t-shirts,smart,TAG EQUALS kids coronation tee,True,16,0,a-outdated,"Past event (VE Day 80th, May 2025 / Coronation, May 2023 / Covid era). Products already DRAFT: keep them draft. Hide this collection from the Online Store (Products > Collections > tick > Exclude from sales channels > Online Store) and add a 301 redirect to /collections/royal-commemorative or the homepage."
KING CHARLES III CORONATION MEDALS,king-charles-iii-coronation-medals,https://foxyprinting.co.uk/collections/king-charles-iii-coronation-medals,smart,TAG EQUALS Coronation School Medals,True,48,0,a-outdated,"Past event (VE Day 80th, May 2025 / Coronation, May 2023 / Covid era). Products already DRAFT: keep them draft. Hide this collection from the Online Store (Products > Collections > tick > Exclude from sales channels > Online Store) and add a 301 redirect to /collections/royal-commemorative or the homepage."
KING CHARLES III CORONATION METAL BOTTLE,king-charles-iii-coronation-metal-bottle,https://foxyprinting.co.uk/collections/king-charles-iii-coronation-metal-bottle,smart,TAG EQUALS coronation bottle,True,2,0,a-outdated,"Past event (VE Day 80th, May 2025 / Coronation, May 2023 / Covid era). Products already DRAFT: keep them draft. Hide this collection from the Online Store (Products > Collections > tick > Exclude from sales channels > Online Store) and add a 301 redirect to /collections/royal-commemorative or the homepage."
KING CHARLES III CORONATION SNOODS,king-charles-iii-coronation-snoods,https://foxyprinting.co.uk/collections/king-charles-iii-coronation-snoods,smart,TAG EQUALS coronation snood,True,4,0,a-outdated,"Past event (VE Day 80th, May 2025 / Coronation, May 2023 / Covid era). Products already DRAFT: keep them draft. Hide this collection from the Online Store (Products > Collections > tick > Exclude from sales channels > Online Store) and add a 301 redirect to /collections/royal-commemorative or the homepage."
KING CHARLES III CORONATION TEA TOWELS,king-charles-iii-coronation-tea-towels,https://foxyprinting.co.uk/collections/king-charles-iii-coronation-tea-towels,smart,TAG EQUALS CORONATION TEA TOWEL,True,15,0,a-outdated,"Past event (VE Day 80th, May 2025 / Coronation, May 2023 / Covid era). Products already DRAFT: keep them draft. Hide this collection from the Online Store (Products > Collections > tick > Exclude from sales channels > Online Store) and add a 301 redirect to /collections/royal-commemorative or the homepage."
PRINTED CLOTHING NEW 2023,printed-clothing-new-2023,https://foxyprinting.co.uk/collections/printed-clothing-new-2023,smart,TAG EQUALS Clothing 2023 AND VARIANT_INVENTORY EQUALS 5,True,0,0,a-outdated,"Past event (VE Day 80th, May 2025 / Coronation, May 2023 / Covid era). Products already DRAFT: keep them draft. Hide this collection from the Online Store (Products > Collections > tick > Exclude from sales channels > Online Store) and add a 301 redirect to /collections/new-school-leavers or the main clothing collection."
Social Distancing Stickers Printing,social-distancing-stickers-printing,https://foxyprinting.co.uk/collections/social-distancing-stickers-printing,smart,TAG EQUALS Social,True,168,0,a-outdated,"Past event (VE Day 80th, May 2025 / Coronation, May 2023 / Covid era). Products already DRAFT: keep them draft. Hide this collection from the Online Store (Products > Collections > tick > Exclude from sales channels > Online Store) and add a 301 redirect to /collections/custom-business-stickers (once live) or /collections/all-personalised-stickers."
VE DAY BABYGROWS,ve-day-80-clothing,https://foxyprinting.co.uk/collections/ve-day-80-clothing,smart,TAG EQUALS VE80 AND TAG EQUALS VE BABYGROW,True,7,0,a-outdated,"Past event (VE Day 80th, May 2025 / Coronation, May 2023 / Covid era). Products already DRAFT: keep them draft. Hide this collection from the Online Store (Products > Collections > tick > Exclude from sales channels > Online Store) and add a 301 redirect to /collections/royal-commemorative or the homepage."
VE DAY BAGS,ve-day-bags,https://foxyprinting.co.uk/collections/ve-day-bags,smart,TAG EQUALS VE BAGS,True,7,0,a-outdated,"Past event (VE Day 80th, May 2025 / Coronation, May 2023 / Covid era). Products already DRAFT: keep them draft. Hide this collection from the Online Store (Products > Collections > tick > Exclude from sales channels > Online Store) and add a 301 redirect to /collections/royal-commemorative or the homepage."
VE DAY BANNERS,ve-day-banners,https://foxyprinting.co.uk/collections/ve-day-banners,smart,TAG EQUALS VE80 AND TAG EQUALS VE BANNER,True,22,0,a-outdated,"Past event (VE Day 80th, May 2025 / Coronation, May 2023 / Covid era). Products already DRAFT: keep them draft. Hide this collection from the Online Store (Products > Collections > tick > Exclude from sales channels > Online Store) and add a 301 redirect to /collections/royal-commemorative or the homepage."
VE DAY BAR MATS,ve-day-bar-mats,https://foxyprinting.co.uk/collections/ve-day-bar-mats,smart,TAG EQUALS VE Bar Mat,True,5,0,a-outdated,"Past event (VE Day 80th, May 2025 / Coronation, May 2023 / Covid era). Products already DRAFT: keep them draft. Hide this collection from the Online Store (Products > Collections > tick > Exclude from sales channels > Online Store) and add a 301 redirect to /collections/royal-commemorative or the homepage."
VE DAY CLOTHING & HATS,ve-day-clothing,https://foxyprinting.co.uk/collections/ve-day-clothing,smart,TAG EQUALS VE80 AND TAG EQUALS VE CLOTHING,True,29,0,a-outdated,"Past event (VE Day 80th, May 2025 / Coronation, May 2023 / Covid era). Products already DRAFT: keep them draft. Hide this collection from the Online Store (Products > Collections > tick > Exclude from sales channels > Online Store) and add a 301 redirect to /collections/royal-commemorative or the homepage."
VE DAY COASTERS,ve-day-80-party-supplies,https://foxyprinting.co.uk/collections/ve-day-80-party-supplies,smart,TAG EQUALS VE80 AND TAG EQUALS VE COASTERS,True,28,0,a-outdated,"Past event (VE Day 80th, May 2025 / Coronation, May 2023 / Covid era). Products already DRAFT: keep them draft. Hide this collection from the Online Store (Products > Collections > tick > Exclude from sales channels > Online Store) and add a 301 redirect to /collections/royal-commemorative or the homepage."
VE DAY COLOURING IN ITEMS,ve-day-80-colour-in-yourself-items,https://foxyprinting.co.uk/collections/ve-day-80-colour-in-yourself-items,smart,TAG EQUALS VE80 AND TAG EQUALS VE COLOUR IT YOURSELF,True,19,0,a-outdated,"Past event (VE Day 80th, May 2025 / Coronation, May 2023 / Covid era). Products already DRAFT: keep them draft. Hide this collection from the Online Store (Products > Collections > tick > Exclude from sales channels > Online Store) and add a 301 redirect to /collections/royal-commemorative or the homepage."
VE DAY COMMEMORATIVE PLATES,ve-day-commemorative-plates,https://foxyprinting.co.uk/collections/ve-day-commemorative-plates,smart,TAG EQUALS VE80 AND TAG EQUALS VE COMEMMORATIVE PLATES,True,7,0,a-outdated,"Past event (VE Day 80th, May 2025 / Coronation, May 2023 / Covid era). Products already DRAFT: keep them draft. Hide this collection from the Online Store (Products > Collections > tick > Exclude from sales channels > Online Store) and add a 301 redirect to /collections/royal-commemorative or the homepage."
VE DAY FLAGS,ve-day-flags,https://foxyprinting.co.uk/collections/ve-day-flags,smart,TAG EQUALS VE80 AND TAG EQUALS VE FLAGS,True,21,0,a-outdated,"Past event (VE Day 80th, May 2025 / Coronation, May 2023 / Covid era). Products already DRAFT: keep them draft. Hide this collection from the Online Store (Products > Collections > tick > Exclude from sales channels > Online Store) and add a 301 redirect to /collections/royal-commemorative or the homepage."
VE DAY HIP FLASKS,ve-day-80-hip-flasks,https://foxyprinting.co.uk/collections/ve-day-80-hip-flasks,smart,TAG EQUALS VE80 AND TAG EQUALS VE HIPFLASK,True,7,0,a-outdated,"Past event (VE Day 80th, May 2025 / Coronation, May 2023 / Covid era). Products already DRAFT: keep them draft. Hide this collection from the Online Store (Products > Collections > tick > Exclude from sales channels > Online Store) and add a 301 redirect to /collections/royal-commemorative or the homepage."
VE DAY MEDALS,ve-day-medals,https://foxyprinting.co.uk/collections/ve-day-medals,smart,TAG EQUALS VE80 AND TAG EQUALS VE MEDAL,True,14,0,a-outdated,"Past event (VE Day 80th, May 2025 / Coronation, May 2023 / Covid era). Products already DRAFT: keep them draft. Hide this collection from the Online Store (Products > Collections > tick > Exclude from sales channels > Online Store) and add a 301 redirect to /collections/royal-commemorative or the homepage."
VE DAY MUGS,ve-day-mugs,https://foxyprinting.co.uk/collections/ve-day-mugs,smart,TAG EQUALS VE80 AND TAG EQUALS VE PRINTED MUG,True,7,0,a-outdated,"Past event (VE Day 80th, May 2025 / Coronation, May 2023 / Covid era). Products already DRAFT: keep them draft. Hide this collection from the Online Store (Products > Collections > tick > Exclude from sales channels > Online Store) and add a 301 redirect to /collections/royal-commemorative or the homepage."
VE DAY PARTY BUNTING,ve-day-80-commemorative-items,https://foxyprinting.co.uk/collections/ve-day-80-commemorative-items,smart,TAG EQUALS VE80 AND TAG EQUALS VE BUNTING,True,10,0,a-outdated,"Past event (VE Day 80th, May 2025 / Coronation, May 2023 / Covid era). Products already DRAFT: keep them draft. Hide this collection from the Online Store (Products > Collections > tick > Exclude from sales channels > Online Store) and add a 301 redirect to /collections/royal-commemorative or the homepage."
VE DAY PERFECT FOR SCHOOLS ITEMS,ve-day-perfect-for-schools-items,https://foxyprinting.co.uk/collections/ve-day-perfect-for-schools-items,smart,TAG EQUALS VE SCHOOL ITEMS,True,56,0,a-outdated,"Past event (VE Day 80th, May 2025 / Coronation, May 2023 / Covid era). Products already DRAFT: keep them draft. Hide this collection from the Online Store (Products > Collections > tick > Exclude from sales channels > Online Store) and add a 301 redirect to /collections/royal-commemorative or the homepage."
VE DAY PINS,ve-day-pins,https://foxyprinting.co.uk/collections/ve-day-pins,smart,TAG EQUALS VE80 AND TAG EQUALS VE PIN,True,28,0,a-outdated,"Past event (VE Day 80th, May 2025 / Coronation, May 2023 / Covid era). Products already DRAFT: keep them draft. Hide this collection from the Online Store (Products > Collections > tick > Exclude from sales channels > Online Store) and add a 301 redirect to /collections/royal-commemorative or the homepage."
VE DAY STICKERS,ve-day-stickers,https://foxyprinting.co.uk/collections/ve-day-stickers,smart,TAG EQUALS VE80 AND TAG EQUALS VE STICKERS,True,14,0,a-outdated,"Past event (VE Day 80th, May 2025 / Coronation, May 2023 / Covid era). Products already DRAFT: keep them draft. Hide this collection from the Online Store (Products > Collections > tick > Exclude from sales channels > Online Store) and add a 301 redirect to /collections/royal-commemorative or the homepage."
VE DAY TEA TOWELS,ve-day-tea-towels,https://foxyprinting.co.uk/collections/ve-day-tea-towels,smart,TAG EQUALS VE80 AND TAG EQUALS VE TEA TOWEL,True,7,0,a-outdated,"Past event (VE Day 80th, May 2025 / Coronation, May 2023 / Covid era). Products already DRAFT: keep them draft. Hide this collection from the Online Store (Products > Collections > tick > Exclude from sales channels > Online Store) and add a 301 redirect to /collections/royal-commemorative or the homepage."
VE Day 80th Anniversary Collection - Victory in Europe,ve-day-80th-anniversary-collection-victory-in-europe,https://foxyprinting.co.uk/collections/ve-day-80th-anniversary-collection-victory-in-europe,smart,TAG EQUALS VE80,True,213,0,a-outdated,"Past event (VE Day 80th, May 2025 / Coronation, May 2023 / Covid era). Products already DRAFT: keep them draft. Hide this collection from the Online Store (Products > Collections > tick > Exclude from sales channels > Online Store) and add a 301 redirect to /collections/royal-commemorative or the homepage."
king charles coronation mug,king-charles-coronation-mug,https://foxyprinting.co.uk/collections/king-charles-coronation-mug,smart,TAG EQUALS king mug,True,12,0,a-outdated,"Past event (VE Day 80th, May 2025 / Coronation, May 2023 / Covid era). Products already DRAFT: keep them draft. Hide this collection from the Online Store (Products > Collections > tick > Exclude from sales channels > Online Store) and add a 301 redirect to /collections/royal-commemorative or the homepage."
ALL ATARI POSTERS,atari-posters,https://foxyprinting.co.uk/collections/atari-posters,smart,TAG EQUALS ATARI POSTERS,True,293,0,b-draft-or-archived,"293 Atari posters set to DRAFT on 7 Oct 2026 (not by this audit). Retro game box art / console logos are off-limits online (owner rule 6 Oct), so keep them draft and hide this collection from the Online Store. Do NOT reactivate."
ATARI 7800 POSTERS,atari-7800-posters,https://foxyprinting.co.uk/collections/atari-7800-posters,smart,TAG EQUALS ATARI 7800 POSTERS,True,34,0,b-draft-or-archived,"34 Atari 7800 posters DRAFT since 7 Oct; same as ALL ATARI POSTERS: keep draft, hide collection."
ATARI JAGUAR,atari-jaguar,https://foxyprinting.co.uk/collections/atari-jaguar,smart,TAG EQUALS atari-jaguar,True,32,0,b-draft-or-archived,"32 Atari Jaguar replacement cases DRAFT (6 Oct); console/publisher artwork risk: keep draft, hide collection."
Design Your Own Leavers Hoodies 2026,design-your-own-leavers-hoodies-2026,https://foxyprinting.co.uk/collections/design-your-own-leavers-hoodies-2026,smart,TAG EQUALS range-leavers-designer,True,3,0,b-draft-or-archived,"3 leavers designer products in DRAFT (created 8 Oct, waiting for the owner). Goes live when you approve them; nothing to make."
Errea Sports Bags,errea-bags,https://foxyprinting.co.uk/collections/errea-bags,smart,TAG EQUALS ERREA BAG,True,4,0,b-draft-or-archived,"4 Errea trolley bags are UNLISTED (old RRP stock, Errea brand). Hide the collection, or relist only if you still have the stock."
Plaques & occasion gifts,plaques-occasion-gifts,https://foxyprinting.co.uk/collections/plaques-occasion-gifts,manual,MANUAL,True,4,0,b-draft-or-archived,"Its 4 ACTIVE products (club-name bottle-opener plaques: Chelsea, Arsenal, Aston Villa, Bournemouth) are not on the Online Store (left alone on 6 Oct). FIXED 8 Oct: added 5 live plaques/photo tiles/award trophy. Owner: check the club plaques for crests before putting them on the website."
I LOVE CELEBRITY MUGS,i-love-celebrity-mugs,https://foxyprinting.co.uk/collections/i-love-celebrity-mugs,smart,TAG EQUALS I Love Celebrity,True,0,0,c-rule-fixed,FIXED: rule now also TITLE CONTAINS 'I Love Celebrity' (about 495 mugs).
Personalised Flask,personalised-flask,https://foxyprinting.co.uk/collections/personalised-flask,smart,TAG EQUALS personalised flask,True,0,0,c-rule-fixed,FIXED: rule now also TAG = hip flask (Personalised Hip Flask). Near-empty (1).
RuPaul's Drag Race Face Masks,ru-pauls-drag-race,https://foxyprinting.co.uk/collections/ru-pauls-drag-race,smart,TAG EQUALS RU PAULS DRAG RACE,True,0,0,c-rule-fixed,FIXED: rule now TAG = RU PAULS DRAG RACE OR TAG = Ru Paul Drag Race (RuPaul + Michelle Visage masks; tag spelling differed). Near-empty: add more Drag Race masks.
Stag & Hen Party Products,stag-hen-ideas,https://foxyprinting.co.uk/collections/stag-hen-ideas,smart,TAG EQUALS STAG & HEN IDEAS,True,0,0,c-rule-fixed,FIXED: now a hub of stag & hen masks + stag/hen T-shirts (TAG STAG & HEN PARTY FACE MASKS / STAG DOO T-SHIRTS / Stag T-Shirts / Hen T-Shirts / stag-do / hen-party).
The Voice Face Masks,the-voice,https://foxyprinting.co.uk/collections/the-voice,smart,TAG EQUALS THE VOICE,True,0,0,c-rule-fixed,"FIXED: tag THE VOICE added to 12 coach/presenter masks (will.i.am, Tom Jones, Danny Jones, Anne-Marie, Emma Willis, Rita Ora, Boy George, Holly Willoughby)."
Unicorn Santa Sacks,unicorn-santa-sacks,https://foxyprinting.co.uk/collections/unicorn-santa-sacks,smart,TAG EQUALS UNICORN SANTA SACKS,True,0,0,c-rule-fixed,FIXED: rule now TITLE CONTAINS Unicorn AND TAG = Santa Sacks (10 Personalised Unicorn Santa Sacks). Old tag UNICORN SANTA SACKS was on no product.
ART POSTERS,art-poster,https://foxyprinting.co.uk/collections/art-poster,smart,TAG EQUALS Art poster,True,0,0,d-genuine,New product made 8 Oct (see README).
CHEEKY MUGS,cheeky-mugs,https://foxyprinting.co.uk/collections/cheeky-mugs,smart,TAG EQUALS Cheeky Mugs,True,0,0,d-genuine,New product made 8 Oct (see README).
I LIKE... MUGS,i-like-mugs,https://foxyprinting.co.uk/collections/i-like-mugs,smart,TAG EQUALS I Like... Mugs,True,0,0,d-genuine,New product made 8 Oct (see README).
I USED TO DRIVE MUGS,i-used-to-drive-mugs,https://foxyprinting.co.uk/collections/i-used-to-drive-mugs,smart,TAG EQUALS I Used To Drive Mugs,True,0,0,d-genuine,New product made 8 Oct (see README).
I'VE GOT MUGS,ive-got-mugs,https://foxyprinting.co.uk/collections/ive-got-mugs,smart,TAG EQUALS I've Got Mugs,True,0,0,d-genuine,New product made 8 Oct (see README).
TRUST ME I'M A... MUGS,trust-me-im-a-mugs,https://foxyprinting.co.uk/collections/trust-me-im-a-mugs,smart,TAG EQUALS Trust Me I'm A... Mugs,True,0,0,d-genuine,New product made 8 Oct (see README).
A6 Movie and Film Poster Card Packs,a6-movie-and-film-poster-card-packs,https://foxyprinting.co.uk/collections/a6-movie-and-film-poster-card-packs,smart,TAG EQUALS Movie Posters AND TAG EQUALS A6 Card Packs,True,0,0,d-queue,"Needs film-poster artwork for a 6-card A6 pack (studio/poster art is a trademark risk). Queue: owner to say which films/actors (celebrity faces are fine, no logos)."
A6 Printed Signature F1 Poster Card Packs,a6-autographed-f1-poster-card-packs,https://foxyprinting.co.uk/collections/a6-autographed-f1-poster-card-packs,smart,TAG EQUALS F1 Posters AND TAG EQUALS A6 Card Packs,True,0,0,d-queue,Needs 6 F1 driver printed-signature prints for an A6 pack (no team logos). Queue: build from the existing F1 printed-signature posters once the owner OKs it.
THIS GUY IS,this-guy-is,https://foxyprinting.co.uk/collections/this-guy-is,smart,TAG EQUALS this guy is,True,0,0,e-duplicate,Duplicate of a live collection. Hide it and 301 redirect to /collections/this-guy (live This Guy mugs).
THIS IS MY BIRTHDAY MUGS,this-is-my-birthday-mugs,https://foxyprinting.co.uk/collections/this-is-my-birthday-mugs,smart,TAG EQUALS This is my birthday Mugs,True,0,0,e-duplicate,Duplicate of a live collection. Hide it and 301 redirect to /collections/this-is-my-birthday-mug (live one).
3DO CASES,3do-case,https://foxyprinting.co.uk/collections/3do-case,smart,TAG EQUALS 3DO-Case,False,0,0,hidden,"Not on the Online Store, so Google can't see it. Leave hidden (or tidy up later)."
ALL ATARI KEYRINGS,all-atari-keyrings,https://foxyprinting.co.uk/collections/all-atari-keyrings,smart,TAG EQUALS ATARI JAGUAR CD KEYRINGS OR TAG EQUALS ATARI 2600 KEYRINGS OR TAG EQUALS ATARI 5200 KEYRINGS OR TAG EQUALS ATARI 7800 KEYRINGS OR TAG EQUALS ATARI XE KEYRINGS,False,346,0,hidden,"Not on the Online Store, so Google can't see it. Leave hidden (or tidy up later)."
ALL ATARI MAGNETS,all-atari-magnets,https://foxyprinting.co.uk/collections/all-atari-magnets,smart,TAG EQUALS ATARI 2600 OR TAG EQUALS ATARI 5200 OR TAG EQUALS ATARI 7800 MAGNETS OR TAG EQUALS ATARI JAGUAR CD MAGNETS OR TAG EQUALS ATARI XE MAGNETS,False,345,0,hidden,"Not on the Online Store, so Google can't see it. Leave hidden (or tidy up later)."
ATARI 2600 KEYRINGS,atari-2600-keyrings,https://foxyprinting.co.uk/collections/atari-2600-keyrings,smart,TAG EQUALS ATARI 2600 KEYRINGS,False,154,0,hidden,"Not on the Online Store, so Google can't see it. Leave hidden (or tidy up later)."
ATARI 5200 COVERS,atari-5200-covers,https://foxyprinting.co.uk/collections/atari-5200-covers,smart,TAG EQUALS atari-5200,False,212,0,hidden,"Not on the Online Store, so Google can't see it. Leave hidden (or tidy up later)."
ATARI 5200 KEYRINGS,atari-5200-keyrings,https://foxyprinting.co.uk/collections/atari-5200-keyrings,smart,TAG EQUALS ATARI 5200 KEYRINGS,False,108,0,hidden,"Not on the Online Store, so Google can't see it. Leave hidden (or tidy up later)."
ATARI 7800 KEYRINGS,atari-7800-keyrings,https://foxyprinting.co.uk/collections/atari-7800-keyrings,smart,TAG EQUALS ATARI 7800 KEYRINGS,False,48,0,hidden,"Not on the Online Store, so Google can't see it. Leave hidden (or tidy up later)."
ATARI 7800 REPLACEMENT GAME CASES,atari-7800,https://foxyprinting.co.uk/collections/atari-7800,smart,TAG EQUALS atari-7800,False,95,0,hidden,"Not on the Online Store, so Google can't see it. Leave hidden (or tidy up later)."
ATARI JAGUAR CD,atari-jaguar-cd,https://foxyprinting.co.uk/collections/atari-jaguar-cd,smart,TAG EQUALS atari-jaguar-cd,False,1,0,hidden,"Not on the Online Store, so Google can't see it. Leave hidden (or tidy up later)."
ATARI JAGUAR CD KEYRINGS,atari-jaguar-cd-keyrings,https://foxyprinting.co.uk/collections/atari-jaguar-cd-keyrings,smart,TAG EQUALS ATARI JAGUAR CD KEYRINGS,False,28,0,hidden,"Not on the Online Store, so Google can't see it. Leave hidden (or tidy up later)."
ATARI XE KEYRINGS,atari-xe-keyrings,https://foxyprinting.co.uk/collections/atari-xe-keyrings,smart,TAG EQUALS ATARI XE KEYRINGS,False,8,0,hidden,"Not on the Online Store, so Google can't see it. Leave hidden (or tidy up later)."
Custom Business Stickers,custom-business-stickers,https://foxyprinting.co.uk/collections/custom-business-stickers,smart,TAG EQUALS business-stickers,False,21,0,hidden,"Not on the Online Store, so Google can't see it. Leave hidden (or tidy up later)."
Digital Goods VAT Tax,digital-goods-vat-tax,https://foxyprinting.co.uk/collections/digital-goods-vat-tax,manual,MANUAL,False,0,0,hidden,"Not on the Online Store, so Google can't see it. Leave hidden (or tidy up later)."
Intelivision Cases,intelivision-cases,https://foxyprinting.co.uk/collections/intelivision-cases,smart,TAG EQUALS Intelivision-Cases,False,0,0,hidden,"Not on the Online Store, so Google can't see it. Leave hidden (or tidy up later)."
MOVIE & TV SHOW PHONE CASES,movie-tv-show-phone-cases,https://foxyprinting.co.uk/collections/movie-tv-show-phone-cases,smart,TAG EQUALS Movie & TV Show Phone Cases,False,0,0,hidden,"Not on the Online Store, so Google can't see it. Leave hidden (or tidy up later)."
NES CANVAS,nes-canvas,https://foxyprinting.co.uk/collections/nes-canvas,smart,TAG EQUALS NES CANVAS,False,0,0,hidden,"Not on the Online Store, so Google can't see it. Leave hidden (or tidy up later)."
NINTENDO CANVAS,nintendo-canvas,https://foxyprinting.co.uk/collections/nintendo-canvas,smart,TAG EQUALS NES CANVAS,False,0,0,hidden,"Not on the Online Store, so Google can't see it. Leave hidden (or tidy up later)."
New in,new-in,https://foxyprinting.co.uk/collections/new-in,manual,MANUAL,False,0,0,hidden,"Not on the Online Store, so Google can't see it. Leave hidden (or tidy up later)."
Other Console Cases,other-console-cases,https://foxyprinting.co.uk/collections/other-console-cases,smart,TAG EQUALS Colevision-Case AND TAG EQUALS Amiga-CD-Case AND TAG EQUALS Jaguar CD AND TAG EQUALS Odyssey-2-Case,False,0,0,hidden,"Not on the Online Store, so Google can't see it. Leave hidden (or tidy up later)."
REPLACEMENT GAME CASES,replacement-game-cases,https://foxyprinting.co.uk/collections/replacement-game-cases,smart,TAG EQUALS Replacement Game Cases,False,0,0,hidden,"Not on the Online Store, so Google can't see it. Leave hidden (or tidy up later)."
RETRO GAME CANVAS,retro-game-canvas,https://foxyprinting.co.uk/collections/retro-game-canvas,smart,TAG EQUALS RETRO GAME CANVAS,False,0,0,hidden,"Not on the Online Store, so Google can't see it. Leave hidden (or tidy up later)."
SEGA MAGNETS,sega-posters,https://foxyprinting.co.uk/collections/sega-posters,smart,TAG EQUALS Sega Magnets,False,0,0,hidden,"Not on the Online Store, so Google can't see it. Leave hidden (or tidy up later)."
Xbox 360 Cases,xbox-360-cases,https://foxyprinting.co.uk/collections/xbox-360-cases,smart,TAG EQUALS Xbox-Cases,False,0,0,hidden,"Not on the Online Store, so Google can't see it. Leave hidden (or tidy up later)."
VE Day Bunting,ve-day-bunting,https://foxyprinting.co.uk/collections/ve-day-bunting,smart,TAG EQUALS veday,False,8,1,a-outdated,Dated (VE Day 80 / Euro 2021). Hide from the Online Store; draft the products.
Wales Football Face Masks,wales-2021-football-face-masks,https://foxyprinting.co.uk/collections/wales-2021-football-face-masks,smart,TAG EQUALS WALES 2021,True,1,1,a-outdated,Dated (VE Day 80 / Euro 2021). Hide from the Online Store; draft the products.
NINTENDO GAMEBOY ADVANCE,nintendo-gameboy-advance,https://foxyprinting.co.uk/collections/nintendo-gameboy-advance,smart,TAG EQUALS Nintendo Gameboy Advance Case,False,1,1,hidden,Not on the Online Store: no Google impact.
NINTENDO64,nintendo64,https://foxyprinting.co.uk/collections/nintendo64,smart,TAG EQUALS Nintendo64,False,1,1,hidden,Not on the Online Store: no Google impact.
Cricket Printed Signature Posters,cricket-player-signed-prints,https://foxyprinting.co.uk/collections/cricket-player-signed-prints,smart,TAG EQUALS cricket player Autograph,True,1,1,near-empty,1-2 visible products: add more products when making new lines.
Father's Day,occasion-fathers-day,https://foxyprinting.co.uk/collections/occasion-fathers-day,manual,MANUAL,True,6,1,near-empty,1-2 visible products: add more products when making new lines.
Hen Party Face Masks,hen-party-face-masks,https://foxyprinting.co.uk/collections/hen-party-face-masks,smart,TAG EQUALS hen-party AND TAG EQUALS personalised-face-mask,True,1,1,near-empty,1-2 visible products: add more products when making new lines.
I Love Personalised Mugs,i-love-mugs,https://foxyprinting.co.uk/collections/i-love-mugs,smart,TAG EQUALS I Love.... Mugs,True,1,1,near-empty,1-2 visible products: add more products when making new lines.
Manufactured in Mugs,manufacured-in-mugs,https://foxyprinting.co.uk/collections/manufacured-in-mugs,smart,TAG EQUALS Manufacured In Mugs,True,1,1,near-empty,1-2 visible products: add more products when making new lines.
Mother's Day Mugs,mothersday-mugs,https://foxyprinting.co.uk/collections/mothersday-mugs,smart,TAG EQUALS mothers day AND TAG EQUALS printed mug,True,1,1,near-empty,1-2 visible products: add more products when making new lines.
My Celebrity Lover Mugs,my-celebrity-lover,https://foxyprinting.co.uk/collections/my-celebrity-lover,smart,TAG EQUALS Celebrity Lover,True,1,1,near-empty,1-2 visible products: add more products when making new lines.
My Future Wife Mugs,the-future-mrs-your-name,https://foxyprinting.co.uk/collections/the-future-mrs-your-name,smart,TAG EQUALS Celebrity Mrs,True,1,1,near-empty,1-2 visible products: add more products when making new lines.
Personalised Backpacks,personalised-backpack,https://foxyprinting.co.uk/collections/personalised-backpack,smart,TAG EQUALS personalised backpack,True,1,1,near-empty,1-2 visible products: add more products when making new lines.
Personalised Cufflinks,new-cufflinks,https://foxyprinting.co.uk/collections/new-cufflinks,smart,TAG EQUALS cufflinks,True,1,1,near-empty,1-2 visible products: add more products when making new lines.
Personalised Doormats,personalised-doormat,https://foxyprinting.co.uk/collections/personalised-doormat,smart,TAG EQUALS PERSONALISED DOORMAT,True,1,1,near-empty,1-2 visible products: add more products when making new lines.
Personalised Mugs,personalised-mug,https://foxyprinting.co.uk/collections/personalised-mug,smart,TAG EQUALS personalised mug 1,True,1,1,near-empty,1-2 visible products: add more products when making new lines.
Personalised Posters,personalised-poster,https://foxyprinting.co.uk/collections/personalised-poster,smart,TAG EQUALS personalised poster,True,1,1,near-empty,1-2 visible products: add more products when making new lines. (Owner: rule could include the word-art prints instead.)
Personalised Sweet Wrappers,kit-kat-labels,https://foxyprinting.co.uk/collections/kit-kat-labels,smart,TAG EQUALS kitkat labels,True,1,1,near-empty,1-2 visible products: add more products when making new lines.
Personalised Water Bottles,personalised-water-bottle,https://foxyprinting.co.uk/collections/personalised-water-bottle,smart,TAG EQUALS personalised water bottle,True,1,1,near-empty,1-2 visible products: add more products when making new lines.
REWARD STICKERS,reward-stickers,https://foxyprinting.co.uk/collections/reward-stickers,smart,TAG EQUALS Reward Stickers,True,1,1,near-empty,1-2 visible products: add more products when making new lines.
Retro Football Posters,retro-football-posters,https://foxyprinting.co.uk/collections/retro-football-posters,smart,TAG EQUALS Retro Football Posters,True,1,1,near-empty,1-2 visible products: add more products when making new lines.
Stag Do Face Masks,stag-do-face-masks,https://foxyprinting.co.uk/collections/stag-do-face-masks,smart,TAG EQUALS stag-do AND TAG EQUALS personalised-face-mask,True,1,1,near-empty,1-2 visible products: add more products when making new lines.
NINTENDO GAMEBOY,nintendo-gameboy,https://foxyprinting.co.uk/collections/nintendo-gameboy,smart,TAG EQUALS Nintendo-Gameboy,False,2,2,hidden,Not on the Online Store: no Google impact.
Clearance Zone,clarence-zone,https://foxyprinting.co.uk/collections/clarence-zone,smart,TAG EQUALS Clarence Zone,True,2,2,near-empty,1-2 visible products: add more products when making new lines.
Controller & Console Skins,new-gamer-skins,https://foxyprinting.co.uk/collections/new-gamer-skins,smart,TAG EQUALS range-gamer-skins,True,2,2,near-empty,1-2 visible products: add more products when making new lines.
Custom Video Game Cases,new-custom-game-cases,https://foxyprinting.co.uk/collections/new-custom-game-cases,smart,TAG EQUALS range-custom-game-cases,True,2,2,near-empty,1-2 visible products: add more products when making new lines.
Memorial & Remembrance,new-memorial,https://foxyprinting.co.uk/collections/new-memorial,smart,TAG EQUALS range-memorial,True,2,2,near-empty,1-2 visible products: add more products when making new lines.
PerfectDraft Music Skins,music-skins,https://foxyprinting.co.uk/collections/music-skins,smart,TAG EQUALS perfect skin music,True,2,2,near-empty,1-2 visible products: add more products when making new lines.
School Leavers & Club Hoodies,new-school-leavers,https://foxyprinting.co.uk/collections/new-school-leavers,smart,TAG EQUALS range-school-leavers,True,11,2,near-empty,1-2 visible products: add more products when making new lines.
