product_handle,title,google_youtube,facebook_instagram,tiktok,logo_on_image
newcastle-1995-retro-football-lightweight-beach-gym-towel,"Newcastle 1995 Retro Football Lightweight Beach Gym Towel",yes,yes,yes,yes
dunfermline-athletic-1995-retro-football-lightweight-beach-gym-towel,"Dunfermline Athletic 1995 Retro Football Lightweight Beach Gym Towel",yes,yes,yes,yes
oldham-1993-retro-football-lightweight-beach-gym-towel,"Oldham 1993 Retro Football Lightweight Beach Gym Towel",yes,yes,yes,yes
mansfield-1996-retro-football-lightweight-beach-gym-towel,"Mansfield 1996 Retro Football Lightweight Beach Gym Towel",yes,yes,yes,yes
bradford-city-1987-retro-football-lightweight-beach-gym-towel,"Bradford City 1987 Retro Football Lightweight Beach Gym Towel",yes,yes,yes,yes
sunderland-1991-away-retro-football-lightweight-beach-gym-towel,"Sunderland 1991 Away Retro Football Lightweight Beach Gym Towel",yes,yes,yes,yes
stockport-county-1992-retro-football-lightweight-beach-gym-towel,"Stockport County 1992 Retro Football Lightweight Beach Gym Towel",yes,yes,yes,yes
bristol-rovers-1995-retro-football-lightweight-beach-gym-towel,"Bristol Rovers 1995 Retro Football Lightweight Beach Gym Towel",yes,yes,yes,yes
newcastle-1993-retro-football-lightweight-beach-gym-towel-1,"Newcastle 1993 Retro Football Lightweight Beach Gym Towel",yes,yes,yes,yes
coventry-1987-retro-football-lightweight-beach-gym-towel,"Coventry 1987 Retro Football Lightweight Beach Gym Towel",yes,yes,yes,yes
oldham-roughyeds-retro-rugby-lightweight-beach-gym-towel,"Oxford United Retro Football Lightweight Beach Gym Towel",yes,yes,yes,yes
hull-1992-retro-football-lightweight-beach-gym-towel,"Hull 1992 Retro Football Lightweight Beach Gym Towel",yes,yes,yes,yes
crystal-palace-1996-retro-football-lightweight-beach-gym-towel,"Crystal Palace 1996 Retro Football Lightweight Beach Gym Towel",yes,yes,yes,yes
blackburn-1994-retro-football-lightweight-beach-gym-towel,"Blackburn 1994 Retro Football Lightweight Beach Gym Towel",yes,yes,yes,yes
port-vale-1991-retro-football-lightweight-beach-gym-towel,"Port Vale 1991 Retro Football Lightweight Beach Gym Towel",yes,yes,yes,yes
sunderland-1991-retro-football-lightweight-beach-gym-towel,"Sunderland 1991 Retro Football Lightweight Beach Gym Towel",yes,yes,yes,yes
shrewsbury-town-1992-retro-football-lightweight-beach-gym-towel,"Shrewsbury Town 1992 Retro Football Lightweight Beach Gym Towel",yes,yes,yes,yes
man-utd-1990-away-retro-football-lightweight-beach-gym-towel-1,"Man Utd 1990 Away Retro Football Lightweight Beach Gym Towel",yes,yes,yes,yes
leicester-1987-retro-football-lightweight-beach-gym-towel-1,"Leicester 1987 Retro Football Lightweight Beach Gym Towel",yes,yes,yes,yes
hearts-1993-retro-football-lightweight-beach-gym-towel,"Hearts 1993 Retro Football Lightweight Beach Gym Towel",yes,yes,yes,yes
dundee-united-1984-retro-football-lightweight-beach-gym-towel,"Dundee United 1984 Retro Football Lightweight Beach Gym Towel",yes,yes,yes,yes
hartlepool-1991-retro-football-lightweight-beach-gym-towel,"Hartlepool 1991 Retro Football Lightweight Beach Gym Towel",yes,yes,yes,yes
wigan-1995-retro-football-lightweight-beach-gym-towel,"Wigan 1995 Retro Football Lightweight Beach Gym Towel",yes,yes,yes,yes
oldham-1991-away-retro-football-lightweight-beach-gym-towel,"Oldham 1991 Away Retro Football Lightweight Beach Gym Towel",yes,yes,yes,yes
cambridge-united-retro-football-lightweight-beach-gym-towel,"Cambridge United Retro Football Lightweight Beach Gym Towel",yes,yes,yes,yes
leeds-united-1989-away-retro-football-lightweight-beach-gym-towel,"Leeds United 1989 Away Retro Football Lightweight Beach Gym Towel",yes,yes,yes,yes
aston-villa-1988-retro-football-lightweight-beach-gym-towel,"Aston Villa 1988 Retro Football Lightweight Beach Gym Towel",yes,yes,yes,yes
wolves-1996-away-retro-football-lightweight-beach-gym-towel,"Wolves 1996 Away Retro Football Lightweight Beach Gym Towel",yes,yes,yes,yes
west-ham-1993-retro-football-lightweight-beach-gym-towel,"West Ham 1993 Retro Football Lightweight Beach Gym Towel",yes,yes,yes,yes
salford-retro-rugby-lightweight-beach-gym-towel,"Sheff Utd 1990 Retro Football Lightweight Beach Gym Towel",yes,yes,yes,yes
portsmouth-1991-retro-football-lightweight-beach-gym-towel,"Portsmouth 1991 Retro Football Lightweight Beach Gym Towel",yes,yes,yes,yes
portsmouth-1987-retro-football-lightweight-beach-gym-towel,"Portsmouth 1987 Retro Football Lightweight Beach Gym Towel",yes,yes,yes,yes
middlesbrough-1992-retro-football-lightweight-beach-gym-towel,"Middlesbrough 1992 Retro Football Lightweight Beach Gym Towel",yes,yes,yes,yes
charlton-athletic-1981-retro-football-lightweight-beach-gym-towel,"Charlton Athletic 1981 Retro Football Lightweight Beach Gym Towel",yes,yes,yes,yes
leyton-orient-1980-retro-football-lightweight-beach-gym-towel,"Leyton Orient 1980 Retro Football Lightweight Beach Gym Towel",yes,yes,yes,yes
carlisle-1995-away-retro-football-lightweight-beach-gym-towel,"Carlisle 1995 Away Retro Football Lightweight Beach Gym Towel",yes,yes,yes,yes
kilmarnock-1991-retro-football-lightweight-beach-gym-towel,"Kilmarnock 1991 Retro Football Lightweight Beach Gym Towel",yes,yes,yes,yes
dundee-united-2009-retro-football-lightweight-beach-gym-towel,"Dundee United 2009 Retro Football Lightweight Beach Gym Towel",yes,yes,yes,yes
aston-villa-1993-goalkeeper-retro-football-lightweight-beach-gym-towel,"Aston Villa 1993 Goalkeeper Retro Football Lightweight Beach Gym Towel",yes,yes,yes,yes
notts-county-1993-retro-football-lightweight-beach-gym-towel,"Notts County 1993 Retro Football Lightweight Beach Gym Towel",yes,yes,yes,yes
cop,"Wycombe Wanderers Retro Football Lightweight Beach Gym Towel",yes,yes,yes,yes
wolves-1991-retro-football-lightweight-beach-gym-towel,"Wolves 1991 Retro Football Lightweight Beach Gym Towel",yes,yes,yes,yes
wimbledon-1986-retro-football-lightweight-beach-gym-towel,"Wimbledon 1986 Retro Football Lightweight Beach Gym Towel",yes,yes,yes,yes
west-brom-1992-yellow-retro-football-lightweight-beach-gym-towel,"West Brom 1992 Yellow Retro Football Lightweight Beach Gym Towel",yes,yes,yes,yes
west-brom-1992-retro-football-lightweight-beach-gym-towel,"West Brom 1992 Retro Football Lightweight Beach Gym Towel",yes,yes,yes,yes
the-north-london-1985-retro-football-lightweight-beach-gym-towel,"The North London 1985 Retro Football Lightweight Beach Gym Towel",yes,yes,yes,yes
sunderland-1994-goalkeeper-retro-football-lightweight-beach-gym-towel,"Sunderland 1994 Goalkeeper Retro Football Lightweight Beach Gym Towel",yes,yes,yes,yes
southampton-1993-retro-football-lightweight-beach-gym-towel,"Southampton 1993 Retro Football Lightweight Beach Gym Towel",yes,yes,yes,yes
qpr-1985-retro-football-lightweight-beach-gym-towel,"QPR 1985 Retro Football Lightweight Beach Gym Towel",yes,yes,yes,yes
nottingham-forest-1994-retro-football-lightweight-beach-gym-towel,"Nottingham Forest 1994 Retro Football Lightweight Beach Gym Towel",yes,yes,yes,yes
millwall-1994-retro-football-lightweight-beach-gym-towel,"Millwall 1994 Retro Football Lightweight Beach Gym Towel",yes,yes,yes,yes
middlesbrough-1994-green-retro-football-lightweight-beach-gym-towel,"Middlesbrough 1994 Green Retro Football Lightweight Beach Gym Towel",yes,yes,yes,yes
man-utd-1992-green-retro-football-lightweight-beach-gym-towel-1,"Man Utd 1992 Green Retro Football Lightweight Beach Gym Towel",yes,yes,yes,yes
luton-town-1982-retro-football-lightweight-beach-gym-towel,"Luton Town 1982 Retro Football Lightweight Beach Gym Towel",yes,yes,yes,yes
huddersfield-1991-away-retro-football-lightweight-beach-gym-towel,"Huddersfield 1991 Away Retro Football Lightweight Beach Gym Towel",yes,yes,yes,yes
everton-1991-away-retro-football-lightweight-beach-gym-towel-1,"Everton 1991 Away Retro Football Lightweight Beach Gym Towel",yes,yes,yes,yes
newcastle-1995-goalkeeper-retro-football-lightweight-beach-gym-towel,"Newcastle 1995 Goalkeeper Retro Football Lightweight Beach Gym Towel",yes,yes,yes,yes
birmingham-1992-retro-football-lightweight-beach-gym-towel,"Birmingham 1992 Retro Football Lightweight Beach Gym Towel",yes,yes,yes,yes
wrexham-personalised-football-dream-team-beach-towel,"Wrexham Personalised Football Dream Team Beach Towel",no,no,no,no
wolves-personalised-football-dream-team-beach-towel,"Wolves Personalised Football Dream Team Beach Towel",no,no,no,no
west-ham-personalised-football-dream-team-beach-towel,"West Ham Personalised Football Dream Team Beach Towel",no,no,no,no
west-brom-personalised-football-dream-team-beach-towel,"West Brom Personalised Football Dream Team Beach Towel",no,no,no,no
toittenham-personalised-football-dream-team-beach-towel,"Tottenham Personalised Football Dream Team Beach Towel",no,no,no,no
stoke-city-personalised-football-dream-team-beach-towel,"Stoke City Personalised Football Dream Team Beach Towel",no,no,no,no
sheffield-united-personalised-football-dream-team-beach-towel,"Sheffield United Personalised Football Dream Team Beach Towel",no,no,no,no
rangers-personalised-football-dream-team-beach-towel,"Rangers Personalised Football Dream Team Beach Towel",no,no,no,no
nottingham-fr-personalised-football-dream-team-beach-towel,"Nottingham Forest Personalised Football Dream Team Beach Towel",no,no,no,no
newcastle-united-personalised-football-dream-team-beach-towel,"Newcastle United Personalised Football Dream Team Beach Towel",no,no,no,no
man-united-personalised-football-dream-team-beach-towel,"Man United Personalised Football Dream Team Beach Towel",no,no,no,no
man-city-personalised-football-dream-team-beach-towel,"Man City Personalised Football Dream Team Beach Towel",no,no,no,no
luton-town-personalised-football-dream-team-beach-towel,"Luton Town Personalised Football Dream Team Beach Towel",no,no,no,no
liverpool-personalised-football-dream-team-beach-towel,"Liverpool Personalised Football Dream Team Beach Towel",no,no,no,no
leicester-city-personalised-football-dream-team-beach-towel,"Leicester City Personalised Football Dream Team Beach Towel",no,no,no,no
leeds-personalised-football-dream-team-beach-towel,"Leeds Personalised Football Dream Team Beach Towel",no,no,no,no
fulham-personalised-football-dream-team-beach-towel,"Fulham Personalised Football Dream Team Beach Towel",no,no,no,no
everton-personalised-football-dream-team-beach-towel,"Everton Personalised Football Dream Team Beach Towel",no,no,no,no
crystal-palace-personalised-football-dream-team-beach-towel,"Crystal Palace Personalised Football Dream Team Beach Towel",no,no,no,no
covenry-city-personalised-football-dream-team-beach-towel,"Coventry City Personalised Football Dream Team Beach Towel",no,no,no,no
chelsea-personalised-football-dream-team-beach-towel,"Chelsea Personalised Football Dream Team Beach Towel",no,no,no,no
celtic-personalised-football-dream-team-beach-towel,"Celtic Personalised Football Dream Team Beach Towel",no,no,no,no
cardiff-city-personalised-football-dream-team-beach-towel,"Cardiff City Personalised Football Dream Team Beach Towel",no,no,no,no
burnley-fc-personalised-football-dream-team-beach-towel,"Burnley FC Personalised Football Dream Team Beach Towel",no,no,no,no
brentford-personalised-football-dream-team-beach-towel,"Brentford Personalised Football Dream Team Beach Towel",no,no,no,no
birmingham-city-personalised-football-dream-team-beach-towel,"Birmingham City Personalised Football Dream Team Beach Towel",no,no,no,no
aston-villa-personalised-football-dream-team-beach-towel,"Aston Villa Personalised Football Dream Team Beach Towel",no,no,no,no
arsenal-fc-personalised-football-dream-team-beach-towel,"Arsenal Personalised Football Dream Team Beach Towel",no,no,no,no
port-vale-1982-retro-football-lightweight-beach-gym-towel,"Port Vale 1982 Retro Football Lightweight Beach Gym Towel",yes,yes,yes,yes
northampton-town-1995-retro-football-lightweight-beach-gym-towel,"Northampton Town 1995 Retro Football Lightweight Beach Gym Towel",yes,yes,yes,yes
northampton-town-1989-retro-football-lightweight-beach-gym-towel,"Northampton Town 1989 Retro Football Lightweight Beach Gym Towel",yes,yes,yes,yes
exeter-1993-retro-football-lightweight-beach-gym-towel-1,"Grimsby 1993 Retro Football Lightweight Beach Gym Towel",yes,yes,yes,yes
exeter-1993-retro-football-lightweight-beach-gym-towel,"Exeter 1993 Retro Football Lightweight Beach Gym Towel",yes,yes,yes,yes
colchester-1993-retro-football-lightweight-beach-gym-towel,"Colchester 1993 Retro Football Lightweight Beach Gym Towel",yes,yes,yes,yes
bolton-1988-retro-football-lightweight-beach-gym-towel,"Bolton 1988 Retro Football Lightweight Beach Gym Towel",yes,yes,yes,yes
st-mirren-1987-retro-football-lightweight-beach-gym-towel,"St Mirren 1987 Retro Football Lightweight Beach Gym Towel",yes,yes,yes,yes
rangers-1996-retro-football-lightweight-beach-gym-towel,"Rangers 1996 Retro Football Lightweight Beach Gym Towel",yes,yes,yes,yes
rangers-1992-retro-football-lightweight-beach-gym-towel,"Rangers 1992 Retro Football Lightweight Beach Gym Towel",yes,yes,yes,yes
rangers-1992-away-retro-football-lightweight-beach-gym-towel,"Rangers 1992 Away Retro Football Lightweight Beach Gym Towel",yes,yes,yes,yes
motherwell-1991-retro-football-lightweight-beach-gym-towel,"Motherwell 1991 Retro Football Lightweight Beach Gym Towel",yes,yes,yes,yes
hibernian-1989-retro-football-lightweight-beach-gym-towel,"Hibernian 1989 Retro Football Lightweight Beach Gym Towel",yes,yes,yes,yes
hibernian-1989-away-retro-football-lightweight-beach-gym-towel,"Hibernian 1989 Away Retro Football Lightweight Beach Gym Towel",yes,yes,yes,yes
hearts-1987-retro-football-lightweight-beach-gym-towel,"Hearts 1987 Retro Football Lightweight Beach Gym Towel",yes,yes,yes,yes
dundee-fc-1992-retro-football-lightweight-beach-gym-towel,"Dundee FC 1992 Retro Football Lightweight Beach Gym Towel",yes,yes,yes,yes
celtic-1996-away-retro-football-lightweight-beach-gym-towel,"Celtic 1996 Away Retro Football Lightweight Beach Gym Towel",yes,yes,yes,yes
celtic-1994-goalkeeper-retro-football-lightweight-beach-gym-towel-1,"Celtic 1994 Goalkeeper Retro Football Lightweight Beach Gym Towel",yes,yes,yes,yes
celtic-1985-retro-football-lightweight-beach-gym-towel,"Celtic 1985 Retro Football Lightweight Beach Gym Towel",yes,yes,yes,yes
aberdeen-1990-retro-football-lightweight-beach-gym-towel,"Aberdeen 1990 Retro Football Lightweight Beach Gym Towel",yes,yes,yes,yes
aberdeen-1976-retro-football-lightweight-beach-gym-towel,"Aberdeen 1976 Retro Football Lightweight Beach Gym Towel",yes,yes,yes,yes
wolves-1992-retro-football-lightweight-beach-gym-towel,"Wolves 1992 Retro Football Lightweight Beach Gym Towel",yes,yes,yes,yes
the-north-london-1991-goalkeeper-retro-football-lightweight-beach-gym-towel,"The North London 1991 Goalkeeper Retro Football Lightweight Beach Gym Towel",yes,yes,yes,yes
chelsea-1991-retro-football-lightweight-beach-gym-towel,"Chelsea 1991 Retro Football Lightweight Beach Gym Towel",yes,yes,yes,yes
chelsea-1989-retro-football-lightweight-beach-gym-towel,"Chelsea 1989 Retro Football Lightweight Beach Gym Towel",yes,yes,yes,yes
brighton-1989-away-retro-football-lightweight-beach-gym-towel,"Brighton 1989 Away Retro Football Lightweight Beach Gym Towel",yes,yes,yes,yes
brighton-1985-retro-football-lightweight-beach-gym-towel,"Brighton 1985 Retro Football Lightweight Beach Gym Towel",yes,yes,yes,yes
bury-2018-retro-football-lightweight-beach-gym-towel,"Bury 2018 Retro Football Lightweight Beach Gym Towel",yes,yes,yes,yes
copy-of-wycombe-wanderers-retro-football-lightweight-beach-gym-towel,"York City 1993 Retro Football Lightweight Beach Gym Towel",yes,yes,yes,yes
wigan-1982-retro-football-lightweight-beach-gym-towel,"Wigan 1982 Retro Football Lightweight Beach Gym Towel",yes,yes,yes,yes
west-indies-1992-cricket-world-cup-retro-lightweight-beach-gym-towel,"West Indies 1992 Cricket World Cup Retro Lightweight Beach Gym Towel",yes,yes,yes,yes
west-ham-1991-away-retro-football-lightweight-beach-gym-towel,"West Ham 1991 Away Retro Football Lightweight Beach Gym Towel",yes,yes,yes,yes
west-ham-1984-retro-football-lightweight-beach-gym-towel,"West Ham 1984 Retro Football Lightweight Beach Gym Towel",yes,yes,yes,yes
west-ham-1976-retro-football-lightweight-beach-gym-towel,"West Ham 1976 Retro Football Lightweight Beach Gym Towel",yes,yes,yes,yes
warrington-1992-retro-rugby-lightweight-beach-gym-towel,"West Brom 1984 Retro Football Lightweight Beach Gym Towel",yes,yes,yes,yes
the-north-london-2009-away-retro-football-lightweight-beach-gym-towel,"The North London 2009 Away Retro Football Lightweight Beach Gym Towel",yes,yes,yes,yes
the-north-london-1991-away-retro-football-lightweight-beach-gym-towel,"The North London 1991 Away Retro Football Lightweight Beach Gym Towel",yes,yes,yes,yes
the-north-london-1983-retro-football-lightweight-beach-gym-towel,"The North London 1983 Retro Football Lightweight Beach Gym Towel",yes,yes,yes,yes
swindon-town-1994-retro-football-lightweight-beach-gym-towel,"Swindon Town 1994 Retro Football Lightweight Beach Gym Towel",yes,yes,yes,yes
swansea-1995-retro-football-lightweight-beach-gym-towel,"Swansea 1995 Retro Football Lightweight Beach Gym Towel",yes,yes,yes,yes
stoke-1990-away-retro-football-lightweight-beach-gym-towel,"Stoke 1990 Away Retro Football Lightweight Beach Gym Towel",yes,yes,yes,yes
southampton-1987-retro-football-lightweight-beach-gym-towel,"Southampton 1987 Retro Football Lightweight Beach Gym Towel",yes,yes,yes,yes
rotherham-1990-retro-football-lightweight-beach-gym-towel,"Rotherham 1990 Retro Football Lightweight Beach Gym Towel",yes,yes,yes,yes
rochdale-1993-retro-football-lightweight-beach-gym-towel,"Rochdale 1993 Retro Football Lightweight Beach Gym Towel",yes,yes,yes,yes
reading-1995-retro-football-lightweight-beach-gym-towel,"Reading 1995 Retro Football Lightweight Beach Gym Towel",yes,yes,yes,yes
reading-1988-retro-football-lightweight-beach-gym-towel,"Reading 1988 Retro Football Lightweight Beach Gym Towel",yes,yes,yes,yes
rangers-1995-goalkeeper-retro-football-lightweight-beach-gym-towel,"Rangers 1995 Goalkeeper Retro Football Lightweight Beach Gym Towel",yes,yes,yes,yes
qpr-1983-away-retro-football-lightweight-beach-gym-towel,"QPR 1983 Away Retro Football Lightweight Beach Gym Towel",yes,yes,yes,yes
preston-1994-retro-football-lightweight-beach-gym-towel,"Preston 1994 Retro Football Lightweight Beach Gym Towel",yes,yes,yes,yes
plymouth-argyle-1995-retro-football-lightweight-beach-gym-towel,"Plymouth Argyle 1995 Retro Football Lightweight Beach Gym Towel",yes,yes,yes,yes
pakistan-1992-cricket-world-cup-retro-lightweight-beach-gym-towel,"Pakistan 1992 Cricket World Cup Retro Lightweight Beach Gym Towel",yes,yes,yes,yes
notts-forest-1992-retro-football-lightweight-beach-gym-towel,"Notts Forest 1992 Retro Football Lightweight Beach Gym Towel",yes,yes,yes,yes
norwich-1992-retro-football-lightweight-beach-gym-towel,"Norwich 1992 Retro Football Lightweight Beach Gym Towel",yes,yes,yes,yes
norwich-1989-retro-football-lightweight-beach-gym-towel,"Norwich 1989 Retro Football Lightweight Beach Gym Towel",yes,yes,yes,yes
northern-ireland-1990-retro-football-lightweight-beach-gym-towel,"Northern Ireland 1990 Retro Football Lightweight Beach Gym Towel",yes,yes,yes,yes
newcastle-1995-away-retro-football-lightweight-beach-gym-towel-1,"Newcastle 1995 Away Retro Football Lightweight Beach Gym Towel",yes,yes,yes,yes
newcastle-1988-retro-football-lightweight-beach-gym-towel,"Newcastle 1988 Retro Football Lightweight Beach Gym Towel",yes,yes,yes,yes
millwall-1994-away-retro-football-lightweight-beach-gym-towel,"Millwall 1994 Away Retro Football Lightweight Beach Gym Towel",yes,yes,yes,yes
millwall-1988-retro-football-lightweight-beach-gym-towel,"Millwall 1988 Retro Football Lightweight Beach Gym Towel",yes,yes,yes,yes
middlesbrough-1988-retro-football-lightweight-beach-gym-towel,"Middlesbrough 1988 Retro Football Lightweight Beach Gym Towel",yes,yes,yes,yes
middlesbrough-1973-retro-football-lightweight-beach-gym-towel,"Middlesbrough 1973 Retro Football Lightweight Beach Gym Towel",no,no,no,yes
man-utd-1995-away-retro-football-lightweight-beach-gym-towel,"Man Utd 1995 Away Retro Football Lightweight Beach Gym Towel",yes,yes,yes,yes
man-utd-1993-retro-football-lightweight-beach-gym-towel-1,"Man Utd 1993 Retro Football Lightweight Beach Gym Towel",yes,yes,yes,yes
man-utd-1988-retro-football-lightweight-beach-gym-towel-1,"Man Utd 1988 Retro Football Lightweight Beach Gym Towel",yes,yes,yes,yes
man-city-1992-away-retro-football-lightweight-beach-gym-towel-1,"Man City 1992 Away Retro Football Lightweight Beach Gym Towel",yes,yes,yes,yes
man-city-1989-retro-football-lightweight-beach-gym-towel-1,"Man City 1989 Retro Football Lightweight Beach Gym Towel",yes,yes,yes,yes
man-city-1984-retro-football-lightweight-beach-gym-towel-1,"Man City 1984 Retro Football Lightweight Beach Gym Towel",yes,yes,yes,yes
man-city-1982-away-retro-football-lightweight-beach-gym-towel-1,"Man City 1982 Away Retro Football Lightweight Beach Gym Towel",yes,yes,yes,yes
liverpool-1995-goalkeeper-retro-football-lightweight-beach-gym-towel-1,"Liverpool 1995 Goalkeeper Retro Football Lightweight Beach Gym Towel",yes,yes,yes,yes
liverpool-1994-third-retro-football-lightweight-beach-gym-towel-1,"Liverpool 1994 Third Retro Football Lightweight Beach Gym Towel",yes,yes,yes,yes
liverpool-1989-retro-football-lightweight-beach-gym-towel-1,"Liverpool 1989 Retro Football Lightweight Beach Gym Towel",yes,yes,yes,yes
liverpool-1989-away-retro-football-lightweight-beach-gym-towel-1,"Liverpool 1989 Away Retro Football Lightweight Beach Gym Towel",yes,yes,yes,yes
liverpool-1982-retro-football-lightweight-beach-gym-towel-1,"Liverpool 1982 Retro Football Lightweight Beach Gym Towel",yes,yes,yes,yes
liverpool-1982-away-retro-football-lightweight-beach-gym-towel-1,"Liverpool 1982 Away Retro Football Lightweight Beach Gym Towel",yes,yes,yes,yes
leicester-1983-retro-football-lightweight-beach-gym-towel,"Leicester 1983 Retro Football Lightweight Beach Gym Towel",yes,yes,yes,yes
leeds-1986-retro-football-lightweight-beach-gym-towel-2,"Leeds 1986 Retro Football Lightweight Beach Gym Towel",yes,yes,yes,yes
leeds-1986-away-retro-football-lightweight-beach-gym-towel,"Leeds 1986 Away Retro Football Lightweight Beach Gym Towel",yes,yes,yes,yes
lazio-retro-football-lightweight-beach-gym-towel,"Lazio Retro Football Lightweight Beach Gym Towel",yes,yes,yes,yes
ipswich-1992-retro-football-lightweight-beach-gym-towel-1,"Ipswich 1992 Retro Football Lightweight Beach Gym Towel",yes,yes,yes,yes
hull-kr-away-retro-rugby-lightweight-beach-gym-towel,"Ipswich 1985 Retro Football Lightweight Beach Gym Towel",yes,yes,yes,yes
hull-city-1994-retro-football-lightweight-beach-gym-towel,"Hull City 1994 Retro Football Lightweight Beach Gym Towel",yes,yes,yes,yes
gloucester-rugby-union-retro-lightweight-beach-gym-towel,"Halifax Retro Football Lightweight Beach Gym Towel",yes,yes,yes,yes
fulham-1999-retro-football-lightweight-beach-gym-towel-1,"Fulham 1999 Retro Football Lightweight Beach Gym Towel",yes,yes,yes,yes
fulham-1994-retro-football-lightweight-beach-gym-towel-1,"Fulham 1994 Retro Football Lightweight Beach Gym Towel",yes,yes,yes,yes
fiorentina-retro-football-lightweight-beach-gym-towel,"Fiorentina Retro Football Lightweight Beach Gym Towel",yes,yes,yes,yes
everton-1990-goalkeeper-retro-football-lightweight-beach-gym-towel-1,"Everton 1990 Goalkeeper Retro Football Lightweight Beach Gym Towel",yes,yes,yes,yes
everton-1985-retro-football-lightweight-beach-gym-towel,"Everton 1985 Retro Football Lightweight Beach Gym Towel",yes,yes,yes,yes
england-1992-cricket-world-cup-retro-lightweight-beach-gym-towel,"England 1992 Cricket World Cup Retro Lightweight Beach Gym Towel",yes,yes,yes,yes
doncaster-1992-retro-football-lightweight-beach-gym-towel,"Doncaster 1992 Retro Football Lightweight Beach Gym Towel",yes,yes,yes,yes
derby-county-1993-away-retro-football-lightweight-beach-gym-towel,"Derby County 1993 Away Retro Football Lightweight Beach Gym Towel",yes,yes,yes,yes
derby-1987-away-retro-football-lightweight-beach-gym-towel,"Derby 1987 Away Retro Football Lightweight Beach Gym Towel",yes,yes,yes,yes
derby-1984-retro-football-lightweight-beach-gym-towel,"Derby 1984 Retro Football Lightweight Beach Gym Towel",yes,yes,yes,yes
crystal-palace-1988-retro-football-lightweight-beach-gym-towel,"Crystal Palace 1988 Retro Football Lightweight Beach Gym Towel",yes,yes,yes,yes
crewe-1993-retro-football-lightweight-beach-gym-towel,"Crewe 1993 Retro Football Lightweight Beach Gym Towel",yes,yes,yes,yes
coventry-1994-retro-football-lightweight-beach-gym-towel,"Coventry 1994 Retro Football Lightweight Beach Gym Towel",yes,yes,yes,yes
newcastle-1993-goalkeeper-retro-football-lightweight-beach-gym-towel,"Newcastle 1993 Goalkeeper Retro Football Lightweight Beach Gym Towel",yes,yes,yes,yes
man-city-1999-away-retro-football-lightweight-beach-gym-towel,"Man City 1999 Away Retro Football Lightweight Beach Gym Towel",yes,yes,yes,yes
leeds-1989-away-retro-football-lightweight-beach-gym-towel,"Leeds 1989 Away Retro Football Lightweight Beach Gym Towel",yes,yes,yes,yes
leeds-1993-retro-football-lightweight-beach-gym-towel,"Leeds 1993 Retro Football Lightweight Beach Gym Towel",yes,yes,yes,yes
leeds-1993-goalkeeper-retro-football-lightweight-beach-gym-towel,"Leeds 1993 Goalkeeper Retro Football Lightweight Beach Gym Towel",yes,yes,yes,yes
chelsea-1995-away-retro-football-lightweight-beach-gym-towel,"Chelsea 1995 Away Retro Football Lightweight Beach Gym Towel",yes,yes,yes,yes
chelsea-1990-away-retro-football-lightweight-beach-gym-towel,"Chelsea 1990 Away Retro Football Lightweight Beach Gym Towel",yes,yes,yes,yes
celtic-1994-goalkeeper-retro-football-lightweight-beach-gym-towel,"Celtic 1994 Goalkeeper Retro Football Lightweight Beach Gym Towel",yes,yes,yes,yes
cardiff-1992-retro-football-lightweight-beach-gym-towel,"Cardiff 1992 Retro Football Lightweight Beach Gym Towel",yes,yes,yes,yes
bury-1992-away-retro-football-lightweight-beach-gym-towel,"Bury 1992 Away Retro Football Lightweight Beach Gym Towel",yes,yes,yes,yes
burnley-1997-retro-football-lightweight-beach-gym-towel,"Burnley 1997 Away Retro Football Lightweight Beach Gym Towel",yes,yes,yes,yes
burnley-1991-retro-football-lightweight-beach-gym-towel,"Burnley 1991 Retro Football Lightweight Beach Gym Towel",yes,yes,yes,yes
burnley-1988-retro-football-lightweight-beach-gym-towel,"Burnley 1988 Retro Football Lightweight Beach Gym Towel",yes,yes,yes,yes
bristol-city-1987-retro-football-lightweight-beach-gym-towel,"Bristol City 1987 Retro Football Lightweight Beach Gym Towel",yes,yes,yes,yes
brighton-1989-retro-football-lightweight-beach-gym-towel,"Brighton 1989 Retro Football Lightweight Beach Gym Towel",yes,yes,yes,yes
bournemouth-1998-retro-football-lightweight-beach-gym-towel,"Bournemouth 1998 Retro Football Lightweight Beach Gym Towel",yes,yes,yes,yes
bournemouth-1992-retro-football-lightweight-beach-gym-towel,"Bournemouth 1992 Retro Football Lightweight Beach Gym Towel",yes,yes,yes,yes
bournemouth-1992-away-retro-football-lightweight-beach-gym-towel,"Bournemouth 1992 Away Retro Football Lightweight Beach Gym Towel",yes,yes,yes,yes
bologna-retro-football-lightweight-beach-gym-towel,"Bologna Retro Football Lightweight Beach Gym Towel",yes,yes,yes,yes
blackpool-1989-retro-football-lightweight-beach-gym-towel,"Blackpool 1989 Retro Football Lightweight Beach Gym Towel",yes,yes,yes,yes
blackburn-1994-away-retro-football-lightweight-beach-gym-towel,"Blackburn 1994 Away Retro Football Lightweight Beach Gym Towel",yes,yes,yes,yes
barnsley-1989-retro-football-lightweight-beach-gym-towel,"Barnsley 1989 Retro Football Lightweight Beach Gym Towel",yes,yes,yes,yes
aston-villa-away-1993-retro-football-lightweight-beach-gym-towel,"Aston Villa Away 1993 Retro Football Lightweight Beach Gym Towel",yes,yes,yes,yes
north-london-1988-retro-football-lightweight-beach-gym-towel,"North London 1988 Retro Football Lightweight Beach Gym Towel",yes,yes,yes,yes
