mid,w,h,before,after,changed_px,outside_px,ok
33538710896891,3000,2000,0.884,0.145,303777,0,1
33538754183419,3000,2000,0.884,0.127,303803,0,1
33538775417083,3000,2000,0.884,0.125,303882,0,1
33538787639547,3000,2000,0.884,0.134,303725,0,1
33538798256379,3000,2000,0.884,0.13,303848,0,1
33565713236219,2000,1333,0.882,0.167,134832,0,1
33577332572411,3000,2000,0.884,0.135,303771,0,1
33586356977915,2000,1333,0.901,0.147,135389,0,1
33586422513915,2000,1333,0.901,0.14,135378,0,1
33586518753531,2000,1333,0.901,0.172,135373,0,1
33586569412859,3000,2000,0.884,0.153,303819,0,1
33586638422267,2000,1333,0.901,0.165,135369,0,1
33586729222395,2000,1333,0.901,0.16,135382,0,1
33586792857851,2000,1333,0.901,0.155,135368,0,1
33586832113915,2000,1333,0.901,0.161,135382,0,1
33586903777531,2000,1333,0.901,0.161,135354,0,1
33587383632123,2000,1333,0.901,0.164,135354,0,1
33587480396027,2000,1333,0.901,0.142,135385,0,1
33587530268923,2000,1333,0.901,0.169,135344,0,1
33587577192699,2000,1333,0.901,0.157,135403,0,1
33587616186619,2000,1333,0.901,0.155,135362,0,1
33587676152059,2000,1333,0.901,0.16,135380,0,1
33587741458683,2000,1333,0.901,0.156,135351,0,1
33588156170491,2000,1333,0.901,0.167,135372,0,1
33588213580027,2000,1333,0.901,0.149,135337,0,1
33588274921723,2000,1333,0.901,0.152,135354,0,1
33588312768763,2000,1333,0.901,0.161,135391,0,1
33588357398779,2000,1333,0.901,0.155,135359,0,1
33588413726971,2000,1333,0.901,0.164,135365,0,1
33588541391099,2000,1333,0.901,0.159,135335,0,1
33588572455163,2000,1333,0.901,0.17,135378,0,1
33607256604923,2000,1333,0.901,0.163,135391,0,1
33607360151803,2000,1333,0.901,0.142,135390,0,1
33607498662139,2000,1333,0.901,0.155,135380,0,1
33607618658555,2000,1333,0.901,0.161,135330,0,1
33635667673339,2000,1333,0.901,0.151,135402,0,1
33635797827835,2000,1333,0.901,0.18,135371,0,1
33658376126715,2000,1333,0.901,0.162,135387,0,1
33658410991867,2000,1333,0.901,0.161,135411,0,1
33658452246779,2000,1333,0.901,0.157,135387,0,1
33658503069947,2000,1333,0.901,0.174,135390,0,1
33679773368571,2000,1333,0.901,0.177,135378,0,1
33679805087995,2000,1333,0.901,0.145,135392,0,1
33679831990523,2000,1333,0.901,0.159,135354,0,1
33538697724155,3000,2000,0.884,0.136,303782,0,1
33538751856891,3000,2000,0.884,0.136,303764,0,1
33538773188859,3000,2000,0.882,0.162,302913,0,1
33538784657659,3000,2000,0.884,0.149,303888,0,1
33538795012347,3000,2000,0.884,0.144,303872,0,1
33565692395771,2000,1333,0.882,0.153,134803,0,1
33577327755515,3000,2000,0.884,0.129,303763,0,1
33586331222267,2000,1333,0.901,0.16,135357,0,1
33586406457595,2000,1333,0.901,0.164,135327,0,1
33586504040699,2000,1333,0.901,0.173,135362,0,1
33586559811835,2000,1333,0.901,0.164,135351,0,1
33586617811195,2000,1333,0.901,0.153,135357,0,1
33586707726587,2000,1333,0.901,0.164,135387,0,1
33586762187003,2000,1333,0.901,0.135,135381,0,1
33586819662075,2000,1333,0.901,0.174,135362,0,1
33586877300987,2000,1333,0.901,0.143,135397,0,1
33587375243515,2000,1333,0.901,0.17,135359,0,1
33587470106875,2000,1333,0.901,0.163,135315,0,1
33587513196795,2000,1333,0.901,0.175,135380,0,1
33587569754363,2000,1333,0.901,0.146,135401,0,1
33587605405947,2000,1333,0.901,0.153,135351,0,1
33587667501307,2000,1333,0.901,0.179,135340,0,1
33587731136763,2000,1333,0.901,0.181,135354,0,1
33588144668923,2000,1333,0.901,0.163,135390,0,1
33588204896507,2000,1333,0.901,0.157,135356,0,1
33588265812219,2000,1333,0.901,0.146,135361,0,1
33588303036667,2000,1333,0.901,0.156,135394,0,1
33588348780795,2000,1333,0.901,0.166,135316,0,1
33588405698811,2000,1333,0.901,0.16,135372,0,1
33588537327867,2000,1333,0.901,0.166,135391,0,1
33588564754683,2000,1333,0.901,0.154,135362,0,1
33607240155387,2000,1333,0.901,0.161,135346,0,1
33607349076219,3000,2000,0.884,0.127,303776,0,1
33607402488059,2000,1333,0.901,0.139,135381,0,1
33607582548219,2000,1333,0.901,0.175,135355,0,1
33635580641531,2000,1333,0.901,0.149,135403,0,1
33635778756859,2000,1333,0.901,0.156,135370,0,1
33658366329083,2000,1333,0.901,0.151,135381,0,1
33658403225851,2000,1333,0.901,0.144,135397,0,1
33658447167739,2000,1333,0.901,0.169,135377,0,1
33658492748027,2000,1333,0.901,0.173,135345,0,1
33679766749435,2000,1333,0.901,0.14,135398,0,1
33679798763771,2000,1333,0.901,0.161,135354,0,1
33679826813179,2000,1333,0.901,0.155,135349,0,1
33679847489787,2000,1333,0.901,0.163,135374,0,1
33538747138299,3000,2000,0.884,0.133,303890,0,1
33538767192315,2000,1333,0.884,0.169,134839,0,1
33538780004603,3000,2000,0.884,0.135,303820,0,1
33538792456443,3000,2000,0.884,0.131,303845,0,1
33565668901115,2000,1333,0.882,0.175,134835,0,1
33577320546555,3000,2000,0.884,0.145,303857,0,1
33578130178299,3000,2000,0.884,0.146,303848,0,1
33586385125627,2000,1333,0.901,0.164,135327,0,1
33586493030651,2000,1333,0.901,0.143,135337,0,1
33586541330683,2000,1333,0.901,0.152,135383,0,1
33586590286075,2000,1333,0.901,0.146,135381,0,1
33586669617403,2000,1333,0.901,0.164,135401,0,1
33586750980347,2000,1333,0.901,0.172,135373,0,1
33586808979707,2000,1333,0.901,0.151,135319,0,1
33586851840251,2000,1333,0.901,0.159,135380,0,1
33587367117051,2000,1333,0.901,0.179,135337,0,1
33587434193147,2000,1333,0.901,0.155,135368,0,1
33587500056827,2000,1333,0.901,0.163,135388,0,1
33587551994107,2000,1333,0.901,0.161,135382,0,1
33587597803771,2000,1333,0.901,0.159,135344,0,1
33587650953467,2000,1333,0.901,0.153,135346,0,1
33587721961723,2000,1333,0.901,0.14,135341,0,1
33588134084859,2000,1333,0.901,0.16,135372,0,1
33588187693307,2000,1333,0.901,0.16,135377,0,1
33588239204603,2000,1333,0.901,0.143,135350,0,1
33588295205115,2000,1333,0.901,0.167,135351,0,1
33588340293883,2000,1333,0.901,0.144,135368,0,1
33588389839099,2000,1333,0.901,0.152,135330,0,1
33588532445435,2000,1333,0.901,0.165,135375,0,1
33588551778555,2000,1333,0.901,0.152,135370,0,1
33607229735163,2000,1333,0.901,0.141,135423,0,1
33607325974779,2000,1333,0.901,0.152,135396,0,1
33607395180795,2000,1333,0.901,0.17,135370,0,1
33607553450235,2000,1333,0.901,0.149,135347,0,1
33607787872507,2000,1333,0.901,0.145,135354,0,1
33635768336635,2000,1333,0.901,0.165,135349,0,1
33635815784699,2000,1333,0.901,0.159,135386,0,1
33658394804475,2000,1333,0.901,0.161,135354,0,1
33658436845819,2000,1333,0.901,0.154,135391,0,1
33658472136955,2000,1333,0.901,0.157,135361,0,1
33679760621819,2000,1333,0.901,0.163,135341,0,1
33679786213627,2000,1333,0.901,0.161,135353,0,1
33679820882171,2000,1333,0.901,0.179,135354,0,1
33679842410747,2000,1333,0.901,0.161,135354,0,1
33538726887675,3000,2000,0.884,0.145,303896,0,1
33538758410491,3000,2000,0.884,0.14,303794,0,1
33538776989947,3000,2000,0.884,0.14,303763,0,1
33538790588667,3000,2000,0.884,0.145,303884,0,1
33565653434619,2000,1333,0.882,0.166,134849,0,1
33565723492603,2000,1333,0.882,0.171,134841,0,1
33577893986555,3000,2000,0.884,0.137,303856,0,1
33586371887355,2000,1333,0.901,0.146,135384,0,1
33586481332475,2000,1333,0.901,0.152,135366,0,1
33586531041531,2000,1333,0.901,0.162,135353,0,1
33586580259067,2000,1333,0.901,0.152,135343,0,1
33586655756539,2000,1333,0.901,0.159,135345,0,1
33586739446011,2000,1333,0.901,0.154,135332,0,1
33586801508603,2000,1333,0.901,0.164,135372,0,1
33586841813243,2000,1333,0.901,0.154,135360,0,1
33587348078843,2000,1333,0.901,0.165,135379,0,1
33587412238587,2000,1333,0.901,0.164,135327,0,1
33587490259195,2000,1333,0.901,0.155,135351,0,1
33587549077755,2000,1333,0.901,0.16,135379,0,1
33587584237819,2000,1333,0.901,0.164,135365,0,1
33587644203259,2000,1333,0.901,0.146,135338,0,1
33587685949691,2000,1333,0.901,0.164,135327,0,1
33587751616763,2000,1333,0.901,0.162,135371,0,1
33588166328571,2000,1333,0.901,0.146,135394,0,1
33588223541499,2000,1333,0.901,0.166,135363,0,1
33588284391675,2000,1333,0.901,0.168,135341,0,1
33588327514363,2000,1333,0.901,0.161,135354,0,1
33588364312827,2000,1333,0.901,0.132,135368,0,1
33588516978939,2000,1333,0.901,0.163,135382,0,1
33588546207995,2000,1333,0.901,0.165,135362,0,1
33607178551547,2000,1333,0.901,0.148,135374,0,1
33607311294715,2000,1333,0.901,0.154,135324,0,1
33607380435195,2000,1333,0.901,0.16,135340,0,1
33607532675323,2000,1333,0.901,0.144,135352,0,1
33607636549883,2000,1333,0.901,0.153,135339,0,1
33635691528443,2000,1333,0.901,0.169,135361,0,1
33635805069563,2000,1333,0.901,0.149,135381,0,1
33658387988731,2000,1333,0.901,0.144,135342,0,1
33658429079803,2000,1333,0.901,0.161,135354,0,1
33658459881723,2000,1333,0.901,0.146,135375,0,1
33658520633595,2000,1333,0.901,0.154,135397,0,1
33679779168507,2000,1333,0.901,0.148,135387,0,1
33679811510523,2000,1333,0.901,0.157,135375,0,1
33679836807419,2000,1333,0.901,0.159,135391,0,1
