mid,w,h,score,x0,y0,x1,y1
33538697724155,3000,2000,0.884,2043,90,2906,502
33538710896891,3000,2000,0.884,2043,90,2906,502
33538726887675,3000,2000,0.884,2043,90,2906,502
33538747138299,3000,2000,0.884,2043,90,2906,502
33538751856891,3000,2000,0.884,2043,90,2906,502
33538754183419,3000,2000,0.884,2043,90,2906,502
33538758410491,3000,2000,0.884,2043,90,2906,502
33538767192315,2000,1333,0.884,1362,60,1937,335
33538773188859,3000,2000,0.882,2043,90,2906,502
33538775417083,3000,2000,0.884,2043,90,2906,502
33538776989947,3000,2000,0.884,2043,90,2906,502
33538780004603,3000,2000,0.884,2043,90,2906,502
33538784657659,3000,2000,0.884,2043,90,2906,502
33538787639547,3000,2000,0.884,2043,90,2906,502
33538790588667,3000,2000,0.884,2043,90,2906,502
33538792456443,3000,2000,0.884,2043,90,2906,502
33538795012347,3000,2000,0.884,2043,90,2906,502
33538798256379,3000,2000,0.884,2043,90,2906,502
33565653434619,2000,1333,0.882,1362,60,1937,335
33565668901115,2000,1333,0.882,1362,60,1937,335
33565692395771,2000,1333,0.882,1362,60,1937,335
33565713236219,2000,1333,0.882,1362,60,1937,335
33565723492603,2000,1333,0.882,1362,60,1937,335
33577320546555,3000,2000,0.884,2043,90,2906,502
33577327755515,3000,2000,0.884,2043,90,2906,502
33577332572411,3000,2000,0.884,2043,90,2906,502
33577893986555,3000,2000,0.884,2043,90,2906,502
33578130178299,3000,2000,0.884,2043,90,2906,502
33586331222267,2000,1333,0.901,1362,60,1937,335
33586356977915,2000,1333,0.901,1362,60,1937,335
33586371887355,2000,1333,0.901,1362,60,1937,335
33586385125627,2000,1333,0.901,1362,60,1937,335
33586406457595,2000,1333,0.901,1362,60,1937,335
33586422513915,2000,1333,0.901,1362,60,1937,335
33586481332475,2000,1333,0.901,1362,60,1937,335
33586493030651,2000,1333,0.901,1362,60,1937,335
33586504040699,2000,1333,0.901,1362,60,1937,335
33586518753531,2000,1333,0.901,1362,60,1937,335
33586531041531,2000,1333,0.901,1362,60,1937,335
33586541330683,2000,1333,0.901,1362,60,1937,335
33586559811835,2000,1333,0.901,1362,60,1937,335
33586569412859,3000,2000,0.884,2043,90,2906,502
33586580259067,2000,1333,0.901,1362,60,1937,335
33586590286075,2000,1333,0.901,1362,60,1937,335
33586617811195,2000,1333,0.901,1362,60,1937,335
33586638422267,2000,1333,0.901,1362,60,1937,335
33586655756539,2000,1333,0.901,1362,60,1937,335
33586669617403,2000,1333,0.901,1362,60,1937,335
33586707726587,2000,1333,0.901,1362,60,1937,335
33586729222395,2000,1333,0.901,1362,60,1937,335
33586739446011,2000,1333,0.901,1362,60,1937,335
33586750980347,2000,1333,0.901,1362,60,1937,335
33586762187003,2000,1333,0.901,1362,60,1937,335
33586792857851,2000,1333,0.901,1362,60,1937,335
33586801508603,2000,1333,0.901,1362,60,1937,335
33586808979707,2000,1333,0.901,1362,60,1937,335
33586819662075,2000,1333,0.901,1362,60,1937,335
33586832113915,2000,1333,0.901,1362,60,1937,335
33586841813243,2000,1333,0.901,1362,60,1937,335
33586851840251,2000,1333,0.901,1362,60,1937,335
33586877300987,2000,1333,0.901,1362,60,1937,335
33586903777531,2000,1333,0.901,1362,60,1937,335
33587348078843,2000,1333,0.901,1362,60,1937,335
33587367117051,2000,1333,0.901,1362,60,1937,335
33587375243515,2000,1333,0.901,1362,60,1937,335
33587383632123,2000,1333,0.901,1362,60,1937,335
33587412238587,2000,1333,0.901,1362,60,1937,335
33587434193147,2000,1333,0.901,1362,60,1937,335
33587470106875,2000,1333,0.901,1362,60,1937,335
33587480396027,2000,1333,0.901,1362,60,1937,335
33587490259195,2000,1333,0.901,1362,60,1937,335
33587500056827,2000,1333,0.901,1362,60,1937,335
33587513196795,2000,1333,0.901,1362,60,1937,335
33587530268923,2000,1333,0.901,1362,60,1937,335
33587549077755,2000,1333,0.901,1362,60,1937,335
33587551994107,2000,1333,0.901,1362,60,1937,335
33587569754363,2000,1333,0.901,1362,60,1937,335
33587577192699,2000,1333,0.901,1362,60,1937,335
33587584237819,2000,1333,0.901,1362,60,1937,335
33587597803771,2000,1333,0.901,1362,60,1937,335
33587605405947,2000,1333,0.901,1362,60,1937,335
33587616186619,2000,1333,0.901,1362,60,1937,335
33587644203259,2000,1333,0.901,1362,60,1937,335
33587650953467,2000,1333,0.901,1362,60,1937,335
33587667501307,2000,1333,0.901,1362,60,1937,335
33587676152059,2000,1333,0.901,1362,60,1937,335
33587685949691,2000,1333,0.901,1362,60,1937,335
33587721961723,2000,1333,0.901,1362,60,1937,335
33587731136763,2000,1333,0.901,1362,60,1937,335
33587741458683,2000,1333,0.901,1362,60,1937,335
33587751616763,2000,1333,0.901,1362,60,1937,335
33588134084859,2000,1333,0.901,1362,60,1937,335
33588144668923,2000,1333,0.901,1362,60,1937,335
33588156170491,2000,1333,0.901,1362,60,1937,335
33588166328571,2000,1333,0.901,1362,60,1937,335
33588187693307,2000,1333,0.901,1362,60,1937,335
33588204896507,2000,1333,0.901,1362,60,1937,335
33588213580027,2000,1333,0.901,1362,60,1937,335
33588223541499,2000,1333,0.901,1362,60,1937,335
33588239204603,2000,1333,0.901,1362,60,1937,335
33588265812219,2000,1333,0.901,1362,60,1937,335
33588274921723,2000,1333,0.901,1362,60,1937,335
33588284391675,2000,1333,0.901,1362,60,1937,335
33588295205115,2000,1333,0.901,1362,60,1937,335
33588303036667,2000,1333,0.901,1362,60,1937,335
33588312768763,2000,1333,0.901,1362,60,1937,335
33588327514363,2000,1333,0.901,1362,60,1937,335
33588340293883,2000,1333,0.901,1362,60,1937,335
33588348780795,2000,1333,0.901,1362,60,1937,335
33588357398779,2000,1333,0.901,1362,60,1937,335
33588364312827,2000,1333,0.901,1362,60,1937,335
33588389839099,2000,1333,0.901,1362,60,1937,335
33588405698811,2000,1333,0.901,1362,60,1937,335
33588413726971,2000,1333,0.901,1362,60,1937,335
33588516978939,2000,1333,0.901,1362,60,1937,335
33588532445435,2000,1333,0.901,1362,60,1937,335
33588537327867,2000,1333,0.901,1362,60,1937,335
33588541391099,2000,1333,0.901,1362,60,1937,335
33588546207995,2000,1333,0.901,1362,60,1937,335
33588551778555,2000,1333,0.901,1362,60,1937,335
33588564754683,2000,1333,0.901,1362,60,1937,335
33588572455163,2000,1333,0.901,1362,60,1937,335
33607178551547,2000,1333,0.901,1362,60,1937,335
33607229735163,2000,1333,0.901,1362,60,1937,335
33607240155387,2000,1333,0.901,1362,60,1937,335
33607256604923,2000,1333,0.901,1362,60,1937,335
33607311294715,2000,1333,0.901,1362,60,1937,335
33607325974779,2000,1333,0.901,1362,60,1937,335
33607349076219,3000,2000,0.884,2043,90,2906,502
33607360151803,2000,1333,0.901,1362,60,1937,335
33607380435195,2000,1333,0.901,1362,60,1937,335
33607395180795,2000,1333,0.901,1362,60,1937,335
33607402488059,2000,1333,0.901,1362,60,1937,335
33607498662139,2000,1333,0.901,1362,60,1937,335
33607532675323,2000,1333,0.901,1362,60,1937,335
33607553450235,2000,1333,0.901,1362,60,1937,335
33607582548219,2000,1333,0.901,1362,60,1937,335
33607618658555,2000,1333,0.901,1362,60,1937,335
33607636549883,2000,1333,0.901,1362,60,1937,335
33607787872507,2000,1333,0.901,1362,60,1937,335
33635580641531,2000,1333,0.901,1362,60,1937,335
33635667673339,2000,1333,0.901,1362,60,1937,335
33635691528443,2000,1333,0.901,1362,60,1937,335
33635768336635,2000,1333,0.901,1362,60,1937,335
33635778756859,2000,1333,0.901,1362,60,1937,335
33635797827835,2000,1333,0.901,1362,60,1937,335
33635805069563,2000,1333,0.901,1362,60,1937,335
33635815784699,2000,1333,0.901,1362,60,1937,335
33658366329083,2000,1333,0.901,1362,60,1937,335
33658376126715,2000,1333,0.901,1362,60,1937,335
33658387988731,2000,1333,0.901,1362,60,1937,335
33658394804475,2000,1333,0.901,1362,60,1937,335
33658403225851,2000,1333,0.901,1362,60,1937,335
33658410991867,2000,1333,0.901,1362,60,1937,335
33658429079803,2000,1333,0.901,1362,60,1937,335
33658436845819,2000,1333,0.901,1362,60,1937,335
33658447167739,2000,1333,0.901,1362,60,1937,335
33658452246779,2000,1333,0.901,1362,60,1937,335
33658459881723,2000,1333,0.901,1362,60,1937,335
33658472136955,2000,1333,0.901,1362,60,1937,335
33658492748027,2000,1333,0.901,1362,60,1937,335
33658503069947,2000,1333,0.901,1362,60,1937,335
33658520633595,2000,1333,0.901,1362,60,1937,335
33679760621819,2000,1333,0.901,1362,60,1937,335
33679766749435,2000,1333,0.901,1362,60,1937,335
33679773368571,2000,1333,0.901,1362,60,1937,335
33679779168507,2000,1333,0.901,1362,60,1937,335
33679786213627,2000,1333,0.901,1362,60,1937,335
33679798763771,2000,1333,0.901,1362,60,1937,335
33679805087995,2000,1333,0.901,1362,60,1937,335
33679811510523,2000,1333,0.901,1362,60,1937,335
33679820882171,2000,1333,0.901,1362,60,1937,335
33679826813179,2000,1333,0.901,1362,60,1937,335
33679831990523,2000,1333,0.901,1362,60,1937,335
33679836807419,2000,1333,0.901,1362,60,1937,335
33679842410747,2000,1333,0.901,1362,60,1937,335
33679847489787,2000,1333,0.901,1362,60,1937,335
36455231619323,4000,5000,0.31,750,1435,1350,1720
36455239942395,5315,2658,0.3,538,757,1335,1136
36599981277435,2658,5315,0.288,1644,3282,2043,3472
36599981310203,5315,2658,0.285,3886,279,4683,657
36599981342971,5315,2658,0.288,2484,604,3282,983
36599985602811,1500,1875,0.369,633,828,858,935
36599985635579,4000,5000,0.304,1685,2945,2285,3230
36599986323707,4000,5000,0.301,2150,1855,2750,2140
36627203490043,5315,2658,0.301,3946,305,4743,684
36627203653883,2658,5315,0.288,1644,3282,2043,3472
36627203686651,5315,2658,0.293,2205,19,3002,398
36627205619963,4000,5000,0.279,705,1860,1305,2145
36627205685499,4000,5000,0.304,1685,2945,2285,3230
36627215319291,5315,2658,0.319,584,59,1381,438
36627215352059,5315,2658,0.335,3820,338,4617,717
36627215384827,2658,5315,0.288,1644,3282,2043,3472
36627215745275,4000,5000,0.347,715,1440,1315,1725
36627215778043,4000,5000,0.304,1685,2945,2285,3230
36627226099963,5315,2658,0.306,1235,119,2032,498
36627226132731,5315,2658,0.302,3600,332,4398,710
36627226165499,2671,5342,0.293,550,4580,951,4771
36627227050235,4000,5000,0.304,1685,2945,2285,3230
36627227083003,4000,5000,0.328,685,1455,1285,1740
36627246055675,4000,5000,0.296,780,1490,1380,1775
36627246088443,5327,2664,0.305,1338,119,2137,499
36627246121211,4000,5000,0.304,1685,2945,2285,3230
36627246153979,5315,2658,0.317,3899,312,4697,690
36627252183291,3189,6378,0.291,960,3308,1439,3535
36627259490555,2671,5342,0.294,550,4580,951,4771
36627259523323,5315,2658,0.299,943,53,1740,431
36627259556091,5315,2658,0.327,3740,498,4537,876
36627261030651,4000,5000,0.364,705,1440,1305,1725
36627261522171,4000,5000,0.304,1685,2945,2285,3230
36627276333307,4000,5000,0.304,1685,2945,2285,3230
36627276398843,4000,5000,0.279,1610,1545,2210,1830
36627276726523,2671,5342,0.28,1649,3295,2049,3485
36627276759291,5315,2658,0.297,524,783,1454,1229
36627276792059,5315,2658,0.331,3866,352,4663,730
36627285410043,2658,5315,0.288,1644,3282,2043,3472
36627285442811,5315,2658,0.293,2498,119,3295,498
36627285672187,5315,2658,0.332,3820,332,4617,710
36627287376123,4000,5000,0.297,765,1465,1365,1750
36627287408891,4000,5000,0.304,1685,2945,2285,3230
36627296780539,2671,5342,0.298,550,4577,951,4767
36627296813307,5315,2658,0.316,1454,119,2252,498
36627296846075,5315,2658,0.307,3820,365,4617,744
36627297632507,4000,5000,0.304,1685,2945,2285,3230
36627297665275,4000,5000,0.318,760,1460,1360,1745
36627305922811,2658,5315,0.288,1644,3282,2043,3472
36627305955579,5315,2658,0.295,2398,119,3195,498
36627305988347,5315,2658,0.315,3820,338,4617,717
36627307102459,4000,5000,0.28,2220,1540,2820,1825
36627307135227,4000,5000,0.304,1685,2945,2285,3230
36627314737403,5315,2658,0.296,1494,53,2292,431
36627314934011,5315,2658,0.324,3747,484,4544,863
36627316146427,4000,5000,0.309,760,1440,1360,1725
36627316179195,4000,5000,0.304,1685,2945,2285,3230
36627320013051,3205,6410,0.28,1979,3954,2459,4182
36627333873915,2658,5315,0.288,1644,3282,2043,3472
36627333906683,5315,2658,0.301,2504,19,3301,398
36627333939451,5315,2658,0.328,3899,391,4697,770
36627336462587,4000,5000,0.302,705,1435,1305,1720
36627336495355,4000,5000,0.304,1685,2945,2285,3230
36627347734779,2671,5342,0.295,1014,1512,1415,1702
36627347767547,5315,2658,0.292,1415,963,2278,1375
36627347833083,5315,2658,0.285,3600,498,4398,876
36627350356219,4000,5000,0.265,1540,1485,2240,1820
36627350388987,4000,5000,0.304,1685,2945,2285,3230
36627355631867,1500,1875,0.359,633,830,858,937
36627357237499,5315,2658,0.279,1043,106,1906,518
36627357270267,5315,2658,0.318,3620,378,4418,757
36627357303035,2671,5342,0.28,1649,3295,2049,3485
36627358056699,4000,5000,0.344,685,1460,1285,1745
36627358089467,4000,5000,0.304,1685,2945,2285,3230
36627364315387,1500,1875,0.359,633,830,858,937
36627366707451,2671,5342,0.28,1649,3295,2049,3485
36627366740219,5315,2658,0.32,1454,119,2252,498
36627366772987,5315,2658,0.325,3720,391,4517,770
36627367887099,4000,5000,0.304,1685,2945,2285,3230
36627367919867,4000,5000,0.305,735,1475,1335,1760
36627377717499,2658,5315,0.288,1644,3282,2043,3472
36627377750267,5315,2658,0.304,1322,119,2119,498
36627377783035,5315,2658,0.261,3879,391,4677,770
36627378766075,4000,5000,0.279,1585,1520,2185,1805
36627378798843,4000,5000,0.304,1685,2945,2285,3230
36627378864379,1500,1875,0.363,635,830,860,937
36627386073339,1500,1875,0.359,633,830,858,937
36627386499323,2671,5342,0.304,1272,1866,1672,2056
36627396165883,5315,2658,0.293,2378,119,3175,498
36627396198651,5315,2658,0.295,3893,405,4690,783
36627397214459,2671,5342,0.291,1816,1873,2216,2063
36627397312763,4000,5000,0.304,1685,2945,2285,3230
36627397378299,1500,1875,0.359,633,830,858,937
36627397411067,4000,5000,0.283,775,1470,1375,1755
36627400753403,1500,1875,0.359,633,830,858,937
36627408388347,5315,2658,0.292,671,93,1468,471
36627408421115,5315,2658,0.272,3906,385,4703,764
36627408453883,2671,5342,0.28,554,4580,954,4771
36627408978171,1500,1875,0.363,635,830,860,937
36627409076475,1500,1875,0.359,633,830,858,937
36627409109243,4000,5000,0.349,735,1475,1335,1760
36627409207547,4000,5000,0.304,1685,2945,2285,3230
36627427590395,1500,1875,0.359,633,830,858,937
36627428081915,5315,2658,0.295,2292,119,3089,498
36627428147451,5315,2658,0.324,3760,378,4557,757
36627428180219,2671,5342,0.293,1816,1873,2216,2063
36627428409595,4000,5000,0.304,1685,2945,2285,3230
36627428442363,4000,5000,0.303,765,1470,1365,1755
36627434307835,1500,1875,0.359,633,830,858,937
36627435487483,5315,2658,0.325,1249,119,2046,498
36627435520251,5315,2658,0.324,3760,352,4557,730
36627435618555,2671,5342,0.284,554,4580,954,4771
36627436339451,4000,5000,0.298,785,1490,1385,1775
36627436404987,4000,5000,0.304,1685,2945,2285,3230
36627448561915,5315,2658,0.313,3627,372,4424,750
36627448594683,2671,5342,0.29,550,4580,951,4771
36627448627451,5315,2658,0.291,2159,1129,3089,1574
36627448987899,4000,5000,0.292,780,1470,1380,1755
36627449020667,4000,5000,0.304,1685,2945,2285,3230
36627454165243,5315,2658,0.27,3893,352,4690,730
36627454263547,2658,5315,0.288,1644,3282,2043,3472
36627456229627,4000,5000,0.279,1595,1545,2195,1830
36627456262395,4000,5000,0.304,1685,2945,2285,3230
36627456295163,1500,1875,0.363,635,830,860,937
36627456491771,5315,2658,0.293,2331,119,3129,498
36627464388859,1500,1875,0.359,633,830,858,937
36627464421627,4000,5000,0.275,770,1450,1370,1735
36627464454395,4000,5000,0.304,1685,2945,2285,3230
36627475333371,5315,2658,0.304,2325,53,3122,431
36627475366139,5315,2658,0.282,3574,491,4371,870
36627475398907,2671,5342,0.298,777,4574,1178,4764
36627520979195,2671,5342,0.28,1649,3295,2049,3485
36627521011963,5315,2658,0.295,1601,59,2398,438
36627521044731,5315,2658,0.286,3640,451,4438,830
36627521536251,4000,5000,0.302,700,1430,1300,1715
36627521569019,4000,5000,0.304,1685,2945,2285,3230
36627521601787,1500,1875,0.359,633,830,858,937
36627527041275,5315,2658,0.314,1594,119,2391,498
36627527106811,5315,2658,0.276,3786,305,4584,684
36627527172347,2658,5315,0.288,1644,3282,2043,3472
36627527368955,4000,5000,0.299,740,1460,1340,1745
36627527401723,4000,5000,0.304,1685,2945,2285,3230
36627532316923,5315,2658,0.293,3959,777,4823,1189
36627532349691,5315,2658,0.287,3594,484,4391,863
36627532415227,2658,5315,0.296,548,4561,946,4751
36627533037819,4000,5000,0.313,750,1440,1350,1725
36627533070587,4000,5000,0.304,1685,2945,2285,3230
36627533136123,1500,1875,0.372,616,543,841,650
36627537953019,1500,1875,0.363,635,830,860,937
36627538116859,2658,5315,0.288,1644,3282,2043,3472
