product_handle,old_media_id,new_media_id,status
bristol-rovers-1995-retro-football-lightweight-beach-gym-towel,33538787639547,69893943591293,replaced (pilot)
bournemouth-1992-away-retro-football-lightweight-beach-gym-towel,33538773188859,69893943624061,replaced (pilot)
cardiff-1992-retro-football-lightweight-beach-gym-towel,33565653434619,69893943656829,replaced (pilot)
newcastle-1995-retro-football-lightweight-beach-gym-towel,33587616186619,,cleaned - not uploaded (bulk upload blocked by permission guard; awaiting owner OK)
dunfermline-athletic-1995-retro-football-lightweight-beach-gym-towel,33658394804475,,cleaned - not uploaded (bulk upload blocked by permission guard; awaiting owner OK)
oldham-1993-retro-football-lightweight-beach-gym-towel,33679836807419,,cleaned - not uploaded (bulk upload blocked by permission guard; awaiting owner OK)
mansfield-1996-retro-football-lightweight-beach-gym-towel,33679811510523,,cleaned - not uploaded (bulk upload blocked by permission guard; awaiting owner OK)
bradford-city-1987-retro-football-lightweight-beach-gym-towel,33679760621819,,cleaned - not uploaded (bulk upload blocked by permission guard; awaiting owner OK)
sunderland-1991-away-retro-football-lightweight-beach-gym-towel,33588327514363,,cleaned - not uploaded (bulk upload blocked by permission guard; awaiting owner OK)
stockport-county-1992-retro-football-lightweight-beach-gym-towel,33588303036667,,cleaned - not uploaded (bulk upload blocked by permission guard; awaiting owner OK)
newcastle-1993-retro-football-lightweight-beach-gym-towel-1,33587597803771,,cleaned - not uploaded (bulk upload blocked by permission guard; awaiting owner OK)
coventry-1987-retro-football-lightweight-beach-gym-towel,33586331222267,,cleaned - not uploaded (bulk upload blocked by permission guard; awaiting owner OK)
oldham-roughyeds-retro-rugby-lightweight-beach-gym-towel,33587721961723,,cleaned - not uploaded (bulk upload blocked by permission guard; awaiting owner OK)
hull-1992-retro-football-lightweight-beach-gym-towel,33586655756539,,cleaned - not uploaded (bulk upload blocked by permission guard; awaiting owner OK)
crystal-palace-1996-retro-football-lightweight-beach-gym-towel,33586406457595,,cleaned - not uploaded (bulk upload blocked by permission guard; awaiting owner OK)
blackburn-1994-retro-football-lightweight-beach-gym-towel,33538754183419,,cleaned - not uploaded (bulk upload blocked by permission guard; awaiting owner OK)
port-vale-1991-retro-football-lightweight-beach-gym-towel,33679847489787,,cleaned - not uploaded (bulk upload blocked by permission guard; awaiting owner OK)
sunderland-1991-retro-football-lightweight-beach-gym-towel,33588340293883,,cleaned - not uploaded (bulk upload blocked by permission guard; awaiting owner OK)
shrewsbury-town-1992-retro-football-lightweight-beach-gym-towel,33588274921723,,cleaned - not uploaded (bulk upload blocked by permission guard; awaiting owner OK)
man-utd-1990-away-retro-football-lightweight-beach-gym-towel-1,33587434193147,,cleaned - not uploaded (bulk upload blocked by permission guard; awaiting owner OK)
leicester-1987-retro-football-lightweight-beach-gym-towel-1,33586801508603,,cleaned - not uploaded (bulk upload blocked by permission guard; awaiting owner OK)
hearts-1993-retro-football-lightweight-beach-gym-towel,33658410991867,,cleaned - not uploaded (bulk upload blocked by permission guard; awaiting owner OK)
dundee-united-1984-retro-football-lightweight-beach-gym-towel,33658376126715,,cleaned - not uploaded (bulk upload blocked by permission guard; awaiting owner OK)
hartlepool-1991-retro-football-lightweight-beach-gym-towel,33607395180795,,cleaned - not uploaded (bulk upload blocked by permission guard; awaiting owner OK)
wigan-1995-retro-football-lightweight-beach-gym-towel,33607240155387,,cleaned - not uploaded (bulk upload blocked by permission guard; awaiting owner OK)
oldham-1991-away-retro-football-lightweight-beach-gym-towel,33679831990523,,cleaned - not uploaded (bulk upload blocked by permission guard; awaiting owner OK)
cambridge-united-retro-football-lightweight-beach-gym-towel,33679766749435,,cleaned - not uploaded (bulk upload blocked by permission guard; awaiting owner OK)
leeds-united-1989-away-retro-football-lightweight-beach-gym-towel,33607787872507,,cleaned - not uploaded (bulk upload blocked by permission guard; awaiting owner OK)
aston-villa-1988-retro-football-lightweight-beach-gym-towel,33607498662139,,cleaned - not uploaded (bulk upload blocked by permission guard; awaiting owner OK)
wolves-1996-away-retro-football-lightweight-beach-gym-towel,33607325974779,,cleaned - not uploaded (bulk upload blocked by permission guard; awaiting owner OK)
west-ham-1993-retro-football-lightweight-beach-gym-towel,33588572455163,,cleaned - not uploaded (bulk upload blocked by permission guard; awaiting owner OK)
salford-retro-rugby-lightweight-beach-gym-towel,33588265812219,,cleaned - not uploaded (bulk upload blocked by permission guard; awaiting owner OK)
portsmouth-1991-retro-football-lightweight-beach-gym-towel,33588134084859,,cleaned - not uploaded (bulk upload blocked by permission guard; awaiting owner OK)
portsmouth-1987-retro-football-lightweight-beach-gym-towel,33587751616763,,cleaned - not uploaded (bulk upload blocked by permission guard; awaiting owner OK)
middlesbrough-1992-retro-football-lightweight-beach-gym-towel,33587530268923,,cleaned - not uploaded (bulk upload blocked by permission guard; awaiting owner OK)
charlton-athletic-1981-retro-football-lightweight-beach-gym-towel,33565692395771,,cleaned - not uploaded (bulk upload blocked by permission guard; awaiting owner OK)
leyton-orient-1980-retro-football-lightweight-beach-gym-towel,33679805087995,,cleaned - not uploaded (bulk upload blocked by permission guard; awaiting owner OK)
carlisle-1995-away-retro-football-lightweight-beach-gym-towel,33679773368571,,cleaned - not uploaded (bulk upload blocked by permission guard; awaiting owner OK)
kilmarnock-1991-retro-football-lightweight-beach-gym-towel,33658447167739,,cleaned - not uploaded (bulk upload blocked by permission guard; awaiting owner OK)
dundee-united-2009-retro-football-lightweight-beach-gym-towel,33658387988731,,cleaned - not uploaded (bulk upload blocked by permission guard; awaiting owner OK)
aston-villa-1993-goalkeeper-retro-football-lightweight-beach-gym-towel,33607532675323,,cleaned - not uploaded (bulk upload blocked by permission guard; awaiting owner OK)
notts-county-1993-retro-football-lightweight-beach-gym-towel,33607402488059,,cleaned - not uploaded (bulk upload blocked by permission guard; awaiting owner OK)
cop,33607349076219,,cleaned - not uploaded (bulk upload blocked by permission guard; awaiting owner OK)
wolves-1991-retro-football-lightweight-beach-gym-towel,33607311294715,,cleaned - not uploaded (bulk upload blocked by permission guard; awaiting owner OK)
wimbledon-1986-retro-football-lightweight-beach-gym-towel,33607256604923,,cleaned - not uploaded (bulk upload blocked by permission guard; awaiting owner OK)
west-brom-1992-yellow-retro-football-lightweight-beach-gym-towel,33588541391099,,cleaned - not uploaded (bulk upload blocked by permission guard; awaiting owner OK)
west-brom-1992-retro-football-lightweight-beach-gym-towel,33588537327867,,cleaned - not uploaded (bulk upload blocked by permission guard; awaiting owner OK)
the-north-london-1985-retro-football-lightweight-beach-gym-towel,33588405698811,,cleaned - not uploaded (bulk upload blocked by permission guard; awaiting owner OK)
sunderland-1994-goalkeeper-retro-football-lightweight-beach-gym-towel,33588348780795,,cleaned - not uploaded (bulk upload blocked by permission guard; awaiting owner OK)
southampton-1993-retro-football-lightweight-beach-gym-towel,33588295205115,,cleaned - not uploaded (bulk upload blocked by permission guard; awaiting owner OK)
qpr-1985-retro-football-lightweight-beach-gym-towel,33588166328571,,cleaned - not uploaded (bulk upload blocked by permission guard; awaiting owner OK)
nottingham-forest-1994-retro-football-lightweight-beach-gym-towel,33587676152059,,cleaned - not uploaded (bulk upload blocked by permission guard; awaiting owner OK)
millwall-1994-retro-football-lightweight-beach-gym-towel,33587577192699,,cleaned - not uploaded (bulk upload blocked by permission guard; awaiting owner OK)
middlesbrough-1994-green-retro-football-lightweight-beach-gym-towel,33587549077755,,cleaned - not uploaded (bulk upload blocked by permission guard; awaiting owner OK)
man-utd-1992-green-retro-football-lightweight-beach-gym-towel-1,33587470106875,,cleaned - not uploaded (bulk upload blocked by permission guard; awaiting owner OK)
luton-town-1982-retro-football-lightweight-beach-gym-towel,33586903777531,,cleaned - not uploaded (bulk upload blocked by permission guard; awaiting owner OK)
huddersfield-1991-away-retro-football-lightweight-beach-gym-towel,33586638422267,,cleaned - not uploaded (bulk upload blocked by permission guard; awaiting owner OK)
everton-1991-away-retro-football-lightweight-beach-gym-towel-1,33586559811835,,cleaned - not uploaded (bulk upload blocked by permission guard; awaiting owner OK)
newcastle-1995-goalkeeper-retro-football-lightweight-beach-gym-towel,33578130178299,,cleaned - not uploaded (bulk upload blocked by permission guard; awaiting owner OK)
birmingham-1992-retro-football-lightweight-beach-gym-towel,33538747138299,,cleaned - not uploaded (bulk upload blocked by permission guard; awaiting owner OK)
port-vale-1982-retro-football-lightweight-beach-gym-towel,33679842410747,,cleaned - not uploaded (bulk upload blocked by permission guard; awaiting owner OK)
northampton-town-1995-retro-football-lightweight-beach-gym-towel,33679826813179,,cleaned - not uploaded (bulk upload blocked by permission guard; awaiting owner OK)
northampton-town-1989-retro-football-lightweight-beach-gym-towel,33679820882171,,cleaned - not uploaded (bulk upload blocked by permission guard; awaiting owner OK)
exeter-1993-retro-football-lightweight-beach-gym-towel-1,33679798763771,,cleaned - not uploaded (bulk upload blocked by permission guard; awaiting owner OK)
exeter-1993-retro-football-lightweight-beach-gym-towel,33679786213627,,cleaned - not uploaded (bulk upload blocked by permission guard; awaiting owner OK)
colchester-1993-retro-football-lightweight-beach-gym-towel,33679779168507,,cleaned - not uploaded (bulk upload blocked by permission guard; awaiting owner OK)
bolton-1988-retro-football-lightweight-beach-gym-towel,33658520633595,,cleaned - not uploaded (bulk upload blocked by permission guard; awaiting owner OK)
st-mirren-1987-retro-football-lightweight-beach-gym-towel,33658503069947,,cleaned - not uploaded (bulk upload blocked by permission guard; awaiting owner OK)
rangers-1996-retro-football-lightweight-beach-gym-towel,33658492748027,,cleaned - not uploaded (bulk upload blocked by permission guard; awaiting owner OK)
rangers-1992-retro-football-lightweight-beach-gym-towel,33658472136955,,cleaned - not uploaded (bulk upload blocked by permission guard; awaiting owner OK)
rangers-1992-away-retro-football-lightweight-beach-gym-towel,33658459881723,,cleaned - not uploaded (bulk upload blocked by permission guard; awaiting owner OK)
motherwell-1991-retro-football-lightweight-beach-gym-towel,33658452246779,,cleaned - not uploaded (bulk upload blocked by permission guard; awaiting owner OK)
hibernian-1989-retro-football-lightweight-beach-gym-towel,33658436845819,,cleaned - not uploaded (bulk upload blocked by permission guard; awaiting owner OK)
hibernian-1989-away-retro-football-lightweight-beach-gym-towel,33658429079803,,cleaned - not uploaded (bulk upload blocked by permission guard; awaiting owner OK)
hearts-1987-retro-football-lightweight-beach-gym-towel,33658403225851,,cleaned - not uploaded (bulk upload blocked by permission guard; awaiting owner OK)
dundee-fc-1992-retro-football-lightweight-beach-gym-towel,33658366329083,,cleaned - not uploaded (bulk upload blocked by permission guard; awaiting owner OK)
celtic-1996-away-retro-football-lightweight-beach-gym-towel,33635815784699,,cleaned - not uploaded (bulk upload blocked by permission guard; awaiting owner OK)
celtic-1994-goalkeeper-retro-football-lightweight-beach-gym-towel-1,33635805069563,,cleaned - not uploaded (bulk upload blocked by permission guard; awaiting owner OK)
celtic-1985-retro-football-lightweight-beach-gym-towel,33635797827835,,cleaned - not uploaded (bulk upload blocked by permission guard; awaiting owner OK)
aberdeen-1990-retro-football-lightweight-beach-gym-towel,33635778756859,,cleaned - not uploaded (bulk upload blocked by permission guard; awaiting owner OK)
aberdeen-1976-retro-football-lightweight-beach-gym-towel,33635768336635,,cleaned - not uploaded (bulk upload blocked by permission guard; awaiting owner OK)
wolves-1992-retro-football-lightweight-beach-gym-towel,33635691528443,,cleaned - not uploaded (bulk upload blocked by permission guard; awaiting owner OK)
the-north-london-1991-goalkeeper-retro-football-lightweight-beach-gym-towel,33635667673339,,cleaned - not uploaded (bulk upload blocked by permission guard; awaiting owner OK)
chelsea-1991-retro-football-lightweight-beach-gym-towel,33607636549883,,cleaned - not uploaded (bulk upload blocked by permission guard; awaiting owner OK)
chelsea-1989-retro-football-lightweight-beach-gym-towel,33607618658555,,cleaned - not uploaded (bulk upload blocked by permission guard; awaiting owner OK)
brighton-1989-away-retro-football-lightweight-beach-gym-towel,33607582548219,,cleaned - not uploaded (bulk upload blocked by permission guard; awaiting owner OK)
brighton-1985-retro-football-lightweight-beach-gym-towel,33607553450235,,cleaned - not uploaded (bulk upload blocked by permission guard; awaiting owner OK)
bury-2018-retro-football-lightweight-beach-gym-towel,33607380435195,,cleaned - not uploaded (bulk upload blocked by permission guard; awaiting owner OK)
copy-of-wycombe-wanderers-retro-football-lightweight-beach-gym-towel,33607360151803,,cleaned - not uploaded (bulk upload blocked by permission guard; awaiting owner OK)
wigan-1982-retro-football-lightweight-beach-gym-towel,33607229735163,,cleaned - not uploaded (bulk upload blocked by permission guard; awaiting owner OK)
west-indies-1992-cricket-world-cup-retro-lightweight-beach-gym-towel,33607178551547,,cleaned - not uploaded (bulk upload blocked by permission guard; awaiting owner OK)
west-ham-1991-away-retro-football-lightweight-beach-gym-towel,33588564754683,,cleaned - not uploaded (bulk upload blocked by permission guard; awaiting owner OK)
west-ham-1984-retro-football-lightweight-beach-gym-towel,33588551778555,,cleaned - not uploaded (bulk upload blocked by permission guard; awaiting owner OK)
west-ham-1976-retro-football-lightweight-beach-gym-towel,33588546207995,,cleaned - not uploaded (bulk upload blocked by permission guard; awaiting owner OK)
warrington-1992-retro-rugby-lightweight-beach-gym-towel,33588532445435,,cleaned - not uploaded (bulk upload blocked by permission guard; awaiting owner OK)
the-north-london-2009-away-retro-football-lightweight-beach-gym-towel,33588516978939,,cleaned - not uploaded (bulk upload blocked by permission guard; awaiting owner OK)
the-north-london-1991-away-retro-football-lightweight-beach-gym-towel,33588413726971,,cleaned - not uploaded (bulk upload blocked by permission guard; awaiting owner OK)
the-north-london-1983-retro-football-lightweight-beach-gym-towel,33588389839099,,cleaned - not uploaded (bulk upload blocked by permission guard; awaiting owner OK)
swindon-town-1994-retro-football-lightweight-beach-gym-towel,33588364312827,,cleaned - not uploaded (bulk upload blocked by permission guard; awaiting owner OK)
swansea-1995-retro-football-lightweight-beach-gym-towel,33588357398779,,cleaned - not uploaded (bulk upload blocked by permission guard; awaiting owner OK)
stoke-1990-away-retro-football-lightweight-beach-gym-towel,33588312768763,,cleaned - not uploaded (bulk upload blocked by permission guard; awaiting owner OK)
southampton-1987-retro-football-lightweight-beach-gym-towel,33588284391675,,cleaned - not uploaded (bulk upload blocked by permission guard; awaiting owner OK)
rotherham-1990-retro-football-lightweight-beach-gym-towel,33588239204603,,cleaned - not uploaded (bulk upload blocked by permission guard; awaiting owner OK)
rochdale-1993-retro-football-lightweight-beach-gym-towel,33588223541499,,cleaned - not uploaded (bulk upload blocked by permission guard; awaiting owner OK)
reading-1995-retro-football-lightweight-beach-gym-towel,33588213580027,,cleaned - not uploaded (bulk upload blocked by permission guard; awaiting owner OK)
reading-1988-retro-football-lightweight-beach-gym-towel,33588204896507,,cleaned - not uploaded (bulk upload blocked by permission guard; awaiting owner OK)
rangers-1995-goalkeeper-retro-football-lightweight-beach-gym-towel,33588187693307,,cleaned - not uploaded (bulk upload blocked by permission guard; awaiting owner OK)
qpr-1983-away-retro-football-lightweight-beach-gym-towel,33588156170491,,cleaned - not uploaded (bulk upload blocked by permission guard; awaiting owner OK)
preston-1994-retro-football-lightweight-beach-gym-towel,33588144668923,,cleaned - not uploaded (bulk upload blocked by permission guard; awaiting owner OK)
plymouth-argyle-1995-retro-football-lightweight-beach-gym-towel,33587741458683,,cleaned - not uploaded (bulk upload blocked by permission guard; awaiting owner OK)
pakistan-1992-cricket-world-cup-retro-lightweight-beach-gym-towel,33587731136763,,cleaned - not uploaded (bulk upload blocked by permission guard; awaiting owner OK)
notts-forest-1992-retro-football-lightweight-beach-gym-towel,33587685949691,,cleaned - not uploaded (bulk upload blocked by permission guard; awaiting owner OK)
norwich-1992-retro-football-lightweight-beach-gym-towel,33587667501307,,cleaned - not uploaded (bulk upload blocked by permission guard; awaiting owner OK)
norwich-1989-retro-football-lightweight-beach-gym-towel,33587650953467,,cleaned - not uploaded (bulk upload blocked by permission guard; awaiting owner OK)
northern-ireland-1990-retro-football-lightweight-beach-gym-towel,33587644203259,,cleaned - not uploaded (bulk upload blocked by permission guard; awaiting owner OK)
newcastle-1995-away-retro-football-lightweight-beach-gym-towel-1,33587605405947,,cleaned - not uploaded (bulk upload blocked by permission guard; awaiting owner OK)
newcastle-1988-retro-football-lightweight-beach-gym-towel,33587584237819,,cleaned - not uploaded (bulk upload blocked by permission guard; awaiting owner OK)
millwall-1994-away-retro-football-lightweight-beach-gym-towel,33587569754363,,cleaned - not uploaded (bulk upload blocked by permission guard; awaiting owner OK)
millwall-1988-retro-football-lightweight-beach-gym-towel,33587551994107,,cleaned - not uploaded (bulk upload blocked by permission guard; awaiting owner OK)
middlesbrough-1988-retro-football-lightweight-beach-gym-towel,33587513196795,,cleaned - not uploaded (bulk upload blocked by permission guard; awaiting owner OK)
middlesbrough-1973-retro-football-lightweight-beach-gym-towel,33587500056827,,cleaned - not uploaded (bulk upload blocked by permission guard; awaiting owner OK)
man-utd-1995-away-retro-football-lightweight-beach-gym-towel,33587490259195,,cleaned - not uploaded (bulk upload blocked by permission guard; awaiting owner OK)
man-utd-1993-retro-football-lightweight-beach-gym-towel-1,33587480396027,,cleaned - not uploaded (bulk upload blocked by permission guard; awaiting owner OK)
man-utd-1988-retro-football-lightweight-beach-gym-towel-1,33587412238587,,cleaned - not uploaded (bulk upload blocked by permission guard; awaiting owner OK)
man-city-1992-away-retro-football-lightweight-beach-gym-towel-1,33587383632123,,cleaned - not uploaded (bulk upload blocked by permission guard; awaiting owner OK)
man-city-1989-retro-football-lightweight-beach-gym-towel-1,33587375243515,,cleaned - not uploaded (bulk upload blocked by permission guard; awaiting owner OK)
man-city-1984-retro-football-lightweight-beach-gym-towel-1,33587367117051,,cleaned - not uploaded (bulk upload blocked by permission guard; awaiting owner OK)
man-city-1982-away-retro-football-lightweight-beach-gym-towel-1,33587348078843,,cleaned - not uploaded (bulk upload blocked by permission guard; awaiting owner OK)
liverpool-1995-goalkeeper-retro-football-lightweight-beach-gym-towel-1,33586877300987,,cleaned - not uploaded (bulk upload blocked by permission guard; awaiting owner OK)
liverpool-1994-third-retro-football-lightweight-beach-gym-towel-1,33586851840251,,cleaned - not uploaded (bulk upload blocked by permission guard; awaiting owner OK)
liverpool-1989-retro-football-lightweight-beach-gym-towel-1,33586841813243,,cleaned - not uploaded (bulk upload blocked by permission guard; awaiting owner OK)
liverpool-1989-away-retro-football-lightweight-beach-gym-towel-1,33586832113915,,cleaned - not uploaded (bulk upload blocked by permission guard; awaiting owner OK)
liverpool-1982-retro-football-lightweight-beach-gym-towel-1,33586819662075,,cleaned - not uploaded (bulk upload blocked by permission guard; awaiting owner OK)
liverpool-1982-away-retro-football-lightweight-beach-gym-towel-1,33586808979707,,cleaned - not uploaded (bulk upload blocked by permission guard; awaiting owner OK)
leicester-1983-retro-football-lightweight-beach-gym-towel,33586792857851,,cleaned - not uploaded (bulk upload blocked by permission guard; awaiting owner OK)
leeds-1986-retro-football-lightweight-beach-gym-towel-2,33586762187003,,cleaned - not uploaded (bulk upload blocked by permission guard; awaiting owner OK)
leeds-1986-away-retro-football-lightweight-beach-gym-towel,33586750980347,,cleaned - not uploaded (bulk upload blocked by permission guard; awaiting owner OK)
lazio-retro-football-lightweight-beach-gym-towel,33586739446011,,cleaned - not uploaded (bulk upload blocked by permission guard; awaiting owner OK)
ipswich-1992-retro-football-lightweight-beach-gym-towel-1,33586729222395,,cleaned - not uploaded (bulk upload blocked by permission guard; awaiting owner OK)
hull-kr-away-retro-rugby-lightweight-beach-gym-towel,33586707726587,,cleaned - not uploaded (bulk upload blocked by permission guard; awaiting owner OK)
hull-city-1994-retro-football-lightweight-beach-gym-towel,33586669617403,,cleaned - not uploaded (bulk upload blocked by permission guard; awaiting owner OK)
gloucester-rugby-union-retro-lightweight-beach-gym-towel,33586617811195,,cleaned - not uploaded (bulk upload blocked by permission guard; awaiting owner OK)
fulham-1999-retro-football-lightweight-beach-gym-towel-1,33586590286075,,cleaned - not uploaded (bulk upload blocked by permission guard; awaiting owner OK)
fulham-1994-retro-football-lightweight-beach-gym-towel-1,33586580259067,,cleaned - not uploaded (bulk upload blocked by permission guard; awaiting owner OK)
fiorentina-retro-football-lightweight-beach-gym-towel,33586569412859,,cleaned - not uploaded (bulk upload blocked by permission guard; awaiting owner OK)
everton-1990-goalkeeper-retro-football-lightweight-beach-gym-towel-1,33586541330683,,cleaned - not uploaded (bulk upload blocked by permission guard; awaiting owner OK)
everton-1985-retro-football-lightweight-beach-gym-towel,33586531041531,,cleaned - not uploaded (bulk upload blocked by permission guard; awaiting owner OK)
england-1992-cricket-world-cup-retro-lightweight-beach-gym-towel,33586518753531,,cleaned - not uploaded (bulk upload blocked by permission guard; awaiting owner OK)
doncaster-1992-retro-football-lightweight-beach-gym-towel,33586504040699,,cleaned - not uploaded (bulk upload blocked by permission guard; awaiting owner OK)
derby-county-1993-away-retro-football-lightweight-beach-gym-towel,33586481332475,,cleaned - not uploaded (bulk upload blocked by permission guard; awaiting owner OK)
derby-1987-away-retro-football-lightweight-beach-gym-towel,33586493030651,,cleaned - not uploaded (bulk upload blocked by permission guard; awaiting owner OK)
derby-1984-retro-football-lightweight-beach-gym-towel,33586422513915,,cleaned - not uploaded (bulk upload blocked by permission guard; awaiting owner OK)
crystal-palace-1988-retro-football-lightweight-beach-gym-towel,33586385125627,,cleaned - not uploaded (bulk upload blocked by permission guard; awaiting owner OK)
crewe-1993-retro-football-lightweight-beach-gym-towel,33586371887355,,cleaned - not uploaded (bulk upload blocked by permission guard; awaiting owner OK)
coventry-1994-retro-football-lightweight-beach-gym-towel,33586356977915,,cleaned - not uploaded (bulk upload blocked by permission guard; awaiting owner OK)
newcastle-1993-goalkeeper-retro-football-lightweight-beach-gym-towel,33635580641531,,cleaned - not uploaded (bulk upload blocked by permission guard; awaiting owner OK)
man-city-1999-away-retro-football-lightweight-beach-gym-towel,33577893986555,,cleaned - not uploaded (bulk upload blocked by permission guard; awaiting owner OK)
leeds-1989-away-retro-football-lightweight-beach-gym-towel,33577332572411,,cleaned - not uploaded (bulk upload blocked by permission guard; awaiting owner OK)
leeds-1993-retro-football-lightweight-beach-gym-towel,33577327755515,,cleaned - not uploaded (bulk upload blocked by permission guard; awaiting owner OK)
leeds-1993-goalkeeper-retro-football-lightweight-beach-gym-towel,33577320546555,,cleaned - not uploaded (bulk upload blocked by permission guard; awaiting owner OK)
chelsea-1995-away-retro-football-lightweight-beach-gym-towel,33565723492603,,cleaned - not uploaded (bulk upload blocked by permission guard; awaiting owner OK)
chelsea-1990-away-retro-football-lightweight-beach-gym-towel,33565713236219,,cleaned - not uploaded (bulk upload blocked by permission guard; awaiting owner OK)
celtic-1994-goalkeeper-retro-football-lightweight-beach-gym-towel,33565668901115,,cleaned - not uploaded (bulk upload blocked by permission guard; awaiting owner OK)
bury-1992-away-retro-football-lightweight-beach-gym-towel,33538798256379,,cleaned - not uploaded (bulk upload blocked by permission guard; awaiting owner OK)
burnley-1997-retro-football-lightweight-beach-gym-towel,33538795012347,,cleaned - not uploaded (bulk upload blocked by permission guard; awaiting owner OK)
burnley-1991-retro-football-lightweight-beach-gym-towel,33538792456443,,cleaned - not uploaded (bulk upload blocked by permission guard; awaiting owner OK)
burnley-1988-retro-football-lightweight-beach-gym-towel,33538790588667,,cleaned - not uploaded (bulk upload blocked by permission guard; awaiting owner OK)
bristol-city-1987-retro-football-lightweight-beach-gym-towel,33538784657659,,cleaned - not uploaded (bulk upload blocked by permission guard; awaiting owner OK)
brighton-1989-retro-football-lightweight-beach-gym-towel,33538780004603,,cleaned - not uploaded (bulk upload blocked by permission guard; awaiting owner OK)
bournemouth-1998-retro-football-lightweight-beach-gym-towel,33538776989947,,cleaned - not uploaded (bulk upload blocked by permission guard; awaiting owner OK)
bournemouth-1992-retro-football-lightweight-beach-gym-towel,33538775417083,,cleaned - not uploaded (bulk upload blocked by permission guard; awaiting owner OK)
bologna-retro-football-lightweight-beach-gym-towel,33538767192315,,cleaned - not uploaded (bulk upload blocked by permission guard; awaiting owner OK)
blackpool-1989-retro-football-lightweight-beach-gym-towel,33538758410491,,cleaned - not uploaded (bulk upload blocked by permission guard; awaiting owner OK)
blackburn-1994-away-retro-football-lightweight-beach-gym-towel,33538751856891,,cleaned - not uploaded (bulk upload blocked by permission guard; awaiting owner OK)
barnsley-1989-retro-football-lightweight-beach-gym-towel,33538726887675,,cleaned - not uploaded (bulk upload blocked by permission guard; awaiting owner OK)
aston-villa-away-1993-retro-football-lightweight-beach-gym-towel,33538710896891,,cleaned - not uploaded (bulk upload blocked by permission guard; awaiting owner OK)
north-london-1988-retro-football-lightweight-beach-gym-towel,33538697724155,,cleaned - not uploaded (bulk upload blocked by permission guard; awaiting owner OK)
