id,title,tag
gid://shopify/Product/7161443713211,Personalised Name Word Art Poster Print Pink Letter A,wa-names
gid://shopify/Product/7161461604539,Personalised Name Word Art Poster Print Pink Letter B,wa-names
gid://shopify/Product/7161463308475,Personalised Name Word Art Poster Print Pink Letter C,wa-names
gid://shopify/Product/7161464062139,Personalised Name Word Art Poster Print Pink Letter D,wa-names
gid://shopify/Product/7161465438395,Personalised Name Word Art Poster Print Pink Letter E,wa-names
gid://shopify/Product/7161465864379,Personalised Name Word Art Poster Print Pink Letter F,wa-names
gid://shopify/Product/7161467142331,Personalised Name Word Art Poster Print Pink Letter G,wa-names
gid://shopify/Product/7161467601083,Personalised Name Word Art Poster Print Pink Letter H,wa-names
gid://shopify/Product/7161467994299,Personalised Name Word Art Poster Print Pink Letter I,wa-names
gid://shopify/Product/7161469862075,Personalised Name Word Art Poster Print Pink Letter J,wa-names
gid://shopify/Product/7161470124219,Personalised Name Word Art Poster Print Pink Letter K,wa-names
gid://shopify/Product/7161470648507,Personalised Name Word Art Poster Print Pink Letter L,wa-names
gid://shopify/Product/7161471238331,Personalised Name Word Art Poster Print Pink Letter M,wa-names
gid://shopify/Product/7161471729851,Personalised Name Word Art Poster Print Pink Letter N,wa-names
gid://shopify/Product/7161472123067,Personalised Name Word Art Poster Print Pink Letter O,wa-names
gid://shopify/Product/7161472516283,Personalised Name Word Art Poster Print Pink Letter P,wa-names
gid://shopify/Product/7161472909499,Personalised Name Word Art Poster Print Pink Letter Q,wa-names
gid://shopify/Product/7161473466555,Personalised Name Word Art Poster Print Pink Letter R,wa-names
gid://shopify/Product/7161474285755,Personalised Name Word Art Poster Print Pink Letter S,wa-names
gid://shopify/Product/7161475203259,Personalised Name Word Art Poster Print Pink Letter T,wa-names
gid://shopify/Product/7161475793083,Personalised Name Word Art Poster Print Pink Letter U,wa-names
gid://shopify/Product/7161476612283,Personalised Name Word Art Poster Print Pink Letter V,wa-names
gid://shopify/Product/7161477038267,Personalised Name Word Art Poster Print Pink Letter W,wa-names
gid://shopify/Product/7161477497019,Personalised Name Word Art Poster Print Pink Letter X,wa-names
gid://shopify/Product/7161478021307,Personalised Name Word Art Poster Print Pink Letter Y,wa-names
gid://shopify/Product/7161479889083,Personalised Name Word Art Poster Print Pink Letter Z,wa-names
gid://shopify/Product/7161482772667,Personalised Name Word Art Poster Print Blue Letter A,wa-names
gid://shopify/Product/7161484509371,Personalised Name Word Art Poster Print Blue Letter B,wa-names
gid://shopify/Product/7161485951163,Personalised Name Word Art Poster Print Blue Letter C,wa-names
gid://shopify/Product/7161488212155,Personalised Name Word Art Poster Print Blue Letter D,wa-names
gid://shopify/Product/7161490473147,Personalised Name Word Art Poster Print Blue Letter E,wa-names
gid://shopify/Product/7161492144315,Personalised Name Word Art Poster Print Blue Letter F,wa-names
gid://shopify/Product/7161493749947,Personalised Name Word Art Poster Print Blue Letter G,wa-names
gid://shopify/Product/7161495027899,Personalised Name Word Art Poster Print Blue Letter H,wa-names
gid://shopify/Product/7161496535227,Personalised Name Word Art Poster Print Blue Letter I,wa-names
gid://shopify/Product/7161498108091,Personalised Name Word Art Poster Print Blue Letter J,wa-names
gid://shopify/Product/7161499746491,Personalised Name Word Art Poster Print Blue Letter K,wa-names
gid://shopify/Product/7161501450427,Personalised Name Word Art Poster Print Blue Letter L,wa-names
gid://shopify/Product/7161503056059,Personalised Name Word Art Poster Print Blue Letter M,wa-names
gid://shopify/Product/7161504465083,Personalised Name Word Art Poster Print Blue Letter N,wa-names
gid://shopify/Product/7161505710267,Personalised Name Word Art Poster Print Blue Letter O,wa-names
gid://shopify/Product/7161506988219,Personalised Name Word Art Poster Print Blue Letter P,wa-names
gid://shopify/Product/7161509249211,Personalised Name Word Art Poster Print Blue Letter Q,wa-names
gid://shopify/Product/7161511706811,Personalised Name Word Art Poster Print Blue Letter R,wa-names
gid://shopify/Product/7161513148603,Personalised Name Word Art Poster Print Blue Letter S,wa-names
gid://shopify/Product/7161514524859,Personalised Name Word Art Poster Print Blue Letter T,wa-names
gid://shopify/Product/7161521897659,Personalised Name Word Art Poster Print Blue Letter U,wa-names
gid://shopify/Product/7161523470523,Personalised Name Word Art Poster Print Blue Letter V,wa-names
gid://shopify/Product/7161523732667,Personalised Name Word Art Poster Print Blue Letter W,wa-names
gid://shopify/Product/7161524355259,Personalised Name Word Art Poster Print Blue Letter X,wa-names
gid://shopify/Product/7161524682939,Personalised Name Word Art Poster Print Blue Letter Y,wa-names
gid://shopify/Product/7161524945083,Personalised Name Word Art Poster Print Blue Letter Z,wa-names
gid://shopify/Product/7161526747323,Personalised Number Word Art Poster Print Blue Number 16,wa-ages
gid://shopify/Product/7161528615099,Personalised Pink Word Art Poster Print Number 16,wa-ages
gid://shopify/Product/7161530089659,Personalised Black Word Art Poster Print Number 16,wa-ages
gid://shopify/Product/7161530843323,Personalised Blue Word Art Poster Print Number 18,wa-ages
gid://shopify/Product/7161531302075,Personalised Pink Word Art Poster Print Number 18,wa-ages
gid://shopify/Product/7161531728059,Personalised Black Word Art Poster Print Number 18,wa-ages
gid://shopify/Product/7161532186811,Personalised Blue Word Art Poster Print Number 21,wa-ages
gid://shopify/Product/7161532776635,Personalised Pink Word Art Poster Print Number 21,wa-ages
gid://shopify/Product/7161533202619,Personalised Black Word Art Poster Print Number 21,wa-ages
gid://shopify/Product/7161533792443,Personalised Blue Word Art Poster Print Number 30,wa-ages
gid://shopify/Product/7161535037627,Personalised Pink Word Art Poster Print Number 30,wa-ages
gid://shopify/Product/7161535529147,Personalised Black Word Art Poster Print Number 30,wa-ages
gid://shopify/Product/7161535987899,Personalised Pink Word Art Poster Print Number 50,wa-ages
gid://shopify/Product/7161536446651,Personalised Black Word Art Poster Print Number 50,wa-ages
gid://shopify/Product/7161537233083,Personalised Ballet 1 B Word Art Poster Print,wa-hobbies-sport
gid://shopify/Product/7161538543803,Personalised Ballet 1 Word Art Poster Print,wa-hobbies-sport
gid://shopify/Product/7161541394619,Personalised Ballet 2 Word Art Poster Print,wa-hobbies-sport
gid://shopify/Product/7161542148283,Personalised Ballet 4 Word Art Poster Print,wa-hobbies-sport
gid://shopify/Product/7161543327931,Personalised Ballet Dancer 1 Word Art Poster Print,wa-hobbies-sport
gid://shopify/Product/7161543753915,Personalised Ariel Word Art Poster Print - Inspired By Pop Figures,wa-pop
gid://shopify/Product/7161544278203,Personalised Beagle 1 Word Art Poster Print,wa-pets-animals
gid://shopify/Product/7161544933563,Personalised Beagle Dog Word Art Poster Print,wa-pets-animals
gid://shopify/Product/7161545425083,Personalised Blue Flower B Word Art Poster Print,wa-kids
gid://shopify/Product/7161545785531,Personalised Blue Flower Word Art Poster Print,wa-kids
gid://shopify/Product/7161546375355,Personalised Border Collie Word Art Poster Print,wa-pets-animals
gid://shopify/Product/7161546866875,Personalised Bulldog Bruno Word Art Poster Print,wa-pets-animals
gid://shopify/Product/7161547325627,Personalised Butterfly 1 B Word Art Poster Print,wa-pets-animals
gid://shopify/Product/7161548112059,Personalised Butterfly 1 Word Art Poster Print,wa-pets-animals
gid://shopify/Product/7161549062331,Personalised Butterfly 2 Word Art Poster Print,wa-pets-animals
gid://shopify/Product/7161549521083,Personalised Car 1 Word Art Poster Print,wa-hobbies-sport
gid://shopify/Product/7161550307515,Personalised Car 2 Word Art Poster Print,wa-hobbies-sport
gid://shopify/Product/7161550733499,Personalised Car 3 Word Art Poster Print,wa-hobbies-sport
gid://shopify/Product/7161551093947,Copy of Personalised Car 4 Word Art Poster Print,wa-hobbies-sport
gid://shopify/Product/7161551945915,Personalised Car 5 Word Art Poster Print,wa-hobbies-sport
gid://shopify/Product/7161552306363,Personalised Cat 1 B Word Art Poster Print,wa-pets-animals
gid://shopify/Product/7161552830651,Personalised Cat 1 Word Art Poster Print,wa-pets-animals
gid://shopify/Product/7161553289403,Personalised Cat 2 B Word Art Poster Print,wa-pets-animals
gid://shopify/Product/7161553879227,Personalised Cat 2  Word Art Poster Print,wa-pets-animals
gid://shopify/Product/7161554829499,Personalised Cat 3 Word Art Poster Print,wa-pets-animals
gid://shopify/Product/7161559056571,Personalised Cat 4 Word Art Poster Print,wa-pets-animals
gid://shopify/Product/7161562366139,Personalised Cat 5 Word Art Poster Print,wa-pets-animals
gid://shopify/Product/7161564528827,Personalised Cat 6 Word Art Poster Print,wa-pets-animals
gid://shopify/Product/7161568067771,Personalised Cat 7 Word Art Poster Print,wa-pets-animals
gid://shopify/Product/7161570394299,Personalised Cat 8 Word Art Poster Print,wa-pets-animals
gid://shopify/Product/7161574326459,Personalised Cat 9 Word Art Poster Print,wa-pets-animals
gid://shopify/Product/7161577177275,Personalised Cavalier Spaniel 1 Word Art Poster Dog Print,wa-pets-animals
gid://shopify/Product/7161580945595,Personalised Chihuahua 1 Word Art Poster Dog Print,wa-pets-animals
gid://shopify/Product/7161584484539,Personalised Cockapoo 1 Word Art Poster Dog Print,wa-pets-animals
gid://shopify/Product/7161588187323,Personalised Corgi 1 Word Art Poster Dog Print,wa-pets-animals
gid://shopify/Product/7161601458363,Personalised Couple 1 Word Art Poster Print,wa-love-family
gid://shopify/Product/7161604538555,Personalised Couple 2 Word Art Poster Print,wa-love-family
gid://shopify/Product/7161637699771,Personalised Cricket 1 Word Art Poster Print,wa-hobbies-sport
gid://shopify/Product/7161638060219,Personalised Crown 1 Word Art Poster Print,wa-kids
gid://shopify/Product/7161644417211,Personalised Crown 2 Word Art Poster Print,wa-kids
gid://shopify/Product/7161645498555,Personalised Crown 3 Word Art Poster Print,wa-kids
gid://shopify/Product/7161645957307,Personalised Dachshund 1 Word Art Poster Print,wa-pets-animals
gid://shopify/Product/7161647694011,Personalised Dalmatian 1 Word Art Poster Print,wa-pets-animals
gid://shopify/Product/7161648185531,Personalised Dino 1 Word Art Poster Print,wa-kids
gid://shopify/Product/7161648808123,Personalised Dinosaur 2 Word Art Poster Print,wa-kids
gid://shopify/Product/7161651757243,Personalised Dog 1 Word Art Poster Print,wa-pets-animals
gid://shopify/Product/7161652969659,Personalised Dog 2 Word Art Poster Print,wa-pets-animals
gid://shopify/Product/7161653395643,Personalised Dog Bone 1 Word Art Poster Print,wa-pets-animals
gid://shopify/Product/7161653788859,Personalised Dolphin 1 B Word Art Poster Print,wa-pets-animals
gid://shopify/Product/7161654214843,Personalised Dolphin 1 Word Art Poster Print,wa-pets-animals
gid://shopify/Product/7161654935739,Personalised Donut 1 Word Art Poster Print,wa-kids
gid://shopify/Product/7161656803515,Personalised Dress 1 B Word Art Poster Print,wa-kids
gid://shopify/Product/7161658802363,Personalised Eiffel Tower 1 Word Art Poster Print,wa-places
gid://shopify/Product/7161659293883,Personalised Elephant 1 Word Art Poster Print,wa-pets-animals
gid://shopify/Product/7161659752635,Personalised Fairy 1 Word Art Poster Print,wa-kids
gid://shopify/Product/7161660276923,Personalised Fairy 1 B Word Art Poster Print,wa-kids
gid://shopify/Product/7161660604603,Personalised Family 1 B Word Art Poster Print,wa-love-family
gid://shopify/Product/7161661227195,Personalised Family 1 Word Art Poster Print,wa-love-family
gid://shopify/Product/7161661587643,Personalised Fox 1 Word Art Poster Print,wa-pets-animals
gid://shopify/Product/7161662374075,Personalised Footballer 1 Word Art Poster Print,wa-hobbies-sport
gid://shopify/Product/7161663226043,Personalised French Bulldog 1 Word Art Poster Print,wa-pets-animals
gid://shopify/Product/7161665028283,Personalised German Shepard 1 Word Art Poster Print,wa-pets-animals
gid://shopify/Product/7161665716411,Personalised Golf 1 Word Art Poster Print,wa-hobbies-sport
gid://shopify/Product/7161666764987,Personalised Golfer Girl 2 Word Art Poster Print,wa-hobbies-sport
gid://shopify/Product/7161668010171,Personalised Golfer Girl Word Art Poster Print,wa-hobbies-sport
gid://shopify/Product/7161668468923,Personalised Guitar 1 Word Art Poster Print,wa-hobbies-sport
gid://shopify/Product/7161668894907,Personalised Heart 1 B Word Art Poster Print,wa-love-family
gid://shopify/Product/7161670926523,Personalised Heart 1 Family B Word Art Poster Print,wa-love-family
gid://shopify/Product/7161671844027,Personalised Heart 1 Word Art Poster Print,wa-love-family
gid://shopify/Product/7161672433851,Personalised Heart 2 (2) Word Art Poster Print,wa-love-family
gid://shopify/Product/7161673023675,Personalised Horse Racer 1 Word Art Poster Print,wa-hobbies-sport
gid://shopify/Product/7161673973947,Personalised House 1 Word Art Poster Print,wa-places
gid://shopify/Product/7161674301627,Personalised Husky 1 Word Art Poster Print,wa-pets-animals
gid://shopify/Product/7161674891451,Personalised Ihasa Apso 1 Word Art Poster Print,wa-pets-animals
gid://shopify/Product/7161675448507,Personalised Jack Russell 2 Word Art Poster Print,wa-pets-animals
gid://shopify/Product/7161676005563,Personalised Jack Russell Word Art Poster Print,wa-pets-animals
gid://shopify/Product/7161676300475,Personalised Labrador 1 Word Art Poster Print,wa-pets-animals
gid://shopify/Product/7161676759227,Personalised Lips 1 (2) Word Art Poster Print,wa-love-family
gid://shopify/Product/7161677414587,Personalised Lips 1 (3) Word Art Poster Print,wa-love-family
gid://shopify/Product/7161677643963,Personalised Lips 1 Word Art Poster Print,wa-love-family
gid://shopify/Product/7161678364859,Personalised Mini Schnauzer 1 Word Art Poster Print,wa-pets-animals
gid://shopify/Product/7161679151291,Personalised Owl 1 B Word Art Poster Print,wa-pets-animals
gid://shopify/Product/7161681936571,Personalised Owl 1 Word Art Poster Print,wa-pets-animals
gid://shopify/Product/7161682198715,Personalised Paw Print 1 Word Art Poster Print,wa-pets-animals
gid://shopify/Product/7161682919611,Personalised Paw Print 2 Word Art Poster Print,wa-pets-animals
gid://shopify/Product/7161683509435,Personalised Paw Prints 1 Word Art Poster Print,wa-pets-animals
gid://shopify/Product/7161684033723,Personalised Paw Prints 2 Word Art Poster Print,wa-pets-animals
gid://shopify/Product/7161684787387,Personalised Penguin 1 Word Art Poster Print,wa-pets-animals
gid://shopify/Product/7161685049531,Personalised Pink Flower 2 Word Art Poster Print,wa-kids
gid://shopify/Product/7161687998651,Personalised Pink Flower Word Art Poster Print,wa-kids
gid://shopify/Product/7161688457403,Personalised Princess 1 Word Art Poster Print,wa-kids
gid://shopify/Product/7161688588475,Personalised Pug 1 Word Art Poster Print,wa-pets-animals
gid://shopify/Product/7161689374907,Personalised Pug 2 Word Art Poster Print,wa-pets-animals
gid://shopify/Product/7161690652859,Personalised Pug 3 Word Art Poster Print,wa-pets-animals
gid://shopify/Product/7161690849467,Personalised Pug 4 Word Art Poster Print,wa-pets-animals
gid://shopify/Product/7161691242683,Personalised Racoon 1 Word Art Poster Print,wa-pets-animals
gid://shopify/Product/7161691832507,Personalised Rainbow 1 B Word Art Poster Print,wa-kids
gid://shopify/Product/7161692324027,Personalised Rainbow 1 Word Art Poster Print,wa-kids
gid://shopify/Product/7161693733051,Personalised Rainbow Heart 2 Word Art Poster Print,wa-love-family
gid://shopify/Product/7161694355643,Personalised Rainbow Heart Word Art Poster Print,wa-love-family
gid://shopify/Product/7161694683323,Personalised Runner 1 Word Art Poster Print,wa-hobbies-sport
gid://shopify/Product/7161694879931,Personalised Saxophone 1 Word Art Poster Print,wa-hobbies-sport
gid://shopify/Product/7161695142075,Personalised Seahorse 1 Word Art Poster Print,wa-pets-animals
gid://shopify/Product/7161695404219,Personalised Shiatsu 1 Word Art Poster Print,wa-pets-animals
gid://shopify/Product/7161695895739,Personalised Staue of Liberty 1 Word Art Poster Print,wa-places
gid://shopify/Product/7161696288955,Personalised Street Dancer 2 Word Art Poster Print,wa-hobbies-sport
gid://shopify/Product/7161696616635,Personalised Superhero 1 Word Art Poster Print,wa-kids
gid://shopify/Product/7161696813243,Personalised Superhero 2 Word Art Poster Print,wa-kids
gid://shopify/Product/7161697140923,Personalised Superhero 3 Word Art Poster Print,wa-kids
gid://shopify/Product/7161697370299,Personalised Teddy Bear 1 Word Art Poster Print,wa-kids
gid://shopify/Product/7161697599675,Personalised Train 1 Word Art Poster Print,wa-hobbies-sport
gid://shopify/Product/7161698058427,Personalised Unicorn 1 B Word Art Poster Print,wa-kids
gid://shopify/Product/7161698353339,Personalised Unicorn 1 Word Art Poster Print,wa-kids
gid://shopify/Product/7161698615483,Personalised Unicorn 2 B Word Art Poster Print,wa-kids
gid://shopify/Product/7161699205307,Personalised Unicorn 3 Word Art Poster Print,wa-kids
gid://shopify/Product/7161699565755,Personalised Wine Glass 1 (3) Word Art Poster Print,wa-love-family
gid://shopify/Product/7161700679867,Personalised Wine Glass 1 B Word Art Poster Print,wa-love-family
gid://shopify/Product/7161701597371,Personalised Wine Glass 1 Word Art Poster Print,wa-love-family
gid://shopify/Product/7164565815483,Personalised Aurora Word Art Poster Print - Inspired By Pop Figures,wa-pop
gid://shopify/Product/7164571549883,Personalised Belle Word Art Poster Print - Inspired By Pop Figures,wa-pop
gid://shopify/Product/7164573286587,Personalised Chandler Word Art Poster Print - Inspired By Pop Figures,wa-pop
gid://shopify/Product/7164574335163,Personalised Cinderella Word Art Poster Print - Inspired By Pop Figures,wa-pop
gid://shopify/Product/7164574990523,Personalised Dobby Word Art Poster Print - Inspired By Pop Figures,wa-pop
gid://shopify/Product/7164575645883,Personalised Draco Word Art Poster Print - Inspired By Pop Figures,wa-pop
gid://shopify/Product/7164576465083,Personalised Dumbledor Word Art Poster Print - Inspired By Pop Figures,wa-pop
gid://shopify/Product/7164576989371,Personalised Ginny Weasley Word Art Poster Print - Inspired By Pop Figures,wa-pop
gid://shopify/Product/7164577513659,Personalised Hagrid Word Art Poster Print - Inspired By Pop Figures,wa-pop
gid://shopify/Product/7164577874107,Personalised Harry Potter Word Art Poster Print - Inspired By Pop Figures,wa-pop
gid://shopify/Product/7164579119291,Personalised Jasmine Word Art Poster Print - Inspired By Pop Figures,wa-pop
gid://shopify/Product/7164579414203,Personalised Joey Word Art Poster Print - Inspired By Pop Figures,wa-pop
gid://shopify/Product/7164579872955,Personalised Luna Word Art Poster Print - Inspired By Pop Figures,wa-pop
gid://shopify/Product/7164580528315,Personalised Mcgonagol Word Art Poster Print - Inspired By Pop Figures,wa-pop
gid://shopify/Product/7164581249211,Personalised Merida Word Art Poster Print - Inspired By Pop Figures,wa-pop
gid://shopify/Product/7164582428859,Personalised Moaning Martel Word Art Poster Print - Inspired By Pop Figures,wa-pop
gid://shopify/Product/7164582953147,Personalised Monica Word Art Poster Print - Inspired By Pop Figures,wa-pop
gid://shopify/Product/7164584788155,Personalised Mulan Word Art Poster Print - Inspired By Pop Figures,wa-pop
gid://shopify/Product/7164585672891,Personalised Pheobe Word Art Poster Print - Inspired By Pop Figures,wa-pop
gid://shopify/Product/7164586655931,Personalised Rachel (1) Word Art Poster Print - Inspired By Pop Figures,wa-pop
gid://shopify/Product/7164587638971,Personalised Rachel Word Art Poster Print - Inspired By Pop Figures,wa-pop
gid://shopify/Product/7164588097723,Personalised Rapunzel Word Art Poster Print - Inspired By Pop Figures,wa-pop
gid://shopify/Product/7164598190267,Personalised Ron Weasley Word Art Poster Print - Inspired By Pop Figures,wa-pop
gid://shopify/Product/7164600320187,Personalised Ross Word Art Poster Print - Inspired By Pop Figures,wa-pop
gid://shopify/Product/7164601303227,Personalised Sirius Word Art Poster Print - Inspired By Pop Figures,wa-pop
gid://shopify/Product/7164602155195,Personalised Snape Word Art Poster Print - Inspired By Pop Figures,wa-pop
gid://shopify/Product/7164602646715,Personalised Snow White Word Art Poster Print - Inspired By Pop Figures,wa-pop
gid://shopify/Product/7164603039931,Personalised Voldermort Word Art Poster Print - Inspired By Pop Figures,wa-pop
