Handle,Title,Type,Description problems,Why no copy was written
cure-for-turettes-black-adult-mug,Cure For Turettes Black Mug Adult Mug Gift,Adult Mug,under 120 words,slur or mocks a condition: owner to decide whether to keep the product
cure-for-turettes-pink-adult-mug,Cure For Turettes Pink Mug Adult Mug Gift,Adult Mug,under 120 words,slur or mocks a condition: owner to decide whether to keep the product
cure-for-turettes-pink-funny-mug,Cure For Turettes Pink Funny Mug Adult Mug Office Mug,Funny Mugs,under 120 words,slur or mocks a condition: owner to decide whether to keep the product
cure-for-turettes-black-funny-mug,Cure For Turettes Black Funny Mug Adult Mug Office Mug,Funny Mugs,under 120 words,slur or mocks a condition: owner to decide whether to keep the product
your-a-dyke-but-i-do-love-you-blue,YOUR A DYKE BUT I DO LOVE YOU BLUE Mug Rude Mug,Valentines Mug,empty,slur or mocks a condition: owner to decide whether to keep the product
your-a-dyke-but-i-do-love-you,YOUR A DYKE BUT I DO LOVE YOU Mug Rude Mug,Valentines Mug,empty,slur or mocks a condition: owner to decide whether to keep the product
your-a-fag-but-i-do-love-you-blue,YOUR A FAG BUT I DO LOVE YOU BLUE Mug Rude Mug,Valentines Mug,empty,slur or mocks a condition: owner to decide whether to keep the product
your-a-fag-but-i-do-love-you,YOUR A FAG BUT I DO LOVE YOU Mug Rude Mug,Valentines Mug,empty,slur or mocks a condition: owner to decide whether to keep the product
your-a-fucktard-but-i-do-love-you-blue,YOUR A FUCKTARD BUT I DO LOVE YOU BLUE Mug Rude Mug,Valentines Mug,empty,slur or mocks a condition: owner to decide whether to keep the product
your-a-fucktard-but-i-do-love-you,YOUR A FUCKTARD BUT I DO LOVE YOU Mug Rude Mug,Valentines Mug,empty,slur or mocks a condition: owner to decide whether to keep the product
your-a-queer-but-i-do-love-you-blue,YOUR A QUEER BUT I DO LOVE YOU BLUE Mug Rude Mug,Valentines Mug,empty,slur or mocks a condition: owner to decide whether to keep the product
your-a-queer-but-i-do-love-you,YOUR A QUEER BUT I DO LOVE YOU Mug Rude Mug,Valentines Mug,empty,slur or mocks a condition: owner to decide whether to keep the product
mug,Mug,Homeware,under 120 words,not a standard 11oz ceramic mug (or a service): mug fact sheet doesn't cover it
mug-landing-pad-drinks-coaster,Mug Landing Pad Drinks Coaster,Coasters,under 120 words,not a standard 11oz ceramic mug (or a service): mug fact sheet doesn't cover it
request-your-own-mug-design,Request Your Own Mug Design,Celebrity Facemask,under 120 words,not a standard 11oz ceramic mug (or a service): mug fact sheet doesn't cover it
thermal-mug-for-valentines-day-you-are-mine-personalised-romantic-metal-heat-mug-gift,Thermal Mug For Valentines Day Me And You Personalised Romantic Metal Heat Mug Gift,Valentines Mug,old eBay-style HTML; same text as 7 other product(s),not a standard 11oz ceramic mug (or a service): mug fact sheet doesn't cover it
thermal-mug-for-valentines-day-fckwit-personalised-romantic-metal-heat-mug-gift,Thermal Mug For Valentines Day Fckwit Personalised Romantic Metal Heat Mug Gift,Valentines Mug,old eBay-style HTML; same text as 7 other product(s),not a standard 11oz ceramic mug (or a service): mug fact sheet doesn't cover it
thermal-mug-for-valentines-day-i-belong-to-personalised-romantic-metal-heat-mug-gift,Thermal Mug For Valentines Day I Belong To Personalised Romantic Metal Heat Mug Gift,Valentines Mug,old eBay-style HTML; same text as 7 other product(s),not a standard 11oz ceramic mug (or a service): mug fact sheet doesn't cover it
thermal-mug-for-valentines-day-i-love-you-for-your-personality-personalised-romantic-metal-heat-mug-gift-copy,Thermal Mug For Valentines Day I Love You For Your Personality Personalised Romantic Metal Heat Mug Gift,Valentines Mug,old eBay-style HTML; same text as 7 other product(s),not a standard 11oz ceramic mug (or a service): mug fact sheet doesn't cover it
thermal-mug-for-valentines-day-i-love-you-so-much-personalised-romantic-metal-heat-mug-gift,Thermal Mug For Valentines Day I Love You So Much Personalised Romantic Metal Heat Mug Gift,Valentines Mug,old eBay-style HTML; same text as 7 other product(s),not a standard 11oz ceramic mug (or a service): mug fact sheet doesn't cover it
thermal-mug-for-valentines-day-custom-image-personalised-romantic-metal-heat-mug-gift-copy,Thermal Mug For Valentines Day Custom Image Personalised Romantic Metal Heat Mug Gift,Valentines Mug,old eBay-style HTML; same text as 7 other product(s),not a standard 11oz ceramic mug (or a service): mug fact sheet doesn't cover it
thermal-mug-for-valentines-day-two-arrow-heart-initials-personalised-romantic-metal-heat-mug-gift,Thermal Mug For Valentines Day Two Arrow Heart Initials Personalised Romantic Metal Heat Mug Gift,Valentines Mug,old eBay-style HTML; same text as 7 other product(s),not a standard 11oz ceramic mug (or a service): mug fact sheet doesn't cover it
thermal-mug-for-valentines-day-you-are-mine-personalised-romantic-metal-heat-mug-gift-1,Thermal Mug For Valentines Day You Are Mine Personalised Romantic Metal Heat Mug Gift,Valentines Mug,old eBay-style HTML; same text as 7 other product(s),not a standard 11oz ceramic mug (or a service): mug fact sheet doesn't cover it
thermal-mug-for-valentines-day-f-ck-valentines-day-romantic-metal-heat-mug-gift-copy,Thermal Mug For Valentines Day F*ck Valentines Day Romantic Metal Heat Mug Gift,Valentines Mug,same text as 14 other product(s),not a standard 11oz ceramic mug (or a service): mug fact sheet doesn't cover it
thermal-mug-for-valentines-day-future-dilf-romantic-metal-heat-mug-gift,Thermal Mug For Valentines Day Future DILF Romantic Metal Heat Mug Gift,Valentines Mug,same text as 14 other product(s),not a standard 11oz ceramic mug (or a service): mug fact sheet doesn't cover it
thermal-mug-for-valentines-day-future-milf-romantic-metal-heat-mug-gift,Thermal Mug For Valentines Day Future MILF Romantic Metal Heat Mug Gift,Valentines Mug,same text as 14 other product(s),not a standard 11oz ceramic mug (or a service): mug fact sheet doesn't cover it
thermal-mug-for-valentines-day-hers-romantic-metal-heat-mug-gift,Thermal Mug For Valentines Day Hers Romantic Metal Heat Mug Gift,Valentines Mug,same text as 14 other product(s),not a standard 11oz ceramic mug (or a service): mug fact sheet doesn't cover it
thermal-mug-for-valentines-day-his-romantic-metal-heat-mug-gift,Thermal Mug For Valentines Day His Romantic Metal Heat Mug Gift,Valentines Mug,same text as 14 other product(s),not a standard 11oz ceramic mug (or a service): mug fact sheet doesn't cover it
thermal-mug-for-valentines-day-hubby-romantic-metal-heat-mug-gift,Thermal Mug For Valentines Day Hubby Romantic Metal Heat Mug Gift,Valentines Mug,same text as 14 other product(s),not a standard 11oz ceramic mug (or a service): mug fact sheet doesn't cover it
thermal-mug-for-valentines-day-i-love-you-a-latte-romantic-metal-heat-mug-gift,Thermal Mug For Valentines Day I Love You A Latte Romantic Metal Heat Mug Gift,Valentines Mug,same text as 14 other product(s),not a standard 11oz ceramic mug (or a service): mug fact sheet doesn't cover it
thermal-mug-for-valentines-day-i-only-have-eyes-for-you-romantic-metal-heat-mug-gift,Thermal Mug For Valentines Day I Only Have Eyes For You Romantic Metal Heat Mug Gift,Valentines Mug,same text as 14 other product(s),not a standard 11oz ceramic mug (or a service): mug fact sheet doesn't cover it
thermal-mug-for-valentines-day-im-yours-no-refunds-romantic-metal-heat-mug-gift,Thermal Mug For Valentines Day I'm Yours No Refunds Romantic Metal Heat Mug Gift,Valentines Mug,same text as 14 other product(s),not a standard 11oz ceramic mug (or a service): mug fact sheet doesn't cover it
thermal-mug-for-valentines-day-love-birds-romantic-metal-heat-mug-gift,Thermal Mug For Valentines Day Love Birds Romantic Metal Heat Mug Gift,Valentines Mug,same text as 14 other product(s),not a standard 11oz ceramic mug (or a service): mug fact sheet doesn't cover it
thermal-mug-for-valentines-day-my-boyfriend-is-hotter-than-this-drink-romantic-metal-heat-mug-gift,Thermal Mug For Valentines Day My Boyfriend Is Hotter Than This Drink Romantic Metal Heat Mug Gift,Valentines Mug,same text as 14 other product(s),not a standard 11oz ceramic mug (or a service): mug fact sheet doesn't cover it
thermal-mug-for-valentines-day-my-girlfriend-is-hotter-than-this-drink-romantic-metal-heat-mug-gift,Thermal Mug For Valentines Day My Girlfriend Is Hotter Than This Drink Romantic Metal Heat Mug Gift,Valentines Mug,same text as 14 other product(s),not a standard 11oz ceramic mug (or a service): mug fact sheet doesn't cover it
thermal-mug-for-valentines-day-tree-romantic-metal-heat-mug-gift,Thermal Mug For Valentines Day Tree Romantic Metal Heat Mug Gift,Valentines Mug,same text as 14 other product(s),not a standard 11oz ceramic mug (or a service): mug fact sheet doesn't cover it
thermal-mug-for-valentines-day-wifey-romantic-metal-heat-mug-gift,Thermal Mug For Valentines Day Wifey Romantic Metal Heat Mug Gift,Valentines Mug,same text as 14 other product(s),not a standard 11oz ceramic mug (or a service): mug fact sheet doesn't cover it
thermal-mug-for-valentines-day-you-are-my-heavily-ever-after-romantic-metal-heat-mug-gift,Thermal Mug For Valentines Day You Are My Heavily Ever After Romantic Metal Heat Mug Gift,Valentines Mug,same text as 14 other product(s),not a standard 11oz ceramic mug (or a service): mug fact sheet doesn't cover it
