product_id,handle,product_title,status,product_type,variant_id,variant_title,sku,price
gid://shopify/Product/16052541718909,personalised-pet-portrait-admiral,Personalised Pet Portrait – Your Dog or Cat as a Naval Admiral – Custom Print or Framed,ACTIVE,Pet Portrait,gid://shopify/ProductVariant/58800973119869,Version 1 / A4 Black Frame,FOXY-PRINT-PPADM-06,24.99
gid://shopify/Product/16052541718909,personalised-pet-portrait-admiral,Personalised Pet Portrait – Your Dog or Cat as a Naval Admiral – Custom Print or Framed,ACTIVE,Pet Portrait,gid://shopify/ProductVariant/58800973152637,Version 1 / A4 Silver Frame,FOXY-PRINT-PPADM-07,24.99
gid://shopify/Product/16052541718909,personalised-pet-portrait-admiral,Personalised Pet Portrait – Your Dog or Cat as a Naval Admiral – Custom Print or Framed,ACTIVE,Pet Portrait,gid://shopify/ProductVariant/58800973185405,Version 1 / A4 Gold Frame,FOXY-PRINT-PPADM-08,24.99
gid://shopify/Product/16052541718909,personalised-pet-portrait-admiral,Personalised Pet Portrait – Your Dog or Cat as a Naval Admiral – Custom Print or Framed,ACTIVE,Pet Portrait,gid://shopify/ProductVariant/58800973218173,Version 1 / A4 White Frame,FOXY-PRINT-PPADM-09,24.99
gid://shopify/Product/16052541718909,personalised-pet-portrait-admiral,Personalised Pet Portrait – Your Dog or Cat as a Naval Admiral – Custom Print or Framed,ACTIVE,Pet Portrait,gid://shopify/ProductVariant/58800973250941,Version 1 / A3 Black Frame,FOXY-PRINT-PPADM-10,29.99
gid://shopify/Product/16052541718909,personalised-pet-portrait-admiral,Personalised Pet Portrait – Your Dog or Cat as a Naval Admiral – Custom Print or Framed,ACTIVE,Pet Portrait,gid://shopify/ProductVariant/58800973283709,Version 1 / A3 Silver Frame,FOXY-PRINT-PPADM-11,29.99
gid://shopify/Product/16052541718909,personalised-pet-portrait-admiral,Personalised Pet Portrait – Your Dog or Cat as a Naval Admiral – Custom Print or Framed,ACTIVE,Pet Portrait,gid://shopify/ProductVariant/58800973316477,Version 1 / A3 Gold Frame,FOXY-PRINT-PPADM-12,29.99
gid://shopify/Product/16052541718909,personalised-pet-portrait-admiral,Personalised Pet Portrait – Your Dog or Cat as a Naval Admiral – Custom Print or Framed,ACTIVE,Pet Portrait,gid://shopify/ProductVariant/58800973349245,Version 1 / A3 White Frame,FOXY-PRINT-PPADM-13,29.99
gid://shopify/Product/16052541718909,personalised-pet-portrait-admiral,Personalised Pet Portrait – Your Dog or Cat as a Naval Admiral – Custom Print or Framed,ACTIVE,Pet Portrait,gid://shopify/ProductVariant/58800973545853,Version 2 / A4 Black Frame,FOXY-PRINT-PPADM-19,24.99
gid://shopify/Product/16052541718909,personalised-pet-portrait-admiral,Personalised Pet Portrait – Your Dog or Cat as a Naval Admiral – Custom Print or Framed,ACTIVE,Pet Portrait,gid://shopify/ProductVariant/58800973578621,Version 2 / A4 Silver Frame,FOXY-PRINT-PPADM-20,24.99
gid://shopify/Product/16052541718909,personalised-pet-portrait-admiral,Personalised Pet Portrait – Your Dog or Cat as a Naval Admiral – Custom Print or Framed,ACTIVE,Pet Portrait,gid://shopify/ProductVariant/58800973611389,Version 2 / A4 Gold Frame,FOXY-PRINT-PPADM-21,24.99
gid://shopify/Product/16052541718909,personalised-pet-portrait-admiral,Personalised Pet Portrait – Your Dog or Cat as a Naval Admiral – Custom Print or Framed,ACTIVE,Pet Portrait,gid://shopify/ProductVariant/58800973644157,Version 2 / A4 White Frame,FOXY-PRINT-PPADM-22,24.99
gid://shopify/Product/16052541718909,personalised-pet-portrait-admiral,Personalised Pet Portrait – Your Dog or Cat as a Naval Admiral – Custom Print or Framed,ACTIVE,Pet Portrait,gid://shopify/ProductVariant/58800973676925,Version 2 / A3 Black Frame,FOXY-PRINT-PPADM-23,29.99
gid://shopify/Product/16052541718909,personalised-pet-portrait-admiral,Personalised Pet Portrait – Your Dog or Cat as a Naval Admiral – Custom Print or Framed,ACTIVE,Pet Portrait,gid://shopify/ProductVariant/58800973709693,Version 2 / A3 Silver Frame,FOXY-PRINT-PPADM-24,29.99
gid://shopify/Product/16052541718909,personalised-pet-portrait-admiral,Personalised Pet Portrait – Your Dog or Cat as a Naval Admiral – Custom Print or Framed,ACTIVE,Pet Portrait,gid://shopify/ProductVariant/58800973742461,Version 2 / A3 Gold Frame,FOXY-PRINT-PPADM-25,29.99
gid://shopify/Product/16052541718909,personalised-pet-portrait-admiral,Personalised Pet Portrait – Your Dog or Cat as a Naval Admiral – Custom Print or Framed,ACTIVE,Pet Portrait,gid://shopify/ProductVariant/58800973775229,Version 2 / A3 White Frame,FOXY-PRINT-PPADM-26,29.99
gid://shopify/Product/16052544700797,personalised-pet-portrait-churchill,Personalised Pet Portrait – Your Dog or Cat as Winston Churchill – Custom Print or Framed,ACTIVE,Pet Portrait,gid://shopify/ProductVariant/58800978657661,Version 1 / A4 Black Frame,FOXY-PRINT-PPCHU-06,24.99
gid://shopify/Product/16052544700797,personalised-pet-portrait-churchill,Personalised Pet Portrait – Your Dog or Cat as Winston Churchill – Custom Print or Framed,ACTIVE,Pet Portrait,gid://shopify/ProductVariant/58800978690429,Version 1 / A4 Silver Frame,FOXY-PRINT-PPCHU-07,24.99
gid://shopify/Product/16052544700797,personalised-pet-portrait-churchill,Personalised Pet Portrait – Your Dog or Cat as Winston Churchill – Custom Print or Framed,ACTIVE,Pet Portrait,gid://shopify/ProductVariant/58800978723197,Version 1 / A4 Gold Frame,FOXY-PRINT-PPCHU-08,24.99
gid://shopify/Product/16052544700797,personalised-pet-portrait-churchill,Personalised Pet Portrait – Your Dog or Cat as Winston Churchill – Custom Print or Framed,ACTIVE,Pet Portrait,gid://shopify/ProductVariant/58800978755965,Version 1 / A4 White Frame,FOXY-PRINT-PPCHU-09,24.99
gid://shopify/Product/16052544700797,personalised-pet-portrait-churchill,Personalised Pet Portrait – Your Dog or Cat as Winston Churchill – Custom Print or Framed,ACTIVE,Pet Portrait,gid://shopify/ProductVariant/58800978788733,Version 1 / A3 Black Frame,FOXY-PRINT-PPCHU-10,29.99
gid://shopify/Product/16052544700797,personalised-pet-portrait-churchill,Personalised Pet Portrait – Your Dog or Cat as Winston Churchill – Custom Print or Framed,ACTIVE,Pet Portrait,gid://shopify/ProductVariant/58800978821501,Version 1 / A3 Silver Frame,FOXY-PRINT-PPCHU-11,29.99
gid://shopify/Product/16052544700797,personalised-pet-portrait-churchill,Personalised Pet Portrait – Your Dog or Cat as Winston Churchill – Custom Print or Framed,ACTIVE,Pet Portrait,gid://shopify/ProductVariant/58800978854269,Version 1 / A3 Gold Frame,FOXY-PRINT-PPCHU-12,29.99
gid://shopify/Product/16052544700797,personalised-pet-portrait-churchill,Personalised Pet Portrait – Your Dog or Cat as Winston Churchill – Custom Print or Framed,ACTIVE,Pet Portrait,gid://shopify/ProductVariant/58800978887037,Version 1 / A3 White Frame,FOXY-PRINT-PPCHU-13,29.99
gid://shopify/Product/16052544700797,personalised-pet-portrait-churchill,Personalised Pet Portrait – Your Dog or Cat as Winston Churchill – Custom Print or Framed,ACTIVE,Pet Portrait,gid://shopify/ProductVariant/58800979083645,Version 2 / A4 Black Frame,FOXY-PRINT-PPCHU-19,24.99
gid://shopify/Product/16052544700797,personalised-pet-portrait-churchill,Personalised Pet Portrait – Your Dog or Cat as Winston Churchill – Custom Print or Framed,ACTIVE,Pet Portrait,gid://shopify/ProductVariant/58800979116413,Version 2 / A4 Silver Frame,FOXY-PRINT-PPCHU-20,24.99
gid://shopify/Product/16052544700797,personalised-pet-portrait-churchill,Personalised Pet Portrait – Your Dog or Cat as Winston Churchill – Custom Print or Framed,ACTIVE,Pet Portrait,gid://shopify/ProductVariant/58800979149181,Version 2 / A4 Gold Frame,FOXY-PRINT-PPCHU-21,24.99
gid://shopify/Product/16052544700797,personalised-pet-portrait-churchill,Personalised Pet Portrait – Your Dog or Cat as Winston Churchill – Custom Print or Framed,ACTIVE,Pet Portrait,gid://shopify/ProductVariant/58800979181949,Version 2 / A4 White Frame,FOXY-PRINT-PPCHU-22,24.99
gid://shopify/Product/16052544700797,personalised-pet-portrait-churchill,Personalised Pet Portrait – Your Dog or Cat as Winston Churchill – Custom Print or Framed,ACTIVE,Pet Portrait,gid://shopify/ProductVariant/58800979214717,Version 2 / A3 Black Frame,FOXY-PRINT-PPCHU-23,29.99
gid://shopify/Product/16052544700797,personalised-pet-portrait-churchill,Personalised Pet Portrait – Your Dog or Cat as Winston Churchill – Custom Print or Framed,ACTIVE,Pet Portrait,gid://shopify/ProductVariant/58800979247485,Version 2 / A3 Silver Frame,FOXY-PRINT-PPCHU-24,29.99
gid://shopify/Product/16052544700797,personalised-pet-portrait-churchill,Personalised Pet Portrait – Your Dog or Cat as Winston Churchill – Custom Print or Framed,ACTIVE,Pet Portrait,gid://shopify/ProductVariant/58800979280253,Version 2 / A3 Gold Frame,FOXY-PRINT-PPCHU-25,29.99
gid://shopify/Product/16052544700797,personalised-pet-portrait-churchill,Personalised Pet Portrait – Your Dog or Cat as Winston Churchill – Custom Print or Framed,ACTIVE,Pet Portrait,gid://shopify/ProductVariant/58800979313021,Version 2 / A3 White Frame,FOXY-PRINT-PPCHU-26,29.99
gid://shopify/Product/16052546994557,personalised-pet-portrait-cleopatra,Personalised Pet Portrait – Your Dog or Cat as Cleopatra – Custom Print or Framed,ACTIVE,Pet Portrait,gid://shopify/ProductVariant/58800997532029,Version 1 / A4 Black Frame,FOXY-PRINT-PPCLE-06,24.99
gid://shopify/Product/16052546994557,personalised-pet-portrait-cleopatra,Personalised Pet Portrait – Your Dog or Cat as Cleopatra – Custom Print or Framed,ACTIVE,Pet Portrait,gid://shopify/ProductVariant/58800997564797,Version 1 / A4 Silver Frame,FOXY-PRINT-PPCLE-07,24.99
gid://shopify/Product/16052546994557,personalised-pet-portrait-cleopatra,Personalised Pet Portrait – Your Dog or Cat as Cleopatra – Custom Print or Framed,ACTIVE,Pet Portrait,gid://shopify/ProductVariant/58800997597565,Version 1 / A4 Gold Frame,FOXY-PRINT-PPCLE-08,24.99
gid://shopify/Product/16052546994557,personalised-pet-portrait-cleopatra,Personalised Pet Portrait – Your Dog or Cat as Cleopatra – Custom Print or Framed,ACTIVE,Pet Portrait,gid://shopify/ProductVariant/58800997630333,Version 1 / A4 White Frame,FOXY-PRINT-PPCLE-09,24.99
gid://shopify/Product/16052546994557,personalised-pet-portrait-cleopatra,Personalised Pet Portrait – Your Dog or Cat as Cleopatra – Custom Print or Framed,ACTIVE,Pet Portrait,gid://shopify/ProductVariant/58800997663101,Version 1 / A3 Black Frame,FOXY-PRINT-PPCLE-10,29.99
gid://shopify/Product/16052546994557,personalised-pet-portrait-cleopatra,Personalised Pet Portrait – Your Dog or Cat as Cleopatra – Custom Print or Framed,ACTIVE,Pet Portrait,gid://shopify/ProductVariant/58800997695869,Version 1 / A3 Silver Frame,FOXY-PRINT-PPCLE-11,29.99
gid://shopify/Product/16052546994557,personalised-pet-portrait-cleopatra,Personalised Pet Portrait – Your Dog or Cat as Cleopatra – Custom Print or Framed,ACTIVE,Pet Portrait,gid://shopify/ProductVariant/58800997728637,Version 1 / A3 Gold Frame,FOXY-PRINT-PPCLE-12,29.99
gid://shopify/Product/16052546994557,personalised-pet-portrait-cleopatra,Personalised Pet Portrait – Your Dog or Cat as Cleopatra – Custom Print or Framed,ACTIVE,Pet Portrait,gid://shopify/ProductVariant/58800997761405,Version 1 / A3 White Frame,FOXY-PRINT-PPCLE-13,29.99
gid://shopify/Product/16052546994557,personalised-pet-portrait-cleopatra,Personalised Pet Portrait – Your Dog or Cat as Cleopatra – Custom Print or Framed,ACTIVE,Pet Portrait,gid://shopify/ProductVariant/58800997958013,Version 2 / A4 Black Frame,FOXY-PRINT-PPCLE-19,24.99
gid://shopify/Product/16052546994557,personalised-pet-portrait-cleopatra,Personalised Pet Portrait – Your Dog or Cat as Cleopatra – Custom Print or Framed,ACTIVE,Pet Portrait,gid://shopify/ProductVariant/58800997990781,Version 2 / A4 Silver Frame,FOXY-PRINT-PPCLE-20,24.99
gid://shopify/Product/16052546994557,personalised-pet-portrait-cleopatra,Personalised Pet Portrait – Your Dog or Cat as Cleopatra – Custom Print or Framed,ACTIVE,Pet Portrait,gid://shopify/ProductVariant/58800998023549,Version 2 / A4 Gold Frame,FOXY-PRINT-PPCLE-21,24.99
gid://shopify/Product/16052546994557,personalised-pet-portrait-cleopatra,Personalised Pet Portrait – Your Dog or Cat as Cleopatra – Custom Print or Framed,ACTIVE,Pet Portrait,gid://shopify/ProductVariant/58800998056317,Version 2 / A4 White Frame,FOXY-PRINT-PPCLE-22,24.99
gid://shopify/Product/16052546994557,personalised-pet-portrait-cleopatra,Personalised Pet Portrait – Your Dog or Cat as Cleopatra – Custom Print or Framed,ACTIVE,Pet Portrait,gid://shopify/ProductVariant/58800998089085,Version 2 / A3 Black Frame,FOXY-PRINT-PPCLE-23,29.99
gid://shopify/Product/16052546994557,personalised-pet-portrait-cleopatra,Personalised Pet Portrait – Your Dog or Cat as Cleopatra – Custom Print or Framed,ACTIVE,Pet Portrait,gid://shopify/ProductVariant/58800998121853,Version 2 / A3 Silver Frame,FOXY-PRINT-PPCLE-24,29.99
gid://shopify/Product/16052546994557,personalised-pet-portrait-cleopatra,Personalised Pet Portrait – Your Dog or Cat as Cleopatra – Custom Print or Framed,ACTIVE,Pet Portrait,gid://shopify/ProductVariant/58800998154621,Version 2 / A3 Gold Frame,FOXY-PRINT-PPCLE-25,29.99
gid://shopify/Product/16052546994557,personalised-pet-portrait-cleopatra,Personalised Pet Portrait – Your Dog or Cat as Cleopatra – Custom Print or Framed,ACTIVE,Pet Portrait,gid://shopify/ProductVariant/58800998187389,Version 2 / A3 White Frame,FOXY-PRINT-PPCLE-26,29.99
gid://shopify/Product/16052548796797,personalised-pet-portrait-custer,Personalised Pet Portrait – Your Dog or Cat as General Custer – Custom Print or Framed,ACTIVE,Pet Portrait,gid://shopify/ProductVariant/58801001136509,Version 1 / A4 Black Frame,FOXY-PRINT-PPCUS-06,24.99
gid://shopify/Product/16052548796797,personalised-pet-portrait-custer,Personalised Pet Portrait – Your Dog or Cat as General Custer – Custom Print or Framed,ACTIVE,Pet Portrait,gid://shopify/ProductVariant/58801001169277,Version 1 / A4 Silver Frame,FOXY-PRINT-PPCUS-07,24.99
gid://shopify/Product/16052548796797,personalised-pet-portrait-custer,Personalised Pet Portrait – Your Dog or Cat as General Custer – Custom Print or Framed,ACTIVE,Pet Portrait,gid://shopify/ProductVariant/58801001202045,Version 1 / A4 Gold Frame,FOXY-PRINT-PPCUS-08,24.99
gid://shopify/Product/16052548796797,personalised-pet-portrait-custer,Personalised Pet Portrait – Your Dog or Cat as General Custer – Custom Print or Framed,ACTIVE,Pet Portrait,gid://shopify/ProductVariant/58801001234813,Version 1 / A4 White Frame,FOXY-PRINT-PPCUS-09,24.99
gid://shopify/Product/16052548796797,personalised-pet-portrait-custer,Personalised Pet Portrait – Your Dog or Cat as General Custer – Custom Print or Framed,ACTIVE,Pet Portrait,gid://shopify/ProductVariant/58801001267581,Version 1 / A3 Black Frame,FOXY-PRINT-PPCUS-10,29.99
gid://shopify/Product/16052548796797,personalised-pet-portrait-custer,Personalised Pet Portrait – Your Dog or Cat as General Custer – Custom Print or Framed,ACTIVE,Pet Portrait,gid://shopify/ProductVariant/58801001300349,Version 1 / A3 Silver Frame,FOXY-PRINT-PPCUS-11,29.99
gid://shopify/Product/16052548796797,personalised-pet-portrait-custer,Personalised Pet Portrait – Your Dog or Cat as General Custer – Custom Print or Framed,ACTIVE,Pet Portrait,gid://shopify/ProductVariant/58801001333117,Version 1 / A3 Gold Frame,FOXY-PRINT-PPCUS-12,29.99
gid://shopify/Product/16052548796797,personalised-pet-portrait-custer,Personalised Pet Portrait – Your Dog or Cat as General Custer – Custom Print or Framed,ACTIVE,Pet Portrait,gid://shopify/ProductVariant/58801001365885,Version 1 / A3 White Frame,FOXY-PRINT-PPCUS-13,29.99
gid://shopify/Product/16052548796797,personalised-pet-portrait-custer,Personalised Pet Portrait – Your Dog or Cat as General Custer – Custom Print or Framed,ACTIVE,Pet Portrait,gid://shopify/ProductVariant/58801001562493,Version 2 / A4 Black Frame,FOXY-PRINT-PPCUS-19,24.99
gid://shopify/Product/16052548796797,personalised-pet-portrait-custer,Personalised Pet Portrait – Your Dog or Cat as General Custer – Custom Print or Framed,ACTIVE,Pet Portrait,gid://shopify/ProductVariant/58801001595261,Version 2 / A4 Silver Frame,FOXY-PRINT-PPCUS-20,24.99
gid://shopify/Product/16052548796797,personalised-pet-portrait-custer,Personalised Pet Portrait – Your Dog or Cat as General Custer – Custom Print or Framed,ACTIVE,Pet Portrait,gid://shopify/ProductVariant/58801001628029,Version 2 / A4 Gold Frame,FOXY-PRINT-PPCUS-21,24.99
gid://shopify/Product/16052548796797,personalised-pet-portrait-custer,Personalised Pet Portrait – Your Dog or Cat as General Custer – Custom Print or Framed,ACTIVE,Pet Portrait,gid://shopify/ProductVariant/58801001660797,Version 2 / A4 White Frame,FOXY-PRINT-PPCUS-22,24.99
gid://shopify/Product/16052548796797,personalised-pet-portrait-custer,Personalised Pet Portrait – Your Dog or Cat as General Custer – Custom Print or Framed,ACTIVE,Pet Portrait,gid://shopify/ProductVariant/58801001693565,Version 2 / A3 Black Frame,FOXY-PRINT-PPCUS-23,29.99
gid://shopify/Product/16052548796797,personalised-pet-portrait-custer,Personalised Pet Portrait – Your Dog or Cat as General Custer – Custom Print or Framed,ACTIVE,Pet Portrait,gid://shopify/ProductVariant/58801001726333,Version 2 / A3 Silver Frame,FOXY-PRINT-PPCUS-24,29.99
gid://shopify/Product/16052548796797,personalised-pet-portrait-custer,Personalised Pet Portrait – Your Dog or Cat as General Custer – Custom Print or Framed,ACTIVE,Pet Portrait,gid://shopify/ProductVariant/58801001759101,Version 2 / A3 Gold Frame,FOXY-PRINT-PPCUS-25,29.99
gid://shopify/Product/16052548796797,personalised-pet-portrait-custer,Personalised Pet Portrait – Your Dog or Cat as General Custer – Custom Print or Framed,ACTIVE,Pet Portrait,gid://shopify/ProductVariant/58801001791869,Version 2 / A3 White Frame,FOXY-PRINT-PPCUS-26,29.99
gid://shopify/Product/16052550009213,personalised-pet-portrait-henry-viii,Personalised Pet Portrait – Your Dog or Cat as King Henry VIII – Custom Print or Framed,ACTIVE,Pet Portrait,gid://shopify/ProductVariant/58801004446077,Version 1 / A4 Black Frame,FOXY-PRINT-PPHEN-06,24.99
gid://shopify/Product/16052550009213,personalised-pet-portrait-henry-viii,Personalised Pet Portrait – Your Dog or Cat as King Henry VIII – Custom Print or Framed,ACTIVE,Pet Portrait,gid://shopify/ProductVariant/58801004478845,Version 1 / A4 Silver Frame,FOXY-PRINT-PPHEN-07,24.99
gid://shopify/Product/16052550009213,personalised-pet-portrait-henry-viii,Personalised Pet Portrait – Your Dog or Cat as King Henry VIII – Custom Print or Framed,ACTIVE,Pet Portrait,gid://shopify/ProductVariant/58801004511613,Version 1 / A4 Gold Frame,FOXY-PRINT-PPHEN-08,24.99
gid://shopify/Product/16052550009213,personalised-pet-portrait-henry-viii,Personalised Pet Portrait – Your Dog or Cat as King Henry VIII – Custom Print or Framed,ACTIVE,Pet Portrait,gid://shopify/ProductVariant/58801004544381,Version 1 / A4 White Frame,FOXY-PRINT-PPHEN-09,24.99
gid://shopify/Product/16052550009213,personalised-pet-portrait-henry-viii,Personalised Pet Portrait – Your Dog or Cat as King Henry VIII – Custom Print or Framed,ACTIVE,Pet Portrait,gid://shopify/ProductVariant/58801004577149,Version 1 / A3 Black Frame,FOXY-PRINT-PPHEN-10,29.99
gid://shopify/Product/16052550009213,personalised-pet-portrait-henry-viii,Personalised Pet Portrait – Your Dog or Cat as King Henry VIII – Custom Print or Framed,ACTIVE,Pet Portrait,gid://shopify/ProductVariant/58801004609917,Version 1 / A3 Silver Frame,FOXY-PRINT-PPHEN-11,29.99
gid://shopify/Product/16052550009213,personalised-pet-portrait-henry-viii,Personalised Pet Portrait – Your Dog or Cat as King Henry VIII – Custom Print or Framed,ACTIVE,Pet Portrait,gid://shopify/ProductVariant/58801004642685,Version 1 / A3 Gold Frame,FOXY-PRINT-PPHEN-12,29.99
gid://shopify/Product/16052550009213,personalised-pet-portrait-henry-viii,Personalised Pet Portrait – Your Dog or Cat as King Henry VIII – Custom Print or Framed,ACTIVE,Pet Portrait,gid://shopify/ProductVariant/58801004675453,Version 1 / A3 White Frame,FOXY-PRINT-PPHEN-13,29.99
gid://shopify/Product/16052550009213,personalised-pet-portrait-henry-viii,Personalised Pet Portrait – Your Dog or Cat as King Henry VIII – Custom Print or Framed,ACTIVE,Pet Portrait,gid://shopify/ProductVariant/58801004872061,Version 2 / A4 Black Frame,FOXY-PRINT-PPHEN-19,24.99
gid://shopify/Product/16052550009213,personalised-pet-portrait-henry-viii,Personalised Pet Portrait – Your Dog or Cat as King Henry VIII – Custom Print or Framed,ACTIVE,Pet Portrait,gid://shopify/ProductVariant/58801004904829,Version 2 / A4 Silver Frame,FOXY-PRINT-PPHEN-20,24.99
gid://shopify/Product/16052550009213,personalised-pet-portrait-henry-viii,Personalised Pet Portrait – Your Dog or Cat as King Henry VIII – Custom Print or Framed,ACTIVE,Pet Portrait,gid://shopify/ProductVariant/58801004937597,Version 2 / A4 Gold Frame,FOXY-PRINT-PPHEN-21,24.99
gid://shopify/Product/16052550009213,personalised-pet-portrait-henry-viii,Personalised Pet Portrait – Your Dog or Cat as King Henry VIII – Custom Print or Framed,ACTIVE,Pet Portrait,gid://shopify/ProductVariant/58801004970365,Version 2 / A4 White Frame,FOXY-PRINT-PPHEN-22,24.99
gid://shopify/Product/16052550009213,personalised-pet-portrait-henry-viii,Personalised Pet Portrait – Your Dog or Cat as King Henry VIII – Custom Print or Framed,ACTIVE,Pet Portrait,gid://shopify/ProductVariant/58801005003133,Version 2 / A3 Black Frame,FOXY-PRINT-PPHEN-23,29.99
gid://shopify/Product/16052550009213,personalised-pet-portrait-henry-viii,Personalised Pet Portrait – Your Dog or Cat as King Henry VIII – Custom Print or Framed,ACTIVE,Pet Portrait,gid://shopify/ProductVariant/58801005035901,Version 2 / A3 Silver Frame,FOXY-PRINT-PPHEN-24,29.99
gid://shopify/Product/16052550009213,personalised-pet-portrait-henry-viii,Personalised Pet Portrait – Your Dog or Cat as King Henry VIII – Custom Print or Framed,ACTIVE,Pet Portrait,gid://shopify/ProductVariant/58801005068669,Version 2 / A3 Gold Frame,FOXY-PRINT-PPHEN-25,29.99
gid://shopify/Product/16052550009213,personalised-pet-portrait-henry-viii,Personalised Pet Portrait – Your Dog or Cat as King Henry VIII – Custom Print or Framed,ACTIVE,Pet Portrait,gid://shopify/ProductVariant/58801005101437,Version 2 / A3 White Frame,FOXY-PRINT-PPHEN-26,29.99
gid://shopify/Product/16052551287165,personalised-pet-portrait-kitchener,Personalised Pet Portrait – Your Dog or Cat as Lord Kitchener – Custom Print or Framed,ACTIVE,Pet Portrait,gid://shopify/ProductVariant/58801006477693,Version 1 / A4 Black Frame,FOXY-PRINT-PPKIT-06,24.99
gid://shopify/Product/16052551287165,personalised-pet-portrait-kitchener,Personalised Pet Portrait – Your Dog or Cat as Lord Kitchener – Custom Print or Framed,ACTIVE,Pet Portrait,gid://shopify/ProductVariant/58801006510461,Version 1 / A4 Silver Frame,FOXY-PRINT-PPKIT-07,24.99
gid://shopify/Product/16052551287165,personalised-pet-portrait-kitchener,Personalised Pet Portrait – Your Dog or Cat as Lord Kitchener – Custom Print or Framed,ACTIVE,Pet Portrait,gid://shopify/ProductVariant/58801006543229,Version 1 / A4 Gold Frame,FOXY-PRINT-PPKIT-08,24.99
gid://shopify/Product/16052551287165,personalised-pet-portrait-kitchener,Personalised Pet Portrait – Your Dog or Cat as Lord Kitchener – Custom Print or Framed,ACTIVE,Pet Portrait,gid://shopify/ProductVariant/58801006575997,Version 1 / A4 White Frame,FOXY-PRINT-PPKIT-09,24.99
gid://shopify/Product/16052551287165,personalised-pet-portrait-kitchener,Personalised Pet Portrait – Your Dog or Cat as Lord Kitchener – Custom Print or Framed,ACTIVE,Pet Portrait,gid://shopify/ProductVariant/58801006608765,Version 1 / A3 Black Frame,FOXY-PRINT-PPKIT-10,29.99
gid://shopify/Product/16052551287165,personalised-pet-portrait-kitchener,Personalised Pet Portrait – Your Dog or Cat as Lord Kitchener – Custom Print or Framed,ACTIVE,Pet Portrait,gid://shopify/ProductVariant/58801006641533,Version 1 / A3 Silver Frame,FOXY-PRINT-PPKIT-11,29.99
gid://shopify/Product/16052551287165,personalised-pet-portrait-kitchener,Personalised Pet Portrait – Your Dog or Cat as Lord Kitchener – Custom Print or Framed,ACTIVE,Pet Portrait,gid://shopify/ProductVariant/58801006674301,Version 1 / A3 Gold Frame,FOXY-PRINT-PPKIT-12,29.99
gid://shopify/Product/16052551287165,personalised-pet-portrait-kitchener,Personalised Pet Portrait – Your Dog or Cat as Lord Kitchener – Custom Print or Framed,ACTIVE,Pet Portrait,gid://shopify/ProductVariant/58801006707069,Version 1 / A3 White Frame,FOXY-PRINT-PPKIT-13,29.99
gid://shopify/Product/16052551287165,personalised-pet-portrait-kitchener,Personalised Pet Portrait – Your Dog or Cat as Lord Kitchener – Custom Print or Framed,ACTIVE,Pet Portrait,gid://shopify/ProductVariant/58801006903677,Version 2 / A4 Black Frame,FOXY-PRINT-PPKIT-19,24.99
gid://shopify/Product/16052551287165,personalised-pet-portrait-kitchener,Personalised Pet Portrait – Your Dog or Cat as Lord Kitchener – Custom Print or Framed,ACTIVE,Pet Portrait,gid://shopify/ProductVariant/58801006936445,Version 2 / A4 Silver Frame,FOXY-PRINT-PPKIT-20,24.99
gid://shopify/Product/16052551287165,personalised-pet-portrait-kitchener,Personalised Pet Portrait – Your Dog or Cat as Lord Kitchener – Custom Print or Framed,ACTIVE,Pet Portrait,gid://shopify/ProductVariant/58801006969213,Version 2 / A4 Gold Frame,FOXY-PRINT-PPKIT-21,24.99
gid://shopify/Product/16052551287165,personalised-pet-portrait-kitchener,Personalised Pet Portrait – Your Dog or Cat as Lord Kitchener – Custom Print or Framed,ACTIVE,Pet Portrait,gid://shopify/ProductVariant/58801007001981,Version 2 / A4 White Frame,FOXY-PRINT-PPKIT-22,24.99
gid://shopify/Product/16052551287165,personalised-pet-portrait-kitchener,Personalised Pet Portrait – Your Dog or Cat as Lord Kitchener – Custom Print or Framed,ACTIVE,Pet Portrait,gid://shopify/ProductVariant/58801007034749,Version 2 / A3 Black Frame,FOXY-PRINT-PPKIT-23,29.99
gid://shopify/Product/16052551287165,personalised-pet-portrait-kitchener,Personalised Pet Portrait – Your Dog or Cat as Lord Kitchener – Custom Print or Framed,ACTIVE,Pet Portrait,gid://shopify/ProductVariant/58801007067517,Version 2 / A3 Silver Frame,FOXY-PRINT-PPKIT-24,29.99
gid://shopify/Product/16052551287165,personalised-pet-portrait-kitchener,Personalised Pet Portrait – Your Dog or Cat as Lord Kitchener – Custom Print or Framed,ACTIVE,Pet Portrait,gid://shopify/ProductVariant/58801007100285,Version 2 / A3 Gold Frame,FOXY-PRINT-PPKIT-25,29.99
gid://shopify/Product/16052551287165,personalised-pet-portrait-kitchener,Personalised Pet Portrait – Your Dog or Cat as Lord Kitchener – Custom Print or Framed,ACTIVE,Pet Portrait,gid://shopify/ProductVariant/58801007133053,Version 2 / A3 White Frame,FOXY-PRINT-PPKIT-26,29.99
gid://shopify/Product/16052553122173,personalised-pet-portrait-lincoln,Personalised Pet Portrait – Your Dog or Cat as Abraham Lincoln – Custom Print or Framed,ACTIVE,Pet Portrait,gid://shopify/ProductVariant/58801009131901,Version 1 / A4 Black Frame,FOXY-PRINT-PPLIN-06,24.99
gid://shopify/Product/16052553122173,personalised-pet-portrait-lincoln,Personalised Pet Portrait – Your Dog or Cat as Abraham Lincoln – Custom Print or Framed,ACTIVE,Pet Portrait,gid://shopify/ProductVariant/58801009164669,Version 1 / A4 Silver Frame,FOXY-PRINT-PPLIN-07,24.99
gid://shopify/Product/16052553122173,personalised-pet-portrait-lincoln,Personalised Pet Portrait – Your Dog or Cat as Abraham Lincoln – Custom Print or Framed,ACTIVE,Pet Portrait,gid://shopify/ProductVariant/58801009197437,Version 1 / A4 Gold Frame,FOXY-PRINT-PPLIN-08,24.99
gid://shopify/Product/16052553122173,personalised-pet-portrait-lincoln,Personalised Pet Portrait – Your Dog or Cat as Abraham Lincoln – Custom Print or Framed,ACTIVE,Pet Portrait,gid://shopify/ProductVariant/58801009230205,Version 1 / A4 White Frame,FOXY-PRINT-PPLIN-09,24.99
gid://shopify/Product/16052553122173,personalised-pet-portrait-lincoln,Personalised Pet Portrait – Your Dog or Cat as Abraham Lincoln – Custom Print or Framed,ACTIVE,Pet Portrait,gid://shopify/ProductVariant/58801009262973,Version 1 / A3 Black Frame,FOXY-PRINT-PPLIN-10,29.99
gid://shopify/Product/16052553122173,personalised-pet-portrait-lincoln,Personalised Pet Portrait – Your Dog or Cat as Abraham Lincoln – Custom Print or Framed,ACTIVE,Pet Portrait,gid://shopify/ProductVariant/58801009295741,Version 1 / A3 Silver Frame,FOXY-PRINT-PPLIN-11,29.99
gid://shopify/Product/16052553122173,personalised-pet-portrait-lincoln,Personalised Pet Portrait – Your Dog or Cat as Abraham Lincoln – Custom Print or Framed,ACTIVE,Pet Portrait,gid://shopify/ProductVariant/58801009328509,Version 1 / A3 Gold Frame,FOXY-PRINT-PPLIN-12,29.99
gid://shopify/Product/16052553122173,personalised-pet-portrait-lincoln,Personalised Pet Portrait – Your Dog or Cat as Abraham Lincoln – Custom Print or Framed,ACTIVE,Pet Portrait,gid://shopify/ProductVariant/58801009361277,Version 1 / A3 White Frame,FOXY-PRINT-PPLIN-13,29.99
gid://shopify/Product/16052553122173,personalised-pet-portrait-lincoln,Personalised Pet Portrait – Your Dog or Cat as Abraham Lincoln – Custom Print or Framed,ACTIVE,Pet Portrait,gid://shopify/ProductVariant/58801009557885,Version 2 / A4 Black Frame,FOXY-PRINT-PPLIN-19,24.99
gid://shopify/Product/16052553122173,personalised-pet-portrait-lincoln,Personalised Pet Portrait – Your Dog or Cat as Abraham Lincoln – Custom Print or Framed,ACTIVE,Pet Portrait,gid://shopify/ProductVariant/58801009590653,Version 2 / A4 Silver Frame,FOXY-PRINT-PPLIN-20,24.99
gid://shopify/Product/16052553122173,personalised-pet-portrait-lincoln,Personalised Pet Portrait – Your Dog or Cat as Abraham Lincoln – Custom Print or Framed,ACTIVE,Pet Portrait,gid://shopify/ProductVariant/58801009623421,Version 2 / A4 Gold Frame,FOXY-PRINT-PPLIN-21,24.99
gid://shopify/Product/16052553122173,personalised-pet-portrait-lincoln,Personalised Pet Portrait – Your Dog or Cat as Abraham Lincoln – Custom Print or Framed,ACTIVE,Pet Portrait,gid://shopify/ProductVariant/58801009656189,Version 2 / A4 White Frame,FOXY-PRINT-PPLIN-22,24.99
gid://shopify/Product/16052553122173,personalised-pet-portrait-lincoln,Personalised Pet Portrait – Your Dog or Cat as Abraham Lincoln – Custom Print or Framed,ACTIVE,Pet Portrait,gid://shopify/ProductVariant/58801009688957,Version 2 / A3 Black Frame,FOXY-PRINT-PPLIN-23,29.99
gid://shopify/Product/16052553122173,personalised-pet-portrait-lincoln,Personalised Pet Portrait – Your Dog or Cat as Abraham Lincoln – Custom Print or Framed,ACTIVE,Pet Portrait,gid://shopify/ProductVariant/58801009721725,Version 2 / A3 Silver Frame,FOXY-PRINT-PPLIN-24,29.99
gid://shopify/Product/16052553122173,personalised-pet-portrait-lincoln,Personalised Pet Portrait – Your Dog or Cat as Abraham Lincoln – Custom Print or Framed,ACTIVE,Pet Portrait,gid://shopify/ProductVariant/58801009754493,Version 2 / A3 Gold Frame,FOXY-PRINT-PPLIN-25,29.99
gid://shopify/Product/16052553122173,personalised-pet-portrait-lincoln,Personalised Pet Portrait – Your Dog or Cat as Abraham Lincoln – Custom Print or Framed,ACTIVE,Pet Portrait,gid://shopify/ProductVariant/58801009787261,Version 2 / A3 White Frame,FOXY-PRINT-PPLIN-26,29.99
gid://shopify/Product/16052554400125,personalised-pet-portrait-mona-lisa,Personalised Pet Portrait – Your Dog or Cat as the Mona Lisa – Custom Print or Framed,ACTIVE,Pet Portrait,gid://shopify/ProductVariant/58801011261821,Version 1 / A4 Black Frame,FOXY-PRINT-PPMON-06,24.99
gid://shopify/Product/16052554400125,personalised-pet-portrait-mona-lisa,Personalised Pet Portrait – Your Dog or Cat as the Mona Lisa – Custom Print or Framed,ACTIVE,Pet Portrait,gid://shopify/ProductVariant/58801011294589,Version 1 / A4 Silver Frame,FOXY-PRINT-PPMON-07,24.99
gid://shopify/Product/16052554400125,personalised-pet-portrait-mona-lisa,Personalised Pet Portrait – Your Dog or Cat as the Mona Lisa – Custom Print or Framed,ACTIVE,Pet Portrait,gid://shopify/ProductVariant/58801011327357,Version 1 / A4 Gold Frame,FOXY-PRINT-PPMON-08,24.99
gid://shopify/Product/16052554400125,personalised-pet-portrait-mona-lisa,Personalised Pet Portrait – Your Dog or Cat as the Mona Lisa – Custom Print or Framed,ACTIVE,Pet Portrait,gid://shopify/ProductVariant/58801011360125,Version 1 / A4 White Frame,FOXY-PRINT-PPMON-09,24.99
gid://shopify/Product/16052554400125,personalised-pet-portrait-mona-lisa,Personalised Pet Portrait – Your Dog or Cat as the Mona Lisa – Custom Print or Framed,ACTIVE,Pet Portrait,gid://shopify/ProductVariant/58801011392893,Version 1 / A3 Black Frame,FOXY-PRINT-PPMON-10,29.99
gid://shopify/Product/16052554400125,personalised-pet-portrait-mona-lisa,Personalised Pet Portrait – Your Dog or Cat as the Mona Lisa – Custom Print or Framed,ACTIVE,Pet Portrait,gid://shopify/ProductVariant/58801011425661,Version 1 / A3 Silver Frame,FOXY-PRINT-PPMON-11,29.99
gid://shopify/Product/16052554400125,personalised-pet-portrait-mona-lisa,Personalised Pet Portrait – Your Dog or Cat as the Mona Lisa – Custom Print or Framed,ACTIVE,Pet Portrait,gid://shopify/ProductVariant/58801011458429,Version 1 / A3 Gold Frame,FOXY-PRINT-PPMON-12,29.99
gid://shopify/Product/16052554400125,personalised-pet-portrait-mona-lisa,Personalised Pet Portrait – Your Dog or Cat as the Mona Lisa – Custom Print or Framed,ACTIVE,Pet Portrait,gid://shopify/ProductVariant/58801011491197,Version 1 / A3 White Frame,FOXY-PRINT-PPMON-13,29.99
gid://shopify/Product/16052554400125,personalised-pet-portrait-mona-lisa,Personalised Pet Portrait – Your Dog or Cat as the Mona Lisa – Custom Print or Framed,ACTIVE,Pet Portrait,gid://shopify/ProductVariant/58801011687805,Version 2 / A4 Black Frame,FOXY-PRINT-PPMON-19,24.99
gid://shopify/Product/16052554400125,personalised-pet-portrait-mona-lisa,Personalised Pet Portrait – Your Dog or Cat as the Mona Lisa – Custom Print or Framed,ACTIVE,Pet Portrait,gid://shopify/ProductVariant/58801011720573,Version 2 / A4 Silver Frame,FOXY-PRINT-PPMON-20,24.99
gid://shopify/Product/16052554400125,personalised-pet-portrait-mona-lisa,Personalised Pet Portrait – Your Dog or Cat as the Mona Lisa – Custom Print or Framed,ACTIVE,Pet Portrait,gid://shopify/ProductVariant/58801011753341,Version 2 / A4 Gold Frame,FOXY-PRINT-PPMON-21,24.99
gid://shopify/Product/16052554400125,personalised-pet-portrait-mona-lisa,Personalised Pet Portrait – Your Dog or Cat as the Mona Lisa – Custom Print or Framed,ACTIVE,Pet Portrait,gid://shopify/ProductVariant/58801011786109,Version 2 / A4 White Frame,FOXY-PRINT-PPMON-22,24.99
gid://shopify/Product/16052554400125,personalised-pet-portrait-mona-lisa,Personalised Pet Portrait – Your Dog or Cat as the Mona Lisa – Custom Print or Framed,ACTIVE,Pet Portrait,gid://shopify/ProductVariant/58801011818877,Version 2 / A3 Black Frame,FOXY-PRINT-PPMON-23,29.99
gid://shopify/Product/16052554400125,personalised-pet-portrait-mona-lisa,Personalised Pet Portrait – Your Dog or Cat as the Mona Lisa – Custom Print or Framed,ACTIVE,Pet Portrait,gid://shopify/ProductVariant/58801011851645,Version 2 / A3 Silver Frame,FOXY-PRINT-PPMON-24,29.99
gid://shopify/Product/16052554400125,personalised-pet-portrait-mona-lisa,Personalised Pet Portrait – Your Dog or Cat as the Mona Lisa – Custom Print or Framed,ACTIVE,Pet Portrait,gid://shopify/ProductVariant/58801011884413,Version 2 / A3 Gold Frame,FOXY-PRINT-PPMON-25,29.99
gid://shopify/Product/16052554400125,personalised-pet-portrait-mona-lisa,Personalised Pet Portrait – Your Dog or Cat as the Mona Lisa – Custom Print or Framed,ACTIVE,Pet Portrait,gid://shopify/ProductVariant/58801011917181,Version 2 / A3 White Frame,FOXY-PRINT-PPMON-26,29.99
gid://shopify/Product/16052555678077,personalised-pet-portrait-mozart,Personalised Pet Portrait – Your Dog or Cat as Mozart – Custom Print or Framed,ACTIVE,Pet Portrait,gid://shopify/ProductVariant/58801015652733,Version 1 / A4 Black Frame,FOXY-PRINT-PPMOZ-06,24.99
gid://shopify/Product/16052555678077,personalised-pet-portrait-mozart,Personalised Pet Portrait – Your Dog or Cat as Mozart – Custom Print or Framed,ACTIVE,Pet Portrait,gid://shopify/ProductVariant/58801015685501,Version 1 / A4 Silver Frame,FOXY-PRINT-PPMOZ-07,24.99
gid://shopify/Product/16052555678077,personalised-pet-portrait-mozart,Personalised Pet Portrait – Your Dog or Cat as Mozart – Custom Print or Framed,ACTIVE,Pet Portrait,gid://shopify/ProductVariant/58801015718269,Version 1 / A4 Gold Frame,FOXY-PRINT-PPMOZ-08,24.99
gid://shopify/Product/16052555678077,personalised-pet-portrait-mozart,Personalised Pet Portrait – Your Dog or Cat as Mozart – Custom Print or Framed,ACTIVE,Pet Portrait,gid://shopify/ProductVariant/58801015751037,Version 1 / A4 White Frame,FOXY-PRINT-PPMOZ-09,24.99
gid://shopify/Product/16052555678077,personalised-pet-portrait-mozart,Personalised Pet Portrait – Your Dog or Cat as Mozart – Custom Print or Framed,ACTIVE,Pet Portrait,gid://shopify/ProductVariant/58801015783805,Version 1 / A3 Black Frame,FOXY-PRINT-PPMOZ-10,29.99
gid://shopify/Product/16052555678077,personalised-pet-portrait-mozart,Personalised Pet Portrait – Your Dog or Cat as Mozart – Custom Print or Framed,ACTIVE,Pet Portrait,gid://shopify/ProductVariant/58801015816573,Version 1 / A3 Silver Frame,FOXY-PRINT-PPMOZ-11,29.99
gid://shopify/Product/16052555678077,personalised-pet-portrait-mozart,Personalised Pet Portrait – Your Dog or Cat as Mozart – Custom Print or Framed,ACTIVE,Pet Portrait,gid://shopify/ProductVariant/58801015849341,Version 1 / A3 Gold Frame,FOXY-PRINT-PPMOZ-12,29.99
gid://shopify/Product/16052555678077,personalised-pet-portrait-mozart,Personalised Pet Portrait – Your Dog or Cat as Mozart – Custom Print or Framed,ACTIVE,Pet Portrait,gid://shopify/ProductVariant/58801015882109,Version 1 / A3 White Frame,FOXY-PRINT-PPMOZ-13,29.99
gid://shopify/Product/16052555678077,personalised-pet-portrait-mozart,Personalised Pet Portrait – Your Dog or Cat as Mozart – Custom Print or Framed,ACTIVE,Pet Portrait,gid://shopify/ProductVariant/58801016078717,Version 2 / A4 Black Frame,FOXY-PRINT-PPMOZ-19,24.99
gid://shopify/Product/16052555678077,personalised-pet-portrait-mozart,Personalised Pet Portrait – Your Dog or Cat as Mozart – Custom Print or Framed,ACTIVE,Pet Portrait,gid://shopify/ProductVariant/58801016111485,Version 2 / A4 Silver Frame,FOXY-PRINT-PPMOZ-20,24.99
gid://shopify/Product/16052555678077,personalised-pet-portrait-mozart,Personalised Pet Portrait – Your Dog or Cat as Mozart – Custom Print or Framed,ACTIVE,Pet Portrait,gid://shopify/ProductVariant/58801016144253,Version 2 / A4 Gold Frame,FOXY-PRINT-PPMOZ-21,24.99
gid://shopify/Product/16052555678077,personalised-pet-portrait-mozart,Personalised Pet Portrait – Your Dog or Cat as Mozart – Custom Print or Framed,ACTIVE,Pet Portrait,gid://shopify/ProductVariant/58801016177021,Version 2 / A4 White Frame,FOXY-PRINT-PPMOZ-22,24.99
gid://shopify/Product/16052555678077,personalised-pet-portrait-mozart,Personalised Pet Portrait – Your Dog or Cat as Mozart – Custom Print or Framed,ACTIVE,Pet Portrait,gid://shopify/ProductVariant/58801016209789,Version 2 / A3 Black Frame,FOXY-PRINT-PPMOZ-23,29.99
gid://shopify/Product/16052555678077,personalised-pet-portrait-mozart,Personalised Pet Portrait – Your Dog or Cat as Mozart – Custom Print or Framed,ACTIVE,Pet Portrait,gid://shopify/ProductVariant/58801016242557,Version 2 / A3 Silver Frame,FOXY-PRINT-PPMOZ-24,29.99
gid://shopify/Product/16052555678077,personalised-pet-portrait-mozart,Personalised Pet Portrait – Your Dog or Cat as Mozart – Custom Print or Framed,ACTIVE,Pet Portrait,gid://shopify/ProductVariant/58801016275325,Version 2 / A3 Gold Frame,FOXY-PRINT-PPMOZ-25,29.99
gid://shopify/Product/16052555678077,personalised-pet-portrait-mozart,Personalised Pet Portrait – Your Dog or Cat as Mozart – Custom Print or Framed,ACTIVE,Pet Portrait,gid://shopify/ProductVariant/58801016308093,Version 2 / A3 White Frame,FOXY-PRINT-PPMOZ-26,29.99
gid://shopify/Product/16052557447549,personalised-pet-portrait-napoleon,Personalised Pet Portrait – Your Dog or Cat as Napoleon – Custom Print or Framed,ACTIVE,Pet Portrait,gid://shopify/ProductVariant/58801018241405,Version 1 / A4 Black Frame,FOXY-PRINT-PPNAP-06,24.99
gid://shopify/Product/16052557447549,personalised-pet-portrait-napoleon,Personalised Pet Portrait – Your Dog or Cat as Napoleon – Custom Print or Framed,ACTIVE,Pet Portrait,gid://shopify/ProductVariant/58801018274173,Version 1 / A4 Silver Frame,FOXY-PRINT-PPNAP-07,24.99
gid://shopify/Product/16052557447549,personalised-pet-portrait-napoleon,Personalised Pet Portrait – Your Dog or Cat as Napoleon – Custom Print or Framed,ACTIVE,Pet Portrait,gid://shopify/ProductVariant/58801018306941,Version 1 / A4 Gold Frame,FOXY-PRINT-PPNAP-08,24.99
gid://shopify/Product/16052557447549,personalised-pet-portrait-napoleon,Personalised Pet Portrait – Your Dog or Cat as Napoleon – Custom Print or Framed,ACTIVE,Pet Portrait,gid://shopify/ProductVariant/58801018339709,Version 1 / A4 White Frame,FOXY-PRINT-PPNAP-09,24.99
gid://shopify/Product/16052557447549,personalised-pet-portrait-napoleon,Personalised Pet Portrait – Your Dog or Cat as Napoleon – Custom Print or Framed,ACTIVE,Pet Portrait,gid://shopify/ProductVariant/58801018372477,Version 1 / A3 Black Frame,FOXY-PRINT-PPNAP-10,29.99
gid://shopify/Product/16052557447549,personalised-pet-portrait-napoleon,Personalised Pet Portrait – Your Dog or Cat as Napoleon – Custom Print or Framed,ACTIVE,Pet Portrait,gid://shopify/ProductVariant/58801018405245,Version 1 / A3 Silver Frame,FOXY-PRINT-PPNAP-11,29.99
gid://shopify/Product/16052557447549,personalised-pet-portrait-napoleon,Personalised Pet Portrait – Your Dog or Cat as Napoleon – Custom Print or Framed,ACTIVE,Pet Portrait,gid://shopify/ProductVariant/58801018438013,Version 1 / A3 Gold Frame,FOXY-PRINT-PPNAP-12,29.99
gid://shopify/Product/16052557447549,personalised-pet-portrait-napoleon,Personalised Pet Portrait – Your Dog or Cat as Napoleon – Custom Print or Framed,ACTIVE,Pet Portrait,gid://shopify/ProductVariant/58801018470781,Version 1 / A3 White Frame,FOXY-PRINT-PPNAP-13,29.99
gid://shopify/Product/16052557447549,personalised-pet-portrait-napoleon,Personalised Pet Portrait – Your Dog or Cat as Napoleon – Custom Print or Framed,ACTIVE,Pet Portrait,gid://shopify/ProductVariant/58801018667389,Version 2 / A4 Black Frame,FOXY-PRINT-PPNAP-19,24.99
gid://shopify/Product/16052557447549,personalised-pet-portrait-napoleon,Personalised Pet Portrait – Your Dog or Cat as Napoleon – Custom Print or Framed,ACTIVE,Pet Portrait,gid://shopify/ProductVariant/58801018700157,Version 2 / A4 Silver Frame,FOXY-PRINT-PPNAP-20,24.99
gid://shopify/Product/16052557447549,personalised-pet-portrait-napoleon,Personalised Pet Portrait – Your Dog or Cat as Napoleon – Custom Print or Framed,ACTIVE,Pet Portrait,gid://shopify/ProductVariant/58801018732925,Version 2 / A4 Gold Frame,FOXY-PRINT-PPNAP-21,24.99
gid://shopify/Product/16052557447549,personalised-pet-portrait-napoleon,Personalised Pet Portrait – Your Dog or Cat as Napoleon – Custom Print or Framed,ACTIVE,Pet Portrait,gid://shopify/ProductVariant/58801018765693,Version 2 / A4 White Frame,FOXY-PRINT-PPNAP-22,24.99
gid://shopify/Product/16052557447549,personalised-pet-portrait-napoleon,Personalised Pet Portrait – Your Dog or Cat as Napoleon – Custom Print or Framed,ACTIVE,Pet Portrait,gid://shopify/ProductVariant/58801018798461,Version 2 / A3 Black Frame,FOXY-PRINT-PPNAP-23,29.99
gid://shopify/Product/16052557447549,personalised-pet-portrait-napoleon,Personalised Pet Portrait – Your Dog or Cat as Napoleon – Custom Print or Framed,ACTIVE,Pet Portrait,gid://shopify/ProductVariant/58801018831229,Version 2 / A3 Silver Frame,FOXY-PRINT-PPNAP-24,29.99
gid://shopify/Product/16052557447549,personalised-pet-portrait-napoleon,Personalised Pet Portrait – Your Dog or Cat as Napoleon – Custom Print or Framed,ACTIVE,Pet Portrait,gid://shopify/ProductVariant/58801018863997,Version 2 / A3 Gold Frame,FOXY-PRINT-PPNAP-25,29.99
gid://shopify/Product/16052557447549,personalised-pet-portrait-napoleon,Personalised Pet Portrait – Your Dog or Cat as Napoleon – Custom Print or Framed,ACTIVE,Pet Portrait,gid://shopify/ProductVariant/58801018896765,Version 2 / A3 White Frame,FOXY-PRINT-PPNAP-26,29.99
gid://shopify/Product/16052559151485,personalised-pet-portrait-pearl-earring,Personalised Pet Portrait – Your Dog or Cat as the Girl with a Pearl Earring – Custom Print or Framed,ACTIVE,Pet Portrait,gid://shopify/ProductVariant/58801020830077,Version 1 / A4 Black Frame,FOXY-PRINT-PPPEA-06,24.99
gid://shopify/Product/16052559151485,personalised-pet-portrait-pearl-earring,Personalised Pet Portrait – Your Dog or Cat as the Girl with a Pearl Earring – Custom Print or Framed,ACTIVE,Pet Portrait,gid://shopify/ProductVariant/58801020862845,Version 1 / A4 Silver Frame,FOXY-PRINT-PPPEA-07,24.99
gid://shopify/Product/16052559151485,personalised-pet-portrait-pearl-earring,Personalised Pet Portrait – Your Dog or Cat as the Girl with a Pearl Earring – Custom Print or Framed,ACTIVE,Pet Portrait,gid://shopify/ProductVariant/58801020895613,Version 1 / A4 Gold Frame,FOXY-PRINT-PPPEA-08,24.99
gid://shopify/Product/16052559151485,personalised-pet-portrait-pearl-earring,Personalised Pet Portrait – Your Dog or Cat as the Girl with a Pearl Earring – Custom Print or Framed,ACTIVE,Pet Portrait,gid://shopify/ProductVariant/58801020928381,Version 1 / A4 White Frame,FOXY-PRINT-PPPEA-09,24.99
gid://shopify/Product/16052559151485,personalised-pet-portrait-pearl-earring,Personalised Pet Portrait – Your Dog or Cat as the Girl with a Pearl Earring – Custom Print or Framed,ACTIVE,Pet Portrait,gid://shopify/ProductVariant/58801020961149,Version 1 / A3 Black Frame,FOXY-PRINT-PPPEA-10,29.99
gid://shopify/Product/16052559151485,personalised-pet-portrait-pearl-earring,Personalised Pet Portrait – Your Dog or Cat as the Girl with a Pearl Earring – Custom Print or Framed,ACTIVE,Pet Portrait,gid://shopify/ProductVariant/58801020993917,Version 1 / A3 Silver Frame,FOXY-PRINT-PPPEA-11,29.99
gid://shopify/Product/16052559151485,personalised-pet-portrait-pearl-earring,Personalised Pet Portrait – Your Dog or Cat as the Girl with a Pearl Earring – Custom Print or Framed,ACTIVE,Pet Portrait,gid://shopify/ProductVariant/58801021026685,Version 1 / A3 Gold Frame,FOXY-PRINT-PPPEA-12,29.99
gid://shopify/Product/16052559151485,personalised-pet-portrait-pearl-earring,Personalised Pet Portrait – Your Dog or Cat as the Girl with a Pearl Earring – Custom Print or Framed,ACTIVE,Pet Portrait,gid://shopify/ProductVariant/58801021059453,Version 1 / A3 White Frame,FOXY-PRINT-PPPEA-13,29.99
gid://shopify/Product/16052559151485,personalised-pet-portrait-pearl-earring,Personalised Pet Portrait – Your Dog or Cat as the Girl with a Pearl Earring – Custom Print or Framed,ACTIVE,Pet Portrait,gid://shopify/ProductVariant/58801021256061,Version 2 / A4 Black Frame,FOXY-PRINT-PPPEA-19,24.99
gid://shopify/Product/16052559151485,personalised-pet-portrait-pearl-earring,Personalised Pet Portrait – Your Dog or Cat as the Girl with a Pearl Earring – Custom Print or Framed,ACTIVE,Pet Portrait,gid://shopify/ProductVariant/58801021288829,Version 2 / A4 Silver Frame,FOXY-PRINT-PPPEA-20,24.99
gid://shopify/Product/16052559151485,personalised-pet-portrait-pearl-earring,Personalised Pet Portrait – Your Dog or Cat as the Girl with a Pearl Earring – Custom Print or Framed,ACTIVE,Pet Portrait,gid://shopify/ProductVariant/58801021321597,Version 2 / A4 Gold Frame,FOXY-PRINT-PPPEA-21,24.99
gid://shopify/Product/16052559151485,personalised-pet-portrait-pearl-earring,Personalised Pet Portrait – Your Dog or Cat as the Girl with a Pearl Earring – Custom Print or Framed,ACTIVE,Pet Portrait,gid://shopify/ProductVariant/58801021354365,Version 2 / A4 White Frame,FOXY-PRINT-PPPEA-22,24.99
gid://shopify/Product/16052559151485,personalised-pet-portrait-pearl-earring,Personalised Pet Portrait – Your Dog or Cat as the Girl with a Pearl Earring – Custom Print or Framed,ACTIVE,Pet Portrait,gid://shopify/ProductVariant/58801021387133,Version 2 / A3 Black Frame,FOXY-PRINT-PPPEA-23,29.99
gid://shopify/Product/16052559151485,personalised-pet-portrait-pearl-earring,Personalised Pet Portrait – Your Dog or Cat as the Girl with a Pearl Earring – Custom Print or Framed,ACTIVE,Pet Portrait,gid://shopify/ProductVariant/58801021419901,Version 2 / A3 Silver Frame,FOXY-PRINT-PPPEA-24,29.99
gid://shopify/Product/16052559151485,personalised-pet-portrait-pearl-earring,Personalised Pet Portrait – Your Dog or Cat as the Girl with a Pearl Earring – Custom Print or Framed,ACTIVE,Pet Portrait,gid://shopify/ProductVariant/58801021452669,Version 2 / A3 Gold Frame,FOXY-PRINT-PPPEA-25,29.99
gid://shopify/Product/16052559151485,personalised-pet-portrait-pearl-earring,Personalised Pet Portrait – Your Dog or Cat as the Girl with a Pearl Earring – Custom Print or Framed,ACTIVE,Pet Portrait,gid://shopify/ProductVariant/58801021485437,Version 2 / A3 White Frame,FOXY-PRINT-PPPEA-26,29.99
gid://shopify/Product/16052560724349,personalised-pet-portrait-roman-emperor,Personalised Pet Portrait – Your Dog or Cat as a Roman Emperor – Custom Print or Framed,ACTIVE,Pet Portrait,gid://shopify/ProductVariant/58801024139645,Version 1 / A4 Black Frame,FOXY-PRINT-PPROM-06,24.99
gid://shopify/Product/16052560724349,personalised-pet-portrait-roman-emperor,Personalised Pet Portrait – Your Dog or Cat as a Roman Emperor – Custom Print or Framed,ACTIVE,Pet Portrait,gid://shopify/ProductVariant/58801024172413,Version 1 / A4 Silver Frame,FOXY-PRINT-PPROM-07,24.99
gid://shopify/Product/16052560724349,personalised-pet-portrait-roman-emperor,Personalised Pet Portrait – Your Dog or Cat as a Roman Emperor – Custom Print or Framed,ACTIVE,Pet Portrait,gid://shopify/ProductVariant/58801024205181,Version 1 / A4 Gold Frame,FOXY-PRINT-PPROM-08,24.99
gid://shopify/Product/16052560724349,personalised-pet-portrait-roman-emperor,Personalised Pet Portrait – Your Dog or Cat as a Roman Emperor – Custom Print or Framed,ACTIVE,Pet Portrait,gid://shopify/ProductVariant/58801024237949,Version 1 / A4 White Frame,FOXY-PRINT-PPROM-09,24.99
gid://shopify/Product/16052560724349,personalised-pet-portrait-roman-emperor,Personalised Pet Portrait – Your Dog or Cat as a Roman Emperor – Custom Print or Framed,ACTIVE,Pet Portrait,gid://shopify/ProductVariant/58801024270717,Version 1 / A3 Black Frame,FOXY-PRINT-PPROM-10,29.99
gid://shopify/Product/16052560724349,personalised-pet-portrait-roman-emperor,Personalised Pet Portrait – Your Dog or Cat as a Roman Emperor – Custom Print or Framed,ACTIVE,Pet Portrait,gid://shopify/ProductVariant/58801024303485,Version 1 / A3 Silver Frame,FOXY-PRINT-PPROM-11,29.99
gid://shopify/Product/16052560724349,personalised-pet-portrait-roman-emperor,Personalised Pet Portrait – Your Dog or Cat as a Roman Emperor – Custom Print or Framed,ACTIVE,Pet Portrait,gid://shopify/ProductVariant/58801024336253,Version 1 / A3 Gold Frame,FOXY-PRINT-PPROM-12,29.99
gid://shopify/Product/16052560724349,personalised-pet-portrait-roman-emperor,Personalised Pet Portrait – Your Dog or Cat as a Roman Emperor – Custom Print or Framed,ACTIVE,Pet Portrait,gid://shopify/ProductVariant/58801024369021,Version 1 / A3 White Frame,FOXY-PRINT-PPROM-13,29.99
gid://shopify/Product/16052560724349,personalised-pet-portrait-roman-emperor,Personalised Pet Portrait – Your Dog or Cat as a Roman Emperor – Custom Print or Framed,ACTIVE,Pet Portrait,gid://shopify/ProductVariant/58801024565629,Version 2 / A4 Black Frame,FOXY-PRINT-PPROM-19,24.99
gid://shopify/Product/16052560724349,personalised-pet-portrait-roman-emperor,Personalised Pet Portrait – Your Dog or Cat as a Roman Emperor – Custom Print or Framed,ACTIVE,Pet Portrait,gid://shopify/ProductVariant/58801024598397,Version 2 / A4 Silver Frame,FOXY-PRINT-PPROM-20,24.99
gid://shopify/Product/16052560724349,personalised-pet-portrait-roman-emperor,Personalised Pet Portrait – Your Dog or Cat as a Roman Emperor – Custom Print or Framed,ACTIVE,Pet Portrait,gid://shopify/ProductVariant/58801024631165,Version 2 / A4 Gold Frame,FOXY-PRINT-PPROM-21,24.99
gid://shopify/Product/16052560724349,personalised-pet-portrait-roman-emperor,Personalised Pet Portrait – Your Dog or Cat as a Roman Emperor – Custom Print or Framed,ACTIVE,Pet Portrait,gid://shopify/ProductVariant/58801024663933,Version 2 / A4 White Frame,FOXY-PRINT-PPROM-22,24.99
gid://shopify/Product/16052560724349,personalised-pet-portrait-roman-emperor,Personalised Pet Portrait – Your Dog or Cat as a Roman Emperor – Custom Print or Framed,ACTIVE,Pet Portrait,gid://shopify/ProductVariant/58801024696701,Version 2 / A3 Black Frame,FOXY-PRINT-PPROM-23,29.99
gid://shopify/Product/16052560724349,personalised-pet-portrait-roman-emperor,Personalised Pet Portrait – Your Dog or Cat as a Roman Emperor – Custom Print or Framed,ACTIVE,Pet Portrait,gid://shopify/ProductVariant/58801024729469,Version 2 / A3 Silver Frame,FOXY-PRINT-PPROM-24,29.99
gid://shopify/Product/16052560724349,personalised-pet-portrait-roman-emperor,Personalised Pet Portrait – Your Dog or Cat as a Roman Emperor – Custom Print or Framed,ACTIVE,Pet Portrait,gid://shopify/ProductVariant/58801024762237,Version 2 / A3 Gold Frame,FOXY-PRINT-PPROM-25,29.99
gid://shopify/Product/16052560724349,personalised-pet-portrait-roman-emperor,Personalised Pet Portrait – Your Dog or Cat as a Roman Emperor – Custom Print or Framed,ACTIVE,Pet Portrait,gid://shopify/ProductVariant/58801024795005,Version 2 / A3 White Frame,FOXY-PRINT-PPROM-26,29.99
gid://shopify/Product/16052562592125,personalised-pet-portrait-shakespeare,Personalised Pet Portrait – Your Dog or Cat as William Shakespeare – Custom Print or Framed,ACTIVE,Pet Portrait,gid://shopify/ProductVariant/58801026728317,Version 1 / A4 Black Frame,FOXY-PRINT-PPSHA-06,24.99
gid://shopify/Product/16052562592125,personalised-pet-portrait-shakespeare,Personalised Pet Portrait – Your Dog or Cat as William Shakespeare – Custom Print or Framed,ACTIVE,Pet Portrait,gid://shopify/ProductVariant/58801026761085,Version 1 / A4 Silver Frame,FOXY-PRINT-PPSHA-07,24.99
gid://shopify/Product/16052562592125,personalised-pet-portrait-shakespeare,Personalised Pet Portrait – Your Dog or Cat as William Shakespeare – Custom Print or Framed,ACTIVE,Pet Portrait,gid://shopify/ProductVariant/58801026793853,Version 1 / A4 Gold Frame,FOXY-PRINT-PPSHA-08,24.99
gid://shopify/Product/16052562592125,personalised-pet-portrait-shakespeare,Personalised Pet Portrait – Your Dog or Cat as William Shakespeare – Custom Print or Framed,ACTIVE,Pet Portrait,gid://shopify/ProductVariant/58801026826621,Version 1 / A4 White Frame,FOXY-PRINT-PPSHA-09,24.99
gid://shopify/Product/16052562592125,personalised-pet-portrait-shakespeare,Personalised Pet Portrait – Your Dog or Cat as William Shakespeare – Custom Print or Framed,ACTIVE,Pet Portrait,gid://shopify/ProductVariant/58801026859389,Version 1 / A3 Black Frame,FOXY-PRINT-PPSHA-10,29.99
gid://shopify/Product/16052562592125,personalised-pet-portrait-shakespeare,Personalised Pet Portrait – Your Dog or Cat as William Shakespeare – Custom Print or Framed,ACTIVE,Pet Portrait,gid://shopify/ProductVariant/58801026892157,Version 1 / A3 Silver Frame,FOXY-PRINT-PPSHA-11,29.99
gid://shopify/Product/16052562592125,personalised-pet-portrait-shakespeare,Personalised Pet Portrait – Your Dog or Cat as William Shakespeare – Custom Print or Framed,ACTIVE,Pet Portrait,gid://shopify/ProductVariant/58801026924925,Version 1 / A3 Gold Frame,FOXY-PRINT-PPSHA-12,29.99
gid://shopify/Product/16052562592125,personalised-pet-portrait-shakespeare,Personalised Pet Portrait – Your Dog or Cat as William Shakespeare – Custom Print or Framed,ACTIVE,Pet Portrait,gid://shopify/ProductVariant/58801026957693,Version 1 / A3 White Frame,FOXY-PRINT-PPSHA-13,29.99
gid://shopify/Product/16052562592125,personalised-pet-portrait-shakespeare,Personalised Pet Portrait – Your Dog or Cat as William Shakespeare – Custom Print or Framed,ACTIVE,Pet Portrait,gid://shopify/ProductVariant/58801027154301,Version 2 / A4 Black Frame,FOXY-PRINT-PPSHA-19,24.99
gid://shopify/Product/16052562592125,personalised-pet-portrait-shakespeare,Personalised Pet Portrait – Your Dog or Cat as William Shakespeare – Custom Print or Framed,ACTIVE,Pet Portrait,gid://shopify/ProductVariant/58801027187069,Version 2 / A4 Silver Frame,FOXY-PRINT-PPSHA-20,24.99
gid://shopify/Product/16052562592125,personalised-pet-portrait-shakespeare,Personalised Pet Portrait – Your Dog or Cat as William Shakespeare – Custom Print or Framed,ACTIVE,Pet Portrait,gid://shopify/ProductVariant/58801027219837,Version 2 / A4 Gold Frame,FOXY-PRINT-PPSHA-21,24.99
gid://shopify/Product/16052562592125,personalised-pet-portrait-shakespeare,Personalised Pet Portrait – Your Dog or Cat as William Shakespeare – Custom Print or Framed,ACTIVE,Pet Portrait,gid://shopify/ProductVariant/58801027252605,Version 2 / A4 White Frame,FOXY-PRINT-PPSHA-22,24.99
gid://shopify/Product/16052562592125,personalised-pet-portrait-shakespeare,Personalised Pet Portrait – Your Dog or Cat as William Shakespeare – Custom Print or Framed,ACTIVE,Pet Portrait,gid://shopify/ProductVariant/58801027285373,Version 2 / A3 Black Frame,FOXY-PRINT-PPSHA-23,29.99
gid://shopify/Product/16052562592125,personalised-pet-portrait-shakespeare,Personalised Pet Portrait – Your Dog or Cat as William Shakespeare – Custom Print or Framed,ACTIVE,Pet Portrait,gid://shopify/ProductVariant/58801027318141,Version 2 / A3 Silver Frame,FOXY-PRINT-PPSHA-24,29.99
gid://shopify/Product/16052562592125,personalised-pet-portrait-shakespeare,Personalised Pet Portrait – Your Dog or Cat as William Shakespeare – Custom Print or Framed,ACTIVE,Pet Portrait,gid://shopify/ProductVariant/58801027350909,Version 2 / A3 Gold Frame,FOXY-PRINT-PPSHA-25,29.99
gid://shopify/Product/16052562592125,personalised-pet-portrait-shakespeare,Personalised Pet Portrait – Your Dog or Cat as William Shakespeare – Custom Print or Framed,ACTIVE,Pet Portrait,gid://shopify/ProductVariant/58801027383677,Version 2 / A3 White Frame,FOXY-PRINT-PPSHA-26,29.99
gid://shopify/Product/16052564197757,personalised-pet-portrait-queen-victoria,Personalised Pet Portrait – Your Dog or Cat as Queen Victoria – Custom Print or Framed,ACTIVE,Pet Portrait,gid://shopify/ProductVariant/58801029546365,Version 1 / A4 Black Frame,FOXY-PRINT-PPVIC-06,24.99
gid://shopify/Product/16052564197757,personalised-pet-portrait-queen-victoria,Personalised Pet Portrait – Your Dog or Cat as Queen Victoria – Custom Print or Framed,ACTIVE,Pet Portrait,gid://shopify/ProductVariant/58801029579133,Version 1 / A4 Silver Frame,FOXY-PRINT-PPVIC-07,24.99
gid://shopify/Product/16052564197757,personalised-pet-portrait-queen-victoria,Personalised Pet Portrait – Your Dog or Cat as Queen Victoria – Custom Print or Framed,ACTIVE,Pet Portrait,gid://shopify/ProductVariant/58801029611901,Version 1 / A4 Gold Frame,FOXY-PRINT-PPVIC-08,24.99
gid://shopify/Product/16052564197757,personalised-pet-portrait-queen-victoria,Personalised Pet Portrait – Your Dog or Cat as Queen Victoria – Custom Print or Framed,ACTIVE,Pet Portrait,gid://shopify/ProductVariant/58801029644669,Version 1 / A4 White Frame,FOXY-PRINT-PPVIC-09,24.99
gid://shopify/Product/16052564197757,personalised-pet-portrait-queen-victoria,Personalised Pet Portrait – Your Dog or Cat as Queen Victoria – Custom Print or Framed,ACTIVE,Pet Portrait,gid://shopify/ProductVariant/58801029677437,Version 1 / A3 Black Frame,FOXY-PRINT-PPVIC-10,29.99
gid://shopify/Product/16052564197757,personalised-pet-portrait-queen-victoria,Personalised Pet Portrait – Your Dog or Cat as Queen Victoria – Custom Print or Framed,ACTIVE,Pet Portrait,gid://shopify/ProductVariant/58801029710205,Version 1 / A3 Silver Frame,FOXY-PRINT-PPVIC-11,29.99
gid://shopify/Product/16052564197757,personalised-pet-portrait-queen-victoria,Personalised Pet Portrait – Your Dog or Cat as Queen Victoria – Custom Print or Framed,ACTIVE,Pet Portrait,gid://shopify/ProductVariant/58801029742973,Version 1 / A3 Gold Frame,FOXY-PRINT-PPVIC-12,29.99
gid://shopify/Product/16052564197757,personalised-pet-portrait-queen-victoria,Personalised Pet Portrait – Your Dog or Cat as Queen Victoria – Custom Print or Framed,ACTIVE,Pet Portrait,gid://shopify/ProductVariant/58801029775741,Version 1 / A3 White Frame,FOXY-PRINT-PPVIC-13,29.99
gid://shopify/Product/16052564197757,personalised-pet-portrait-queen-victoria,Personalised Pet Portrait – Your Dog or Cat as Queen Victoria – Custom Print or Framed,ACTIVE,Pet Portrait,gid://shopify/ProductVariant/58801029972349,Version 2 / A4 Black Frame,FOXY-PRINT-PPVIC-19,24.99
gid://shopify/Product/16052564197757,personalised-pet-portrait-queen-victoria,Personalised Pet Portrait – Your Dog or Cat as Queen Victoria – Custom Print or Framed,ACTIVE,Pet Portrait,gid://shopify/ProductVariant/58801030005117,Version 2 / A4 Silver Frame,FOXY-PRINT-PPVIC-20,24.99
gid://shopify/Product/16052564197757,personalised-pet-portrait-queen-victoria,Personalised Pet Portrait – Your Dog or Cat as Queen Victoria – Custom Print or Framed,ACTIVE,Pet Portrait,gid://shopify/ProductVariant/58801030037885,Version 2 / A4 Gold Frame,FOXY-PRINT-PPVIC-21,24.99
gid://shopify/Product/16052564197757,personalised-pet-portrait-queen-victoria,Personalised Pet Portrait – Your Dog or Cat as Queen Victoria – Custom Print or Framed,ACTIVE,Pet Portrait,gid://shopify/ProductVariant/58801030070653,Version 2 / A4 White Frame,FOXY-PRINT-PPVIC-22,24.99
gid://shopify/Product/16052564197757,personalised-pet-portrait-queen-victoria,Personalised Pet Portrait – Your Dog or Cat as Queen Victoria – Custom Print or Framed,ACTIVE,Pet Portrait,gid://shopify/ProductVariant/58801030103421,Version 2 / A3 Black Frame,FOXY-PRINT-PPVIC-23,29.99
gid://shopify/Product/16052564197757,personalised-pet-portrait-queen-victoria,Personalised Pet Portrait – Your Dog or Cat as Queen Victoria – Custom Print or Framed,ACTIVE,Pet Portrait,gid://shopify/ProductVariant/58801030136189,Version 2 / A3 Silver Frame,FOXY-PRINT-PPVIC-24,29.99
gid://shopify/Product/16052564197757,personalised-pet-portrait-queen-victoria,Personalised Pet Portrait – Your Dog or Cat as Queen Victoria – Custom Print or Framed,ACTIVE,Pet Portrait,gid://shopify/ProductVariant/58801030168957,Version 2 / A3 Gold Frame,FOXY-PRINT-PPVIC-25,29.99
gid://shopify/Product/16052564197757,personalised-pet-portrait-queen-victoria,Personalised Pet Portrait – Your Dog or Cat as Queen Victoria – Custom Print or Framed,ACTIVE,Pet Portrait,gid://shopify/ProductVariant/58801030201725,Version 2 / A3 White Frame,FOXY-PRINT-PPVIC-26,29.99
gid://shopify/Product/16052565868925,personalised-pet-portrait-george-washington,Personalised Pet Portrait – Your Dog or Cat as George Washington – Custom Print or Framed,ACTIVE,Pet Portrait,gid://shopify/ProductVariant/58801031938429,Version 1 / A4 Black Frame,FOXY-PRINT-PPWAS-06,24.99
gid://shopify/Product/16052565868925,personalised-pet-portrait-george-washington,Personalised Pet Portrait – Your Dog or Cat as George Washington – Custom Print or Framed,ACTIVE,Pet Portrait,gid://shopify/ProductVariant/58801031971197,Version 1 / A4 Silver Frame,FOXY-PRINT-PPWAS-07,24.99
gid://shopify/Product/16052565868925,personalised-pet-portrait-george-washington,Personalised Pet Portrait – Your Dog or Cat as George Washington – Custom Print or Framed,ACTIVE,Pet Portrait,gid://shopify/ProductVariant/58801032003965,Version 1 / A4 Gold Frame,FOXY-PRINT-PPWAS-08,24.99
gid://shopify/Product/16052565868925,personalised-pet-portrait-george-washington,Personalised Pet Portrait – Your Dog or Cat as George Washington – Custom Print or Framed,ACTIVE,Pet Portrait,gid://shopify/ProductVariant/58801032036733,Version 1 / A4 White Frame,FOXY-PRINT-PPWAS-09,24.99
gid://shopify/Product/16052565868925,personalised-pet-portrait-george-washington,Personalised Pet Portrait – Your Dog or Cat as George Washington – Custom Print or Framed,ACTIVE,Pet Portrait,gid://shopify/ProductVariant/58801032069501,Version 1 / A3 Black Frame,FOXY-PRINT-PPWAS-10,29.99
gid://shopify/Product/16052565868925,personalised-pet-portrait-george-washington,Personalised Pet Portrait – Your Dog or Cat as George Washington – Custom Print or Framed,ACTIVE,Pet Portrait,gid://shopify/ProductVariant/58801032102269,Version 1 / A3 Silver Frame,FOXY-PRINT-PPWAS-11,29.99
gid://shopify/Product/16052565868925,personalised-pet-portrait-george-washington,Personalised Pet Portrait – Your Dog or Cat as George Washington – Custom Print or Framed,ACTIVE,Pet Portrait,gid://shopify/ProductVariant/58801032135037,Version 1 / A3 Gold Frame,FOXY-PRINT-PPWAS-12,29.99
gid://shopify/Product/16052565868925,personalised-pet-portrait-george-washington,Personalised Pet Portrait – Your Dog or Cat as George Washington – Custom Print or Framed,ACTIVE,Pet Portrait,gid://shopify/ProductVariant/58801032167805,Version 1 / A3 White Frame,FOXY-PRINT-PPWAS-13,29.99
gid://shopify/Product/16052565868925,personalised-pet-portrait-george-washington,Personalised Pet Portrait – Your Dog or Cat as George Washington – Custom Print or Framed,ACTIVE,Pet Portrait,gid://shopify/ProductVariant/58801032364413,Version 2 / A4 Black Frame,FOXY-PRINT-PPWAS-19,24.99
gid://shopify/Product/16052565868925,personalised-pet-portrait-george-washington,Personalised Pet Portrait – Your Dog or Cat as George Washington – Custom Print or Framed,ACTIVE,Pet Portrait,gid://shopify/ProductVariant/58801032397181,Version 2 / A4 Silver Frame,FOXY-PRINT-PPWAS-20,24.99
gid://shopify/Product/16052565868925,personalised-pet-portrait-george-washington,Personalised Pet Portrait – Your Dog or Cat as George Washington – Custom Print or Framed,ACTIVE,Pet Portrait,gid://shopify/ProductVariant/58801032429949,Version 2 / A4 Gold Frame,FOXY-PRINT-PPWAS-21,24.99
gid://shopify/Product/16052565868925,personalised-pet-portrait-george-washington,Personalised Pet Portrait – Your Dog or Cat as George Washington – Custom Print or Framed,ACTIVE,Pet Portrait,gid://shopify/ProductVariant/58801032462717,Version 2 / A4 White Frame,FOXY-PRINT-PPWAS-22,24.99
gid://shopify/Product/16052565868925,personalised-pet-portrait-george-washington,Personalised Pet Portrait – Your Dog or Cat as George Washington – Custom Print or Framed,ACTIVE,Pet Portrait,gid://shopify/ProductVariant/58801032495485,Version 2 / A3 Black Frame,FOXY-PRINT-PPWAS-23,29.99
gid://shopify/Product/16052565868925,personalised-pet-portrait-george-washington,Personalised Pet Portrait – Your Dog or Cat as George Washington – Custom Print or Framed,ACTIVE,Pet Portrait,gid://shopify/ProductVariant/58801032528253,Version 2 / A3 Silver Frame,FOXY-PRINT-PPWAS-24,29.99
gid://shopify/Product/16052565868925,personalised-pet-portrait-george-washington,Personalised Pet Portrait – Your Dog or Cat as George Washington – Custom Print or Framed,ACTIVE,Pet Portrait,gid://shopify/ProductVariant/58801032561021,Version 2 / A3 Gold Frame,FOXY-PRINT-PPWAS-25,29.99
gid://shopify/Product/16052565868925,personalised-pet-portrait-george-washington,Personalised Pet Portrait – Your Dog or Cat as George Washington – Custom Print or Framed,ACTIVE,Pet Portrait,gid://shopify/ProductVariant/58801032593789,Version 2 / A3 White Frame,FOXY-PRINT-PPWAS-26,29.99
