design (no-background master file),live
ANDERSON SILVA 2 Martial Arts UFC Signed Print,yes
ANDERSON SILVA Martial Arts UFC Signed Print,yes
ANTHONY JOSHUA (2),yes
ANTHONY JOSHUA Boxing Champion,yes
ANTHONY JOSHUA,yes
BARRY McGUIGAN 2,yes
BARRY McGUIGAN,yes
CARL FROCH 2,yes
CARL FROCH,yes
CHRIS EUBANK JR,yes
CONNOR MCGREGOR BELT PORTRAIT SIGNED,yes
CONNOR MCGREGOR PENCIL PORTRAIT SIGNED,yes
Connor Mcgregor v Nate Diaz 2 Signed Picture,yes
Connor Mcgregor v Nate Diaz 3 Signed Picture,yes
Connor Mcgregor v Nate Diaz Signed Picture,yes
DAVID HAYE 2,yes
DAVID HAYE,yes
Deontay Wilder 2 Boxing Champion,yes
Deontay Wilder 3 Boxing Champion,yes
Deontay Wilder Boxing Champion,yes
EVANDER HOLYFIELD 2,yes
EVANDER HOLYFIELD,yes
FLOYD MAYWEATHER VS CONOR MCGREGOR 2,yes
FLOYD MAYWEATHER VS CONOR MCGREGOR 3,yes
FLOYD MAYWEATHER VS CONOR MCGREGOR,yes
FRANK BRUNO 2 Boxing,yes
FRANK BRUNO Boxing,yes
HENRY COOPER 2,yes
HENRY COOPER,yes
HEROL BOMBER 2,yes
HEROL BOMBER,yes
JAMES DEGALE 2,yes
JAMES DEGALE,yes
JOE CALZAGHE 2 remake,yes
JOE CALZAGHE remake,yes
JOHN CONTEH 2,yes
JOHN CONTEH,yes
JOSE ALDO _ CONOR MCGREGOR,yes
KELL BROOK 2 remake,yes
KELL BROOK remake,yes
KRAY TWINS Ronnie _ Reggie,yes
Khabib Nurmagomedov ufc POSTER SIGNED AUTOGRAPH,yes
LARRY HOLMES 2,yes
LARRY HOLMES,yes
LEGEND TOM HARDY AND THE KRAY TWINS RONNIE AND REGGIE KRAY,yes
LENNOX LEWIS 2,yes
LENNOX LEWIS,yes
MANNY PACQUIAO V FLOYD MAYWEATHER PRINT POSTER,yes
MARVELOUS MARVIN 2,yes
MARVELOUS MARVIN,yes
MIKE TYSON HEAVYWEIGHT BOXING CHAMPION,yes
MIKE TYSON,yes
MUHAMMAD ALI COLOUR,yes
MUHAMMAD ALI _ GEORGE FOREMAN 2,yes
MUHAMMAD ALI _ GEORGE FOREMAN,yes
MUHAMMAD ALI,yes
NATE DIAZ VS CONOR MCGREGOR 2,yes
NATE DIAZ VS CONOR MCGREGOR,yes
NIGEL BENN,yes
RICKY HATTON 2,yes
RICKY HATTON,yes
ROCKY MARCIANO 2,yes
ROCKY MARCIANO,yes
SUGAR RAY LEONARD _ MARVIN HAGLER 2,yes
SUGAR RAY LEONARD _ MARVIN HAGLER,yes
TERRY DOWNES 2,yes
TERRY DOWNES,yes
TOM HARDY LEGEND MOVIE POSTER,yes
TYSON FURY 2,yes
TYSON FURY,yes
VITALI KLITSCHKO 2,yes
VITALI KLITSCHKO,yes
WLADIMIR KLITSCHKO 2,yes
WLADIMIR KLITSCHKO,yes
alan minter 2,yes
alan minter,yes
