design,live_handle
AL MURRAY,al-murray-signed-autographed-comedy-star-print
ALAN CARR Chatty Man,alan-carr-chatty-man-signed-autographed-comedy-star-print
ALAN CARR Chatty Man 2,alan-carr-chatty-man-2-signed-autographed-comedy-star-print
ALAN CARR Chatty Man 3,alan-carr-chatty-man-3-signed-autographed-comedy-star-print
ANT AND DEC,ant-and-dec-signed-autographed-comedy-star-print
ANT AND DEC 2,ant-and-dec-2-signed-autographed-comedy-star-print
ANT AND DEC PJ AND DUNCAN,ant-and-dec-pj-and-duncan-signed-autographed-comedy-star-print
BILLY CONNOLLY,billy-connolly-signed-autographed-comedy-star-print
EDDIE IZZARD,eddie-izzard-signed-autographed-comedy-star-print
EDDIE IZZARD 2,eddie-izzard-2-signed-autographed-comedy-star-print
JIMMY CARR,jimmy-carr-signed-autographed-comedy-star-print
JIMMY CARR 2,jimmy-carr-2-signed-autographed-comedy-star-print
JOHN BISHOP,john-bishop-signed-autographed-comedy-star-print
JONATHAN ROSS,jonathan-ross-signed-autographed-comedy-star-print
LEE EVANS,lee-evans-signed-autographed-comedy-star-print
NORMAN WISDOM,norman-wisdom-signed-autographed-comedy-star-print
NORMAN WISDOM 2,norman-wisdom-2-signed-autographed-comedy-star-print
PETER KAY,peter-kay-signed-autographed-comedy-star-print
PETER KAY 2,peter-kay-2-signed-autographed-comedy-star-print
ROY CHUBBY BROWN,roy-chubby-brown-signed-autographed-comedy-star-print
ROY CHUBBY BROWN 2,roy-chubby-brown-2-signed-autographed-comedy-star-print
SACHA BARON COHEN,sacha-baron-cohen-signed-autographed-comedy-star-print
SACHA BARON COHEN Ali G Dictator Nobby Borat Grimsby,sacha-baron-cohen-ali-g-dictator-nobby-borat-grimsby-signed-autographed-comedy-star-print
SACHA BARON COHEN BRUNO Ali G Dictator Nobby Borat Grimsby,sacha-baron-cohen-bruno-ali-g-dictator-nobby-borat-grimsby-signed-autographed-comedy-star-print
SACHA BARON COHEN Borat,sacha-baron-cohen-borat-signed-autographed-comedy-star-print
SACHA BARON COHEN Borat 2,sacha-baron-cohen-borat-2-signed-autographed-comedy-star-print
SACHA BARON COHEN Dictator Nobby Borat Grimsby,sacha-baron-cohen-dictator-nobby-borat-grimsby-signed-autographed-comedy-star-print
SACHA BARON COHEN Nobby Borat Grimsby,sacha-baron-cohen-nobby-borat-grimsby-signed-autographed-comedy-star-print
STAN LAUREL AND OLIVER HARDY,stan-laurel-and-oliver-hardy-signed-autographed-comedy-star-print
TOMMY COOPER,tommy-cooper-signed-autographed-comedy-star-print
