dropbox_subfolder,design,2019_handle_found,note
(top level),YOAN GOUFFRAN 2,yes,
(top level),YOHAN CABAYE,yes,
(top level),YOHAN CABAYE 2,yes,
(top level),YOURI DJORKAEFF,yes,
(top level),YOURI DJORKAEFF 2,yes,
(top level),ZAVON HINES (1),yes,
(top level),ZAVON HINES 2,yes,
(top level),ZINEDINE ZIDANE 1,yes,
(top level),ZINEDINE ZIDANE 2,yes,
DONT KNOW THEM,ALAN BRAZIL,yes,
DONT KNOW THEM,ALAN BRAZIL 2,yes,
DONT KNOW THEM,ALAN DEVONSHIRE (1),yes,
DONT KNOW THEM,ALAN DEVONSHIRE 2,yes,
DONT KNOW THEM,ALAN KENNEDY 1,yes,
DONT KNOW THEM,ALAN KENNEDY 2,yes,
DONT KNOW THEM,ALAN MULLERY,yes,
DONT KNOW THEM,ALAN SMITH,yes,
DONT KNOW THEM,ALAN SMITH 2,yes,
DONT KNOW THEM,ALAN SMITH _ CHARLIE NICHOLAS,yes,
DONT KNOW THEM,ALAN SMITH _ CHARLIE NICHOLAS 2,yes,
DONT KNOW THEM,ALAN TAYLOR (1),yes,
DONT KNOW THEM,ALAN TAYLOR 2,yes,
DONT KNOW THEM,ALEX RAE 1,yes,
DONT KNOW THEM,ALEX RAE 2,yes,
DONT KNOW THEM,ALFREDO DI STEFANO 1,yes,
DONT KNOW THEM,ALFREDO DI STEFANO 2,yes,
DONT KNOW THEM,ALVIN MARTIN (1),yes,
DONT KNOW THEM,ALVIN MARTIN 2,yes,
DONT KNOW THEM,ANDREAS PEREIRA (1),yes,
DONT KNOW THEM,ANDREAS PEREIRA 2,yes,
DONT KNOW THEM,ANDRIY YARMOLENKO (1),yes,
DONT KNOW THEM,ANDRIY YARMOLENKO 2,yes,
DONT KNOW THEM,ANDY DIBBLE (1),yes,
DONT KNOW THEM,ANDY DIBBLE 2,yes,
DONT KNOW THEM,ANDY GRAY,yes,
DONT KNOW THEM,ANDY GRAY 2,yes,
DONT KNOW THEM,ANDY KEOGH,yes,
DONT KNOW THEM,ANDY KEOGH 2,yes,
DONT KNOW THEM,ARTURO LUPOLI,yes,
DONT KNOW THEM,ARTURO LUPOLI 2,yes,
DONT KNOW THEM,ATTILIO LOMBARDO,yes,
DONT KNOW THEM,ATTILIO LOMBARDO 2,yes,
DONT KNOW THEM,Alan Mullery 2,yes,
DONT KNOW THEM,Alexis Sanchez SILVER Signed Football Print SJ,no,"found under 2024 ""-signed-autographed-footballers-star-print"" handle"
DONT KNOW THEM,Archie GEMMILL,yes,
DONT KNOW THEM,Archie GEMMILL 2,yes,
DONT KNOW THEM,BARRY ROBSON,yes,
DONT KNOW THEM,BARRY ROBSON 2,yes,
DONT KNOW THEM,BILLY DODDS 1,yes,
DONT KNOW THEM,BILLY DODDS 2,yes,
DONT KNOW THEM,BOJAN KRKIC,yes,
DONT KNOW THEM,BOJAN KRKIC 2,yes,
DONT KNOW THEM,BONTCHO GUENTCHEV (1),yes,
DONT KNOW THEM,BOUDEWIJN ZENDEN,yes,
DONT KNOW THEM,BOUDEWIJN ZENDEN 2,yes,
DONT KNOW THEM,BRIAN JENSEN,yes,
DONT KNOW THEM,BRIAN JENSEN 2,yes,
DONT KNOW THEM,BRIAN KILCLINE,yes,
DONT KNOW THEM,BRIAN KILCLINE (1),yes,
DONT KNOW THEM,BRIAN KILCLINE 2,yes,
DONT KNOW THEM,BRIAN KILCLINE 2 (2),no,"found under 2024 ""-signed-autographed-footballers-star-print"" handle"
DONT KNOW THEM,BRIAN McCLAIR (1),yes,
DONT KNOW THEM,BRIAN McCLAIR 2,yes,
DONT KNOW THEM,BRIAN McDERMOTT 1,yes,
DONT KNOW THEM,BRIAN McDERMOTT 2,yes,
DONT KNOW THEM,BRYAN GUNN,yes,
DONT KNOW THEM,BRYAN GUNN 2,yes,
DONT KNOW THEM,BRYAN ROBSON (1),yes,
DONT KNOW THEM,BRYAN ROBSON 2,yes,
DONT KNOW THEM,Bert TRAUTMANN (1),yes,
DONT KNOW THEM,Bert TRAUTMANN 2,yes,
DONT KNOW THEM,Bobby Kerr,yes,
DONT KNOW THEM,Bobby Kerr 2,yes,
DONT KNOW THEM,CHARLIE GEORGE,yes,
DONT KNOW THEM,CHARLIE GEORGE 2,yes,
DONT KNOW THEM,CHRIS WOODS 1,yes,
DONT KNOW THEM,CHRIS WOODS 2 (2),no,"found under 2024 ""-signed-autographed-footballers-star-print"" handle"
DONT KNOW THEM,CHRISTIAN DAILLY WEST HAM 2,yes,
DONT KNOW THEM,CIPRIAN MARICA,yes,
DONT KNOW THEM,CIPRIAN MARICA 2,yes,
DONT KNOW THEM,CLAUDIO YACOB,yes,
DONT KNOW THEM,CLAUDIO YACOB 2,yes,
DONT KNOW THEM,CLINT HILL 1,yes,
DONT KNOW THEM,CLINT HILL 2,yes,
DONT KNOW THEM,CLIVE ALLEN,yes,
DONT KNOW THEM,CLIVE ALLEN 2,yes,
DONT KNOW THEM,Cheikhou Kouyate (1),yes,
DONT KNOW THEM,Cheikhou Kouyate 2,yes,
DONT KNOW THEM,Chris Woods,yes,
DONT KNOW THEM,Chris Woods 2,yes,
DONT KNOW THEM,Clayton Blackmore (1),yes,
DONT KNOW THEM,Clayton Blackmore 2,yes,
DONT KNOW THEM,DAN PETRESCU,yes,
DONT KNOW THEM,DAN PETRESCU 2,yes,
DONT KNOW THEM,DANNY FOX,yes,
DONT KNOW THEM,DANNY FOX 2,yes,
DONT KNOW THEM,DANNY SCHOFIELD (1),yes,
DONT KNOW THEM,DANNY SCHOFIELD 2,yes,
DONT KNOW THEM,DANNY WALLACE,yes,
DONT KNOW THEM,DANNY WALLACE 2,yes,
DONT KNOW THEM,DARREN HUCKERBY,yes,
DONT KNOW THEM,DARREN HUCKERBY 2,yes,
DONT KNOW THEM,DAVID BENTLEY,yes,
DONT KNOW THEM,DAVID BENTLEY 2,yes,
DONT KNOW THEM,DAVID EDGAR,yes,
DONT KNOW THEM,DAVID EDGAR 2,yes,
DONT KNOW THEM,DAVID HOWELLS,yes,
DONT KNOW THEM,DAVID HOWELLS 2,yes,
DONT KNOW THEM,DAVID JONES,yes,
DONT KNOW THEM,DAVID JONES 2,yes,
DONT KNOW THEM,DAVID NORRIS,yes,
DONT KNOW THEM,DAVID NORRIS 2,yes,
DONT KNOW THEM,DAVID O_LEARY,yes,
DONT KNOW THEM,DAVID O_LEARY 2,yes,
DONT KNOW THEM,DAVID SADLER (1),yes,
DONT KNOW THEM,DAVID SADLER 2,yes,
DONT KNOW THEM,DAVID UNSWORTH,yes,
DONT KNOW THEM,DAVID UNSWORTH 2,yes,
DONT KNOW THEM,DEREK McINNES (1),yes,
DONT KNOW THEM,DEREK McINNES 2,yes,
DONT KNOW THEM,DEREK PARLANE 1,yes,
DONT KNOW THEM,DEREK PARLANE 2,yes,
DONT KNOW THEM,DORIN GOIAN,yes,
DONT KNOW THEM,DORIN GOIAN 2,yes,
DONT KNOW THEM,Dean Saunders 1,yes,
DONT KNOW THEM,Dean Saunders 2,yes,
DONT KNOW THEM,Dennis Tueart (1),yes,
DONT KNOW THEM,Dennis Tueart 2,yes,
DONT KNOW THEM,EFRAIN JUAREZ,yes,
DONT KNOW THEM,EFRAIN JUAREZ 2,yes,
DONT KNOW THEM,GARETH McAULEY,yes,
DONT KNOW THEM,GARETH McAULEY 2,yes,
DONT KNOW THEM,GARY ABLETT 1,yes,
DONT KNOW THEM,GARY ABLETT 2,yes,
DONT KNOW THEM,GARY MABBUTT,yes,
DONT KNOW THEM,GARY MABBUTT 2,yes,
DONT KNOW THEM,GEOFF PIKE (1),yes,
DONT KNOW THEM,GEOFF PIKE 2,yes,
DONT KNOW THEM,GIUSEPPE BERGOMI,yes,
DONT KNOW THEM,GIUSEPPE BERGOMI 2,yes,
DONT KNOW THEM,GORDON COWANS,yes,
DONT KNOW THEM,GORDON COWANS 2,yes,
DONT KNOW THEM,GORDON WEST,yes,
DONT KNOW THEM,GORDON WEST 2,yes,
DONT KNOW THEM,Gary Sprake,yes,
DONT KNOW THEM,Gary Sprake 2,yes,
DONT KNOW THEM,HERMANN HREIDARSSON,yes,
DONT KNOW THEM,HERMANN HREIDARSSON 2,yes,
DONT KNOW THEM,JACK CORK,yes,
DONT KNOW THEM,JACK CORK 2,yes,
DONT KNOW THEM,JAN MOLBY 1,yes,
DONT KNOW THEM,JAN MOLBY 2,yes,
DONT KNOW THEM,JAN WOUTERS,yes,
DONT KNOW THEM,JAN WOUTERS 2,yes,
DONT KNOW THEM,JIM CRAIG,yes,
DONT KNOW THEM,JIM CRAIG 2,yes,
DONT KNOW THEM,JIM LEIGHTON (1),yes,
DONT KNOW THEM,JIM LEIGHTON 2,yes,
DONT KNOW THEM,JIM MAGILTON,yes,
DONT KNOW THEM,JIM MAGILTON 2,yes,
DONT KNOW THEM,JIMMY MILLAR 1,yes,
DONT KNOW THEM,JIMMY MILLAR 2,yes,
DONT KNOW THEM,JOHN FLECK 1,yes,
DONT KNOW THEM,JOHN FLECK 2,yes,
DONT KNOW THEM,JOHN GREIG 1,yes,
DONT KNOW THEM,JOHN GREIG 2,yes,
DONT KNOW THEM,JOHN JENSEN,yes,
DONT KNOW THEM,JOHN JENSEN 2,yes,
DONT KNOW THEM,JOHN MONCUR (1),yes,
DONT KNOW THEM,JOHN MONCUR 2,yes,
DONT KNOW THEM,JOHN McCLELLAND 1,yes,
DONT KNOW THEM,JOHN McCLELLAND 2,yes,
DONT KNOW THEM,JOHN SALAKO,yes,
DONT KNOW THEM,JOHN SALAKO 2,yes,
DONT KNOW THEM,JOHN WARK,yes,
DONT KNOW THEM,JOHN WARK 2,yes,
DONT KNOW THEM,JULIAN DICKS (1),yes,
DONT KNOW THEM,JULIAN DICKS 2,yes,
DONT KNOW THEM,KEITH ROWLAND 2,yes,
DONT KNOW THEM,KENNY MILLER,yes,
DONT KNOW THEM,KENNY MILLER 2,yes,
DONT KNOW THEM,KEVIN BEATTIE,yes,
DONT KNOW THEM,KEVIN BEATTIE 2,yes,
DONT KNOW THEM,Laurie Hughes 1,yes,
DONT KNOW THEM,Laurie Hughes 2,yes,
DONT KNOW THEM,MAL DONAGHY (1),yes,
DONT KNOW THEM,MAL DONAGHY 2,yes,
DONT KNOW THEM,MARCO VAN (1),yes,
DONT KNOW THEM,MARCO VAN 2,yes,
DONT KNOW THEM,MART POOM,yes,
DONT KNOW THEM,MART POOM 2,yes,
DONT KNOW THEM,MARTIN PETERS,yes,
DONT KNOW THEM,MARTIN PETERS 2,yes,
DONT KNOW THEM,MICHAEL KIGHTLY,yes,
DONT KNOW THEM,MICHAEL KIGHTLY (2),yes,
DONT KNOW THEM,MICHAEL KIGHTLY 2,yes,
DONT KNOW THEM,MICHAEL KIGHTLY 2 (2),no,"found under 2024 ""-signed-autographed-footballers-star-print"" handle"
DONT KNOW THEM,MICHAEL LAUDRUP,yes,
DONT KNOW THEM,MICHAEL LAUDRUP 2,yes,
DONT KNOW THEM,MICHAEL MOLS 1,yes,
DONT KNOW THEM,MICHAEL MOLS 2,yes,
DONT KNOW THEM,MICKY ADAMS,yes,
DONT KNOW THEM,MICKY ADAMS 2,yes,
DONT KNOW THEM,MIKE SUMMERBEE (1),yes,
DONT KNOW THEM,MIKE SUMMERBEE 2,yes,
DONT KNOW THEM,Mateo Kovacic 2 SILVER Signed Football Print SJ,no,"found under 2024 ""-signed-autographed-footballers-star-print"" handle"
DONT KNOW THEM,NADIA COMANECI,yes,
DONT KNOW THEM,NADIA COMANECI 2,yes,
DONT KNOW THEM,NEIL LENNON,yes,
DONT KNOW THEM,NEIL LENNON 2,yes,
DONT KNOW THEM,NEIL SHIPPERLEY,yes,
DONT KNOW THEM,NEIL SHIPPERLEY 2,yes,
DONT KNOW THEM,NEIL SULLIVAN,yes,
DONT KNOW THEM,NEIL SULLIVAN 2,yes,
DONT KNOW THEM,NIGEL SPINK,yes,
DONT KNOW THEM,NIGEL SPINK 2,yes,
DONT KNOW THEM,NIGEL WORTHINGTON,no,"found under 2024 ""-signed-autographed-footballers-star-print"" handle"
DONT KNOW THEM,NIGEL WORTHINGTON 2,no,"found under 2024 ""-signed-autographed-footballers-star-print"" handle"
DONT KNOW THEM,PAT JENNINGS,yes,
DONT KNOW THEM,PAT JENNINGS 2,yes,
DONT KNOW THEM,PAT NEVIN,yes,
DONT KNOW THEM,PAT NEVIN 2,yes,
DONT KNOW THEM,PAUL ALLEN (1),yes,
DONT KNOW THEM,PAUL ALLEN 2,yes,
DONT KNOW THEM,PAUL JEWELL,yes,
DONT KNOW THEM,PAUL JEWELL 2,yes,
DONT KNOW THEM,PAUL KONCHESKY,yes,
DONT KNOW THEM,PAUL KONCHESKY 2,yes,
DONT KNOW THEM,PAUL MARINER,yes,
DONT KNOW THEM,PAUL MARINER 2,yes,
DONT KNOW THEM,PAULO SOUSA,yes,
DONT KNOW THEM,PAULO SOUSA 2,yes,
DONT KNOW THEM,PETER BRABROOK (1),yes,
DONT KNOW THEM,PETER BRABROOK 2,yes,
DONT KNOW THEM,PETER WITHE,yes,
DONT KNOW THEM,PETER WITHE 2,yes,
DONT KNOW THEM,Personalised Mohamed Salah SILVER Signed Football Print 2,no,"found under 2024 ""-signed-autographed-footballers-star-print"" handle"
DONT KNOW THEM,Personalised Mohamed Salah SILVER Signed Football Print SJ,no,"found under 2024 ""-signed-autographed-footballers-star-print"" handle"
DONT KNOW THEM,RAIMOND VAN DER GOUW (1),yes,
DONT KNOW THEM,RAIMOND VAN DER GOUW 2,yes,
DONT KNOW THEM,RAY POINTER,yes,
DONT KNOW THEM,RAY POINTER 2,yes,
DONT KNOW THEM,RAY WILKINS,yes,
DONT KNOW THEM,RAY WILKINS 2,yes,
DONT KNOW THEM,RAY WILSON,yes,
DONT KNOW THEM,RAY WILSON 2,yes,
DONT KNOW THEM,RICHARD NAYLOR,yes,
DONT KNOW THEM,RICHARD NAYLOR 2,yes,
DONT KNOW THEM,ROGER MILLA (1),yes,
DONT KNOW THEM,ROGER MILLA 2,yes,
DONT KNOW THEM,ROLAND NILSSON,yes,
DONT KNOW THEM,ROLAND NILSSON 2,yes,
DONT KNOW THEM,RUEL FOX (1),yes,
DONT KNOW THEM,RUEL FOX 2,yes,
DONT KNOW THEM,Reece OXFORD (1),yes,
DONT KNOW THEM,Reece OXFORD 2,yes,
DONT KNOW THEM,SERGEI BALTACHA,yes,
DONT KNOW THEM,SERGEI BALTACHA 2,yes,
DONT KNOW THEM,SETH JOHNSON,yes,
DONT KNOW THEM,SETH JOHNSON 2,yes,
DONT KNOW THEM,STEVE BULL,yes,
DONT KNOW THEM,STEVE BULL 2,yes,
DONT KNOW THEM,STEVE CLARKE,yes,
DONT KNOW THEM,STEVE CLARKE 2,yes,
DONT KNOW THEM,STEVE COPPELL (1),yes,
DONT KNOW THEM,STEVE COPPELL 2,yes,
DONT KNOW THEM,STEVE HODGE,yes,
DONT KNOW THEM,STEVE HODGE 2,yes,
DONT KNOW THEM,STEVE LOMAS (1),yes,
DONT KNOW THEM,STEVE LOMAS 2,yes,
DONT KNOW THEM,STEVE OGRIZOVIC,yes,
DONT KNOW THEM,STEVE OGRIZOVIC 2,yes,
DONT KNOW THEM,STEVE POTTS (1),yes,
DONT KNOW THEM,STEVE STONE,yes,
DONT KNOW THEM,STEVE STONE 2,yes,
DONT KNOW THEM,STEVE WATSON,yes,
DONT KNOW THEM,STEVE WATSON 2,yes,
DONT KNOW THEM,STEVEN CAULKER,yes,
DONT KNOW THEM,STEVEN CAULKER 2,yes,
DONT KNOW THEM,SVETOSLAV TODOROV (1),yes,
DONT KNOW THEM,SVETOSLAV TODOROV 2,yes,
DONT KNOW THEM,Scott Sellars (1),yes,
DONT KNOW THEM,Scott Sellars 2,yes,
DONT KNOW THEM,TERRY BUTCHER,yes,
DONT KNOW THEM,TERRY BUTCHER 2,yes,
DONT KNOW THEM,TERRY McDERMOTT 1,yes,
DONT KNOW THEM,TERRY McDERMOTT 2,yes,
DONT KNOW THEM,TOM FINNEY,yes,
DONT KNOW THEM,TOM FINNEY 2,yes,
DONT KNOW THEM,TOMMY JOHNSON,yes,
DONT KNOW THEM,TOMMY JOHNSON 2,yes,
DONT KNOW THEM,TOMMY MILLER,yes,
DONT KNOW THEM,TOMMY MILLER 2,yes,
DONT KNOW THEM,TONY COTTEE (1),yes,
DONT KNOW THEM,TONY COTTEE 2,yes,
DONT KNOW THEM,TONY GALE (1),yes,
DONT KNOW THEM,TONY HIBBERT,yes,
DONT KNOW THEM,TONY HIBBERT 2,yes,
DONT KNOW THEM,TONY WATT,yes,
DONT KNOW THEM,TONY WATT 2,yes,
DONT KNOW THEM,TRAVIS PASTRANA 1,no,"found under 2024 ""-signed-autographed-footballers-star-print"" handle"
DONT KNOW THEM,TRAVIS PASTRANA 2,no,"found under 2024 ""-signed-autographed-footballers-star-print"" handle"
DONT KNOW THEM,TREVOR FRANCIS,yes,
DONT KNOW THEM,TREVOR FRANCIS 2,yes,
DONT KNOW THEM,TWIGGY LAWSON,yes,
DONT KNOW THEM,TWIGGY LAWSON 2,yes,
DONT KNOW THEM,Tommy Smith 1,yes,
DONT KNOW THEM,Tommy Smith 2,yes,
DONT KNOW THEM,Trevor Francis (2),yes,
DONT KNOW THEM,Trevor Francis 2 (2),no,"found under 2024 ""-signed-autographed-footballers-star-print"" handle"
DONT KNOW THEM,UWE ROSLER (1),yes,
DONT KNOW THEM,UWE ROSLER 2,yes,
DONT KNOW THEM,personalised Eden Hazard SILVER Signed Football Print SJ,no,"found under 2024 ""-signed-autographed-footballers-star-print"" handle"
UPLOADED,ADAM LALLANA,no,"found under 2024 ""-signed-autographed-footballers-star-print"" handle"
UPLOADED,ADAM LALLANA 2,no,"found under 2024 ""-signed-autographed-footballers-star-print"" handle"
UPLOADED,ADNAN JANUZAJ,no,"found under 2024 ""-signed-autographed-footballers-star-print"" handle"
UPLOADED,ADNAN JANUZAJ 2,no,"found under 2024 ""-signed-autographed-footballers-star-print"" handle"
UPLOADED,ADRIAN (1),yes,
UPLOADED,ADRIAN 2,yes,
UPLOADED,ADRIAN MUTU,yes,
UPLOADED,ADRIAN MUTU 2,yes,
UPLOADED,AFONSO ALVES (1),yes,
UPLOADED,AFONSO ALVES 2,yes,
UPLOADED,ALAN HANSEN 1,yes,
UPLOADED,ALAN HANSEN 2,yes,
UPLOADED,ALAN PARDEW,yes,
UPLOADED,ALAN PARDEW 2,yes,
UPLOADED,ALAN SHEARER,yes,
UPLOADED,ALAN SHEARER (2),yes,
UPLOADED,ALAN SHEARER 2,yes,
UPLOADED,ALEX FERGUSON,no,"found under 2024 ""-signed-autographed-footballers-star-print"" handle"
UPLOADED,ALEXANDRE LACAZETTE (1),yes,
UPLOADED,ALEXANDRE LACAZETTE 2,yes,
UPLOADED,ALEXANDRE LACAZETTE 2 SILVER Signed Football Print SJ,no,"found under 2024 ""-signed-autographed-footballers-star-print"" handle"
UPLOADED,ALEXANDRE LACAZETTE SILVER Signed Football Print SJ,no,"found under 2024 ""-signed-autographed-footballers-star-print"" handle"
UPLOADED,ALEXANDRE LACAZETTE _ DANNY WELBECK,yes,
UPLOADED,ALEXANDRE LACAZETTE _ DANNY WELBECK 2,yes,
UPLOADED,ALEXIS SANCHEZ 1,no,"found under 2024 ""-signed-autographed-footballers-star-print"" handle"
UPLOADED,ALEXIS SANCHEZ 2,no,"found under 2024 ""-signed-autographed-footballers-star-print"" handle"
UPLOADED,ALLY McCOIST 1,yes,
UPLOADED,ALLY McCOIST 2,yes,
UPLOADED,ANDRE AYEW (1),yes,
UPLOADED,ANDRE AYEW 2,yes,
UPLOADED,ANDRE SCHURRLE,yes,
UPLOADED,ANDRE SCHURRLE 2,yes,
UPLOADED,ANDRE VILLAS,yes,
UPLOADED,ANDRE VILLAS 2,yes,
UPLOADED,ANDREA PIRLO,yes,
UPLOADED,ANDREA PIRLO 2,yes,
UPLOADED,ANDY CARROLL 1,yes,
UPLOADED,ANDY CARROLL 2,yes,
UPLOADED,ANDY CARROLL AND KEVIN NOLAN (1),yes,
UPLOADED,ANDY CARROLL AND KEVIN NOLAN 2,yes,
UPLOADED,ANDY COLE (1),yes,
UPLOADED,ANDY COLE 2,yes,
UPLOADED,ANGEL DI MARIA _ LOUIS VAN GAAL (1),yes,
UPLOADED,ANGEL DI MARIA _ LOUIS VAN GAAL 2,yes,
UPLOADED,ANTHONY PILKINGTON,yes,
UPLOADED,ANTHONY PILKINGTON 2,yes,
UPLOADED,ANTHONY STOKES,yes,
UPLOADED,ANTHONY STOKES 2,yes,
UPLOADED,ANTOINE GRIEZMANN,yes,
UPLOADED,ANTOINE GRIEZMANN 2,yes,
UPLOADED,ARSENAL SQUAD,yes,
UPLOADED,ARSENAL SQUAD 2,yes,
UPLOADED,ARSENE WENGER,no,"found under 2024 ""-signed-autographed-footballers-star-print"" handle"
UPLOADED,ASMIR BEGOVIC,yes,
UPLOADED,ASMIR BEGOVIC 2,yes,
UPLOADED,AYMERIC LAPORTE (1),yes,
UPLOADED,AYMERIC LAPORTE 2,yes,
UPLOADED,Alisson Becker Signed Football Print SJ,no,"found under 2024 ""-signed-autographed-footballers-star-print"" handle"
UPLOADED,Anthony Martial SILVER Signed Football Print SJ,no,"found under 2024 ""-signed-autographed-footballers-star-print"" handle"
UPLOADED,BASTIAN SCHWEINSTEIGER,yes,
UPLOADED,BASTIAN SCHWEINSTEIGER 2,yes,
UPLOADED,BEN FOSTER (1),yes,
UPLOADED,BEN FOSTER 2,yes,
UPLOADED,BOBBY MOORE GEOFF HURST MARTIN PETERS (1),yes,
UPLOADED,BOBBY MOORE GEOFF HURST MARTIN PETERS 2,yes,
UPLOADED,BOBBY MOORE _ PELE,yes,
UPLOADED,BOBBY MOORE _ PELE 2,yes,
UPLOADED,BOBBY ROBSON + ALAN SHEARER,yes,
UPLOADED,BOBBY ROBSON + ALAN SHEARER 2,yes,
UPLOADED,BOBBY ROBSON JOSE MOURINHO _ RONALDO,yes,
UPLOADED,BOBBY ROBSON JOSE MOURINHO _ RONALDO 2,yes,
UPLOADED,BRAD FRIEDEL (1),yes,
UPLOADED,BRAD FRIEDEL 2,yes,
UPLOADED,BRANISLAV IVANOVIC,yes,
UPLOADED,BRANISLAV IVANOVIC 2,yes,
UPLOADED,BRIAN CLOUGH,yes,
UPLOADED,BRIAN CLOUGH 2,yes,
UPLOADED,BRUCE GROBBELAAR 1,yes,
UPLOADED,BRUCE GROBBELAAR 2,yes,
UPLOADED,Bobby Zamora (1),yes,
UPLOADED,Bobby Zamora 2,yes,
UPLOADED,CELTIC 2013 14 CHAMPIONS TEAM,yes,
UPLOADED,CELTIC 2013 14 CHAMPIONS TEAM 2,yes,
UPLOADED,CESC FABREGAS (2),yes,
UPLOADED,CESC FABREGAS 2,yes,
UPLOADED,CHELSEA CHAMPIONS 2012 1,no,"found under 2024 ""-signed-autographed-footballers-star-print"" handle"
UPLOADED,CHELSEA CHAMPIONS 2012 2,no,"found under 2024 ""-signed-autographed-footballers-star-print"" handle"
UPLOADED,CHRIS EAGLES (1),yes,
UPLOADED,CHRIS EAGLES 2,yes,
UPLOADED,CHRIS KIRKLAND 1,yes,
UPLOADED,CHRIS KIRKLAND 2,yes,
UPLOADED,CHRIS SMALLING (1),yes,
UPLOADED,CHRIS SMALLING 2,yes,
UPLOADED,CHRIS SUTTON,yes,
UPLOADED,CHRIS SUTTON 2,yes,
UPLOADED,CHRISTIAN ERIKSEN,yes,
UPLOADED,CHRISTIAN ERIKSEN 2,yes,
UPLOADED,CONNOR WICKHAM,yes,
UPLOADED,CONNOR WICKHAM 2,yes,
UPLOADED,CRISTIANO RONALDO 1,yes,
UPLOADED,CRISTIANO RONALDO 2,yes,
UPLOADED,CRISTIANO RONALDO 2 (2),no,"found under 2024 ""-signed-autographed-footballers-star-print"" handle"
UPLOADED,CRISTIANO RONALDO 3,no,"found under 2024 ""-signed-autographed-footballers-star-print"" handle"
UPLOADED,CRYSTAL PALACE PLAY OFF FINAL WINNERS SQUAD (1),yes,
UPLOADED,CRYSTAL PALACE PLAY OFF FINAL WINNERS SQUAD 2,yes,
UPLOADED,Christiano Ronaldo JUVENTUS Signed Autograph Print,no,"found under 2024 ""-signed-autographed-footballers-star-print"" handle"
UPLOADED,Christiano Ronaldo JUVENTUS Signed Autograph Print DESIGN 2,no,"found under 2024 ""-signed-autographed-footballers-star-print"" handle"
UPLOADED,Cristiano Ronaldo 1 (2),no,"found under 2024 ""-signed-autographed-footballers-star-print"" handle"
UPLOADED,Cristiano Ronaldo 2 (3),no,"found under 2024 ""-signed-autographed-footballers-star-print"" handle"
UPLOADED,DALEY BLIND (1),yes,
UPLOADED,DALEY BLIND 2,yes,
UPLOADED,DANNY WELBECK 1,no,"found under 2024 ""-signed-autographed-footballers-star-print"" handle"
UPLOADED,DANNY WELBECK 2,no,"found under 2024 ""-signed-autographed-footballers-star-print"" handle"
UPLOADED,DAVID BECKHAM 1,yes,
UPLOADED,DAVID BECKHAM 1 (2),no,"found under 2024 ""-signed-autographed-footballers-star-print"" handle"
UPLOADED,DAVID BECKHAM 2,yes,
UPLOADED,DAVID BECKHAM 2 (2),no,"found under 2024 ""-signed-autographed-footballers-star-print"" handle"
UPLOADED,DAVID DE GEA (1),yes,
UPLOADED,DAVID DE GEA 2,yes,
UPLOADED,DAVID GINOLA (1),yes,
UPLOADED,DAVID GINOLA 2,yes,
UPLOADED,DAVID SEAMAN,yes,
UPLOADED,DAVID SEAMAN 2,yes,
UPLOADED,DAVID WAGNER (1),yes,
UPLOADED,DAVID WAGNER 2,yes,
UPLOADED,DEAN ASHTON (1),yes,
UPLOADED,DEAN ASHTON 2,yes,
UPLOADED,DEJAN LOVREN 1,yes,
UPLOADED,DEJAN LOVREN 2,yes,
UPLOADED,DENILSON PERSONALLy,yes,
UPLOADED,DENILSON PERSONALLy 2,yes,
UPLOADED,DENIS LAW (1),yes,
UPLOADED,DENIS LAW 2,yes,
UPLOADED,DENNIS BERGKAMP,yes,
UPLOADED,DENNIS BERGKAMP 2,yes,
UPLOADED,DENNIS MORTIMER,yes,
UPLOADED,DENNIS MORTIMER 2,yes,
UPLOADED,DIAFRA SAKHO (1),yes,
UPLOADED,DIAFRA SAKHO 2,yes,
UPLOADED,DIDIER DROGBA 1,no,"found under 2024 ""-signed-autographed-footballers-star-print"" handle"
UPLOADED,DIDIER DROGBA 2,no,"found under 2024 ""-signed-autographed-footballers-star-print"" handle"
UPLOADED,DIEGO COSTA 1,no,"found under 2024 ""-signed-autographed-footballers-star-print"" handle"
UPLOADED,DIEGO COSTA 2,no,"found under 2024 ""-signed-autographed-footballers-star-print"" handle"
UPLOADED,DIEGO MARADONA 1,no,"found under 2024 ""-signed-autographed-footballers-star-print"" handle"
UPLOADED,DIEGO MARADONA 2,no,"found under 2024 ""-signed-autographed-footballers-star-print"" handle"
UPLOADED,DIETMAR HAMANN 1,yes,
UPLOADED,DIETMAR HAMANN 2,yes,
UPLOADED,DIMITRI PAYET (1),yes,
UPLOADED,DIMITRI PAYET 2,yes,
UPLOADED,DIMITRI PAYET _ MARK NOBLE (1),yes,
UPLOADED,DIMITRI PAYET _ MARK NOBLE 2,yes,
UPLOADED,DION DUBLIN (1),yes,
UPLOADED,DION DUBLIN 2,yes,
UPLOADED,DON GOODMAN,yes,
UPLOADED,DON GOODMAN 2,yes,
UPLOADED,DUNCAN FERGUSON,yes,
UPLOADED,DUNCAN FERGUSON 2,yes,
UPLOADED,DUNCAN MCKENZIE,yes,
UPLOADED,DUNCAN MCKENZIE 2,yes,
UPLOADED,DWIGHT YORKE,yes,
UPLOADED,DWIGHT YORKE 2,yes,
UPLOADED,Darren Ambrose,yes,
UPLOADED,Darren Ambrose 2,yes,
UPLOADED,David de Gea 1 SILVER Signed Football Print SJ,no,"found under 2024 ""-signed-autographed-footballers-star-print"" handle"
UPLOADED,David de Gea 2 SILVER Signed Football Print SJ,no,"found under 2024 ""-signed-autographed-footballers-star-print"" handle"
UPLOADED,Dele Alli,yes,
UPLOADED,Dele Alli 2,yes,
UPLOADED,Dele Alli Signed Football Print SJ,no,"found under 2024 ""-signed-autographed-footballers-star-print"" handle"
UPLOADED,Dwight Gayle (1),yes,
UPLOADED,Dwight Gayle 2,yes,
UPLOADED,EDDIE NIEDZWIECKI,yes,
UPLOADED,EDDIE NIEDZWIECKI 2,yes,
UPLOADED,EDEN HAZARD 1,no,"found under 2024 ""-signed-autographed-footballers-star-print"" handle"
UPLOADED,EDEN HAZARD 2,no,"found under 2024 ""-signed-autographed-footballers-star-print"" handle"
UPLOADED,EDIN DZEKO (1),yes,
UPLOADED,EDIN DZEKO 2,yes,
UPLOADED,EDISON CAVANI (1),yes,
UPLOADED,EDISON CAVANI 2,yes,
UPLOADED,EDWIN VAN DER SAR (1),yes,
UPLOADED,EDWIN VAN DER SAR 2,yes,
UPLOADED,ENGLAND SHOOTOUT V COLOMBIA CELEBRATION WORLD CUP 2018,yes,
UPLOADED,ENGLAND SHOOTOUT V COLOMBIA CELEBRATION WORLD CUP 2018 2,yes,
UPLOADED,ENNER VALENCIA (1),yes,
UPLOADED,ENNER VALENCIA 2,yes,
UPLOADED,ERIC CANTONA 1,no,"found under 2024 ""-signed-autographed-footballers-star-print"" handle"
UPLOADED,ERIC CANTONA 2,no,"found under 2024 ""-signed-autographed-footballers-star-print"" handle"
UPLOADED,ERIC DIER,yes,
UPLOADED,ERIC DIER 2,yes,
UPLOADED,EUSEBIO BENFICA (1),yes,
UPLOADED,EUSEBIO BENFICA 2,yes,
UPLOADED,Eden Hazard 2 SILVER Signed Football Print SJ,no,"found under 2024 ""-signed-autographed-footballers-star-print"" handle"
UPLOADED,Eden Hazard SILVER Signed Football Print SJ,no,"found under 2024 ""-signed-autographed-footballers-star-print"" handle"
UPLOADED,Eric Cantona 2 SILVER Signed Football Print SJ,no,"found under 2024 ""-signed-autographed-footballers-star-print"" handle"
UPLOADED,Eric Cantona SILVER Signed Football Print SJ,no,"found under 2024 ""-signed-autographed-footballers-star-print"" handle"
UPLOADED,Eric Dier 2 Signed Football Print SJ,no,"found under 2024 ""-signed-autographed-footballers-star-print"" handle"
UPLOADED,Eric Dier Signed Football Print SJ,no,"found under 2024 ""-signed-autographed-footballers-star-print"" handle"
UPLOADED,FABIO DA SILVA (1),yes,
UPLOADED,FABIO DA SILVA 2,yes,
UPLOADED,FABRIZIO RAVANELLI,yes,
UPLOADED,FABRIZIO RAVANELLI 2,yes,
UPLOADED,FALCO (1),yes,
UPLOADED,FALCO 2,yes,
UPLOADED,FELIPE ANDERSON (1),yes,
UPLOADED,FELIPE ANDERSON 2,yes,
UPLOADED,FERNANDINHO Signed Football Print SJ,no,"found under 2024 ""-signed-autographed-footballers-star-print"" handle"
UPLOADED,FERNANDO TORRES,yes,
UPLOADED,FERNANDO TORRES 2,yes,
UPLOADED,FRANCE TEAM WORLD CUP 2018,yes,
UPLOADED,FRANCE TEAM WORLD CUP 2018 2,yes,
UPLOADED,FRANCESCO TOTTI,yes,
UPLOADED,FRANCESCO TOTTI 2,yes,
UPLOADED,FRANK LAMPARD 1,no,"found under 2024 ""-signed-autographed-footballers-star-print"" handle"
UPLOADED,FRANK LAMPARD 2,no,"found under 2024 ""-signed-autographed-footballers-star-print"" handle"
UPLOADED,FRANK MCLINTOCK,yes,
UPLOADED,FRANK MCLINTOCK 2,yes,
UPLOADED,FRANK SINCLAIR,yes,
UPLOADED,FRANK SINCLAIR 2,yes,
UPLOADED,FRANZ BECKENBAUER,yes,
UPLOADED,FRANZ BECKENBAUER 2,yes,
UPLOADED,Fernandinho (1),yes,
UPLOADED,Fernandinho 2,yes,
UPLOADED,GABRIEL BATISTUTA,yes,
UPLOADED,GABRIEL BATISTUTA 2,yes,
UPLOADED,GABRIEL TAMAS,yes,
UPLOADED,GABRIEL TAMAS 2,yes,
UPLOADED,GARETH BALE,no,"found under 2024 ""-signed-autographed-footballers-star-print"" handle"
UPLOADED,GARETH BALE 1,yes,
UPLOADED,GARETH BALE 2,yes,
UPLOADED,GARETH BALE 2 (2),no,"found under 2024 ""-signed-autographed-footballers-star-print"" handle"
UPLOADED,GARETH BALE 3,no,"found under 2024 ""-signed-autographed-footballers-star-print"" handle"
UPLOADED,GARETH BALE 4,no,"found under 2024 ""-signed-autographed-footballers-star-print"" handle"
UPLOADED,GARETH BALE CRISTIANO RONALDO,no,"found under 2024 ""-signed-autographed-footballers-star-print"" handle"
UPLOADED,GARETH BALE CRISTIANO RONALDO 2,no,"found under 2024 ""-signed-autographed-footballers-star-print"" handle"
UPLOADED,GARETH BALE _ AAROIN LENNON,yes,
UPLOADED,GARETH BALE _ AAROIN LENNON 2,yes,
UPLOADED,GARETH BARRY,yes,
UPLOADED,GARETH BARRY 2,yes,
UPLOADED,GARETH SOUTHGATE,yes,
UPLOADED,GARETH SOUTHGATE 2,yes,
UPLOADED,GARY CALDWEL,yes,
UPLOADED,GARY CALDWEL 2,yes,
UPLOADED,GARY LINEKER,yes,
UPLOADED,GARY LINEKER 2,yes,
UPLOADED,GARY McALLISTER 1,yes,
UPLOADED,GARY McALLISTER 2,yes,
UPLOADED,GEOFF HURST,yes,
UPLOADED,GEOFF HURST 2,yes,
UPLOADED,GEORGE BEST 1,no,"found under 2024 ""-signed-autographed-footballers-star-print"" handle"
UPLOADED,GEORGE BEST 2,no,"found under 2024 ""-signed-autographed-footballers-star-print"" handle"
UPLOADED,GEORGE BEST BOBBY CHARLTON _ NOBBY STILES,yes,
UPLOADED,GEORGE BEST BOBBY CHARLTON _ NOBBY STILES 2,yes,
UPLOADED,GEORGINIO WIJNALDUM (1),yes,
UPLOADED,GEORGINIO WIJNALDUM 2,yes,
UPLOADED,GERD MULLER,yes,
UPLOADED,GERD MULLER 2,yes,
UPLOADED,GIANFRANCO ZOLA,yes,
UPLOADED,GIANFRANCO ZOLA 2,yes,
UPLOADED,GIANLUCA VIALLI,yes,
UPLOADED,GIANLUCA VIALLI 2,yes,
UPLOADED,GIANLUIGI BUFFON,yes,
UPLOADED,GIANLUIGI BUFFON 2,yes,
UPLOADED,GLENN HODDLE,yes,
UPLOADED,GLENN HODDLE 2,yes,
UPLOADED,GORDON BANKS PELE,yes,
UPLOADED,GORDON BANKS PELE 2,yes,
UPLOADED,GRAHAM ALEXANDER,yes,
UPLOADED,GRAHAM ALEXANDER 2,yes,
UPLOADED,GRANIT XHAKA,yes,
UPLOADED,GRANIT XHAKA 2,yes,
UPLOADED,GRANT HOLT,yes,
UPLOADED,GRANT HOLT 2,yes,
UPLOADED,GRANT LEADBITTER,yes,
UPLOADED,GRANT LEADBITTER 2,yes,
UPLOADED,GRIEZMANN VARANE,yes,
UPLOADED,GRIEZMANN VARANE 2,yes,
UPLOADED,GYLFI SIGURDSSON,yes,
UPLOADED,GYLFI SIGURDSSON 2,yes,
UPLOADED,Gareth Bale 1 (2),no,"found under 2024 ""-signed-autographed-footballers-star-print"" handle"
UPLOADED,Gareth Bale 2 (3),no,"found under 2024 ""-signed-autographed-footballers-star-print"" handle"
UPLOADED,Gary Cahill Signed Football Print SJ,no,"found under 2024 ""-signed-autographed-footballers-star-print"" handle"
UPLOADED,Graeme Souness 1,yes,
UPLOADED,Graeme Souness 2,yes,
UPLOADED,HAHNEMANN _ HENNESSEY,yes,
UPLOADED,HAHNEMANN _ HENNESSEY 2,yes,
UPLOADED,HARRY KANE 3,no,"found under 2024 ""-signed-autographed-footballers-star-print"" handle"
UPLOADED,HARRY KEWELL 1,yes,
UPLOADED,HARRY KEWELL 2,yes,
UPLOADED,HARRY MAGUIRE (1),yes,
UPLOADED,HARRY MAGUIRE 2,yes,
UPLOADED,HARRY REDKNAPP 1,yes,
UPLOADED,HARRY REDKNAPP 2,yes,
UPLOADED,HATEM BEN (1),yes,
UPLOADED,HATEM BEN 2,yes,
UPLOADED,HENRIK LARSSON,yes,
UPLOADED,HENRIK LARSSON 2,yes,
UPLOADED,HENRY + BERGKAMP,yes,
UPLOADED,HENRY + BERGKAMP 2,yes,
UPLOADED,HUGO LLORIS,yes,
UPLOADED,HUGO LLORIS 2,yes,
UPLOADED,Harry Kane PERSONALISED Signed Football Print SJ,no,"found under 2024 ""-signed-autographed-footballers-star-print"" handle"
UPLOADED,Harry Kane PERSONALISED Signed Football Print Sj 2,no,"found under 2024 ""-signed-autographed-footballers-star-print"" handle"
UPLOADED,Harry Kane SJ 101,no,"found under 2024 ""-signed-autographed-footballers-star-print"" handle"
UPLOADED,Harry Kane Signed Football Print SJ,no,"found under 2024 ""-signed-autographed-footballers-star-print"" handle"
UPLOADED,IAN BISHOP (1),yes,
UPLOADED,IAN BISHOP 2,yes,
UPLOADED,IAN SNODIN,yes,
UPLOADED,IAN SNODIN 2,yes,
UPLOADED,IAN WRIGHT,yes,
UPLOADED,IAN WRIGHT 2,yes,
UPLOADED,ICONIC STUART PEARCE,yes,
UPLOADED,ICONIC STUART PEARCE 2,yes,
UPLOADED,IKER CASILLAS,yes,
UPLOADED,IKER CASILLAS 2,yes,
UPLOADED,IVAN CAMPO 1,yes,
UPLOADED,IVAN CAMPO 2,yes,
UPLOADED,JACK CHARLTON,yes,
UPLOADED,JACK CHARLTON 2,yes,
UPLOADED,JACK RODWELL,yes,
UPLOADED,JACK RODWELL 2,yes,
UPLOADED,JACK WILSHERE 1,no,"found under 2024 ""-signed-autographed-footballers-star-print"" handle"
UPLOADED,JACK WILSHERE 2,no,"found under 2024 ""-signed-autographed-footballers-star-print"" handle"
UPLOADED,JAMES BEATTIE 1,yes,
UPLOADED,JAMES BEATTIE 2,yes,
UPLOADED,JAMES McFADDEN,yes,
UPLOADED,JAMES McFADDEN 2,yes,
UPLOADED,JAMES RODRIGUEZ 1,yes,
UPLOADED,JAMES RODRIGUEZ 2,yes,
UPLOADED,JAMIE REDKNAPP 1,yes,
UPLOADED,JAMIE REDKNAPP 2,yes,
UPLOADED,JAMIE VARDY,no,"found under 2024 ""-signed-autographed-footballers-star-print"" handle"
UPLOADED,JAMIE VARDY 1,no,"found under 2024 ""-signed-autographed-footballers-star-print"" handle"
UPLOADED,JAMIE VARDY 2,no,"found under 2024 ""-signed-autographed-footballers-star-print"" handle"
UPLOADED,JAMIE VARDY 2 (2),no,"found under 2024 ""-signed-autographed-footballers-star-print"" handle"
UPLOADED,JAN VERTONGHEN,yes,
UPLOADED,JAN VERTONGHEN (2),yes,
UPLOADED,JAN VERTONGHEN 2,yes,
UPLOADED,JAN VERTONGHEN 2 (2),no,"found under 2024 ""-signed-autographed-footballers-star-print"" handle"
UPLOADED,JAVIER HERNANDEZ (1),yes,
UPLOADED,JAVIER HERNANDEZ 2,yes,
UPLOADED,JEAN PIERRE PAPIN,yes,
UPLOADED,JEAN PIERRE PAPIN 2,yes,
UPLOADED,JEORGINHO SILVER Signed Football Print SJ,no,"found under 2024 ""-signed-autographed-footballers-star-print"" handle"
UPLOADED,JEREMIE ALIADIERE,yes,
UPLOADED,JEREMIE ALIADIERE 2,yes,
UPLOADED,JESUS NAVAS (1),yes,
UPLOADED,JESUS NAVAS 2,yes,
UPLOADED,JI-SUNG (1),yes,
UPLOADED,JI-SUNG 2,yes,
UPLOADED,JIMMY FLOYD,yes,
UPLOADED,JIMMY FLOYD 2,yes,
UPLOADED,JOE HART (1),yes,
UPLOADED,JOE HART 2,yes,
UPLOADED,JOHN ASTON,yes,
UPLOADED,JOHN ASTON 2,yes,
UPLOADED,JOHN BARNES (1),yes,
UPLOADED,JOHN BARNES 2,yes,
UPLOADED,JOHN SHERIDAN (2),yes,
UPLOADED,JOHN SHERIDAN 2 (2),no,"found under 2024 ""-signed-autographed-footballers-star-print"" handle"
UPLOADED,JOHN STONES,yes,
UPLOADED,JOHN STONES 2,yes,
UPLOADED,JOHN TERRY,yes,
UPLOADED,JOHN TERRY 2,yes,
UPLOADED,JOLEON LESCOTT,yes,
UPLOADED,JOLEON LESCOTT 2,yes,
UPLOADED,JONAS OLSSON,yes,
UPLOADED,JONAS OLSSON 2,yes,
UPLOADED,JORDAN IBE 1,yes,
UPLOADED,JORDAN IBE 2,yes,
UPLOADED,JORDAN PICKFORD,yes,
UPLOADED,JORDAN PICKFORD 2,yes,
UPLOADED,JOSE FONTE (1),yes,
UPLOADED,JOSE FONTE 2,yes,
UPLOADED,JOSE MOURINHO 1,no,"found under 2024 ""-signed-autographed-footballers-star-print"" handle"
UPLOADED,JOSE MOURINHO 2,no,"found under 2024 ""-signed-autographed-footballers-star-print"" handle"
UPLOADED,JUAN MATA,yes,
UPLOADED,JUAN MATA 2,yes,
UPLOADED,JULIEN FAUBERT (1),yes,
UPLOADED,JULIEN FAUBERT 2,yes,
UPLOADED,JUNINHO,yes,
UPLOADED,JUNINHO 2,yes,
UPLOADED,JURGEN COLIN,yes,
UPLOADED,JURGEN KLINSMANN + DAVID GINOLA,yes,
UPLOADED,Jason Steele (1),yes,
UPLOADED,Jason Steele 2,yes,
UPLOADED,Jim Montgomery,yes,
UPLOADED,Jim Montgomery 2,yes,
UPLOADED,John Sheridan,yes,
UPLOADED,John Sheridan 2,yes,
UPLOADED,John Terry Signed Football Print SJ,no,"found under 2024 ""-signed-autographed-footballers-star-print"" handle"
UPLOADED,Juan Mata SILVER Signed Football Print SJ,no,"found under 2024 ""-signed-autographed-footballers-star-print"" handle"
UPLOADED,Jurgen Klopp Signed Football Print SJ,no,"found under 2024 ""-signed-autographed-footballers-star-print"" handle"
UPLOADED,KARL HEINZ RUMMENIGGE,yes,
UPLOADED,KARL HEINZ RUMMENIGGE 2,yes,
UPLOADED,KENNY DALGLISH,yes,
UPLOADED,KENNY DALGLISH 1,no,"found under 2024 ""-signed-autographed-footballers-star-print"" handle"
UPLOADED,KENNY DALGLISH 2,yes,
UPLOADED,KENNY DALGLISH 2 (2),no,"found under 2024 ""-signed-autographed-footballers-star-print"" handle"
UPLOADED,KENNY DALGLISH SCOTLAND,yes,
UPLOADED,KENNY DALGLISH SCOTLAND 2,yes,
UPLOADED,KEVIN DE BRUYNE (1),yes,
UPLOADED,KEVIN DE BRUYNE 2,yes,
UPLOADED,KEVIN DE BRUYNE SILVER Signed Football Print SJ,no,"found under 2024 ""-signed-autographed-footballers-star-print"" handle"
UPLOADED,KEVIN PHILLIPS,yes,
UPLOADED,KEVIN PHILLIPS 2,yes,
UPLOADED,KEVIN SHEEDY,yes,
UPLOADED,KEVIN SHEEDY 2,yes,
UPLOADED,KIERAN TRIPPIER,yes,
UPLOADED,KIERAN TRIPPIER 2,yes,
UPLOADED,KLAAS JAN HUNTELAAR,yes,
UPLOADED,KLAAS JAN HUNTELAAR 2,yes,
UPLOADED,KOLO TOURE (1),yes,
UPLOADED,KOLO TOURE 2,yes,
UPLOADED,KUN SERGIO AGUERO 2 SILVER Signed Football Print SJ,no,"found under 2024 ""-signed-autographed-footballers-star-print"" handle"
UPLOADED,KUN SERGIO AGUERO 3 PURPLE Signed Football Print SJ,no,"found under 2024 ""-signed-autographed-footballers-star-print"" handle"
UPLOADED,KUN SERGIO AGUERO 3 black Signed Football Print SJ,no,"found under 2024 ""-signed-autographed-footballers-star-print"" handle"
UPLOADED,KUN SERGIO AGUERO SILVER Signed Football Print SJ,no,"found under 2024 ""-signed-autographed-footballers-star-print"" handle"
UPLOADED,KYLIAN MBAPPE,yes,
UPLOADED,KYLIAN MBAPPE 2,yes,
UPLOADED,Kevin Nolan (1),yes,
UPLOADED,Kevin Nolan 2,yes,
UPLOADED,LAZAR MARKOVIC 1,yes,
UPLOADED,LAZAR MARKOVIC 2,yes,
UPLOADED,LEE CHAPMAN (1),yes,
UPLOADED,LEE CHAPMAN 2,yes,
UPLOADED,LEEDS UNITED FC 1,no,"found under 2024 ""-signed-autographed-footballers-star-print"" handle"
UPLOADED,LEEDS UNITED FC 2,no,"found under 2024 ""-signed-autographed-footballers-star-print"" handle"
UPLOADED,LEIGHTON BAINES,yes,
UPLOADED,LEIGHTON BAINES 2,yes,
UPLOADED,LEON OSMAN,yes,
UPLOADED,LEON OSMAN 2,yes,
UPLOADED,LEROY SANE BLACK Signed Football Print SJ,no,"found under 2024 ""-signed-autographed-footballers-star-print"" handle"
UPLOADED,LEROY SANE Signed Football Print SJ,no,"found under 2024 ""-signed-autographed-footballers-star-print"" handle"
UPLOADED,LEV YASHIN (1),yes,
UPLOADED,LEV YASHIN 2,yes,
UPLOADED,LIONEL MESSI 1,no,"found under 2024 ""-signed-autographed-footballers-star-print"" handle"
UPLOADED,LIONEL MESSI 2,no,"found under 2024 ""-signed-autographed-footballers-star-print"" handle"
UPLOADED,LUCIANO BECCHIO,yes,
UPLOADED,LUCIANO BECCHIO 2,yes,
UPLOADED,LUDEK MIKLOSKO (1),yes,
UPLOADED,LUDEK MIKLOSKO 2,yes,
UPLOADED,LUIS FIGO 1,yes,
UPLOADED,LUIS FIGO 2,yes,
UPLOADED,LUKA MODRIC (1),yes,
UPLOADED,LUKA MODRIC 2,yes,
UPLOADED,LUKASZ ZALUSKA,yes,
UPLOADED,LUKASZ ZALUSKA 2,yes,
UPLOADED,LUKE CHADWICK (1),yes,
UPLOADED,LUKE CHADWICK 2,yes,
UPLOADED,LUKE SHAW (1),yes,
UPLOADED,LUKE SHAW 2,yes,
UPLOADED,Les Ferdinand,yes,
UPLOADED,Les Ferdinand 2,yes,
UPLOADED,Lionel Messi HARVEY,no,"found under 2024 ""-signed-autographed-footballers-star-print"" handle"
UPLOADED,Lionel Messi SILVER Signed Football Print SJ,no,"found under 2024 ""-signed-autographed-footballers-star-print"" handle"
UPLOADED,Lionel messi Barcelona Signed Print,no,"found under 2024 ""-signed-autographed-footballers-star-print"" handle"
UPLOADED,Lionel messi Barcelona Signed Print 2,no,"found under 2024 ""-signed-autographed-footballers-star-print"" handle"
UPLOADED,Lionel messi Barcelona Signed Print 3,no,"found under 2024 ""-signed-autographed-footballers-star-print"" handle"
UPLOADED,Lionel messi Barcelona Signed Print 4,no,"found under 2024 ""-signed-autographed-footballers-star-print"" handle"
UPLOADED,Lionel messi Barcelona Signed Print 5,no,"found under 2024 ""-signed-autographed-footballers-star-print"" handle"
UPLOADED,Lionel messi Barcelona Signed Print 6,no,"found under 2024 ""-signed-autographed-footballers-star-print"" handle"
UPLOADED,Luis Suarez 2 Barcelona Signed Print,no,"found under 2024 ""-signed-autographed-footballers-star-print"" handle"
UPLOADED,Luis Suarez Barcelona Signed Print,no,"found under 2024 ""-signed-autographed-footballers-star-print"" handle"
UPLOADED,MALCOLM MACDONALD,yes,
UPLOADED,MALCOLM MACDONALD 2,yes,
UPLOADED,MANCHESTER CITY FC 1,no,"found under 2024 ""-signed-autographed-footballers-star-print"" handle"
UPLOADED,MANCHESTER CITY FC 2,no,"found under 2024 ""-signed-autographed-footballers-star-print"" handle"
UPLOADED,MANCHESTER CITY SQUAD SIGNED 2011 2012 (1),yes,
UPLOADED,MANCHESTER CITY SQUAD SIGNED 2011 2012 2,yes,
UPLOADED,MANUEL PELLEGRINI (1),yes,
UPLOADED,MANUEL PELLEGRINI 2,yes,
UPLOADED,MARCUS HAHNEMANN,yes,
UPLOADED,MARCUS HAHNEMANN 2,yes,
UPLOADED,MARIO BALOTELLI ITALY (1),yes,
UPLOADED,MARIO BALOTELLI ITALY 2,yes,
UPLOADED,MARIO GOTZE,yes,
UPLOADED,MARIO GOTZE 2,yes,
UPLOADED,MARK HATELEY 1,yes,
UPLOADED,MARK HATELEY 2,yes,
UPLOADED,MARK LAWRENSON 1,yes,
UPLOADED,MARK LAWRENSON 2,yes,
UPLOADED,MARK ROBINS (1),yes,
UPLOADED,MARK ROBINS 2,yes,
UPLOADED,MARK VIDUKA,yes,
UPLOADED,MARK VIDUKA 2,yes,
UPLOADED,MARKO ARNAUTOVIC (1),yes,
UPLOADED,MARKO ARNAUTOVIC 2,yes,
UPLOADED,MARKUS BABBEL 1,yes,
UPLOADED,MARKUS BABBEL 2,yes,
UPLOADED,MAROUANE FELLAINI,yes,
UPLOADED,MAROUANE FELLAINI 2,yes,
UPLOADED,MARTIN KEOWN,yes,
UPLOADED,MARTIN KEOWN 2,yes,
UPLOADED,MATT LE TISSIER (1),yes,
UPLOADED,MATT LE TISSIER 2,yes,
UPLOADED,MATT TAYLOR,yes,
UPLOADED,MATT TAYLOR 2,yes,
UPLOADED,MATTEO DARMIAN (1),yes,
UPLOADED,MATTEO DARMIAN 2,yes,
UPLOADED,MATTHEW UPSON (1),yes,
UPLOADED,MATTHEW UPSON 2,yes,
UPLOADED,MAURICE EDU 1,yes,
UPLOADED,MAURICE EDU 2,yes,
UPLOADED,MAURICIO TARICCO,yes,
UPLOADED,MAURICIO TARICCO 2,yes,
UPLOADED,MAURICO TARICCO,yes,
UPLOADED,MAURICO TARICCO 2,yes,
UPLOADED,MEMPHIS DEPAY (1),yes,
UPLOADED,MEMPHIS DEPAY 2,yes,
UPLOADED,MEMPHIS DEPAY _ VAN GAAL (1),yes,
UPLOADED,MEMPHIS DEPAY _ VAN GAAL 2,yes,
UPLOADED,MESUT OZIL,no,"found under 2024 ""-signed-autographed-footballers-star-print"" handle"
UPLOADED,MESUT OZIL + AARON RAMSEY,yes,
UPLOADED,MESUT OZIL + AARON RAMSEY 2,yes,
UPLOADED,MESUT OZIL 1,no,"found under 2024 ""-signed-autographed-footballers-star-print"" handle"
UPLOADED,MESUT OZIL 2,no,"found under 2024 ""-signed-autographed-footballers-star-print"" handle"
UPLOADED,MICAH RICHARDS (1),yes,
UPLOADED,MICAH RICHARDS 2,yes,
UPLOADED,MICHAEL CARRICK (1),yes,
UPLOADED,MICHAEL CARRICK 2,yes,
UPLOADED,MICHAEL CHOPRA (1),yes,
UPLOADED,MICHAEL CHOPRA 2,yes,
UPLOADED,MICHAEL ESSIEN,yes,
UPLOADED,MICHAEL ESSIEN 2,yes,
UPLOADED,MICHAEL JOHNSON (1),yes,
UPLOADED,MICHAEL JOHNSON 2,no,"found under 2024 ""-signed-autographed-footballers-star-print"" handle"
UPLOADED,MICHAEL OWEN,yes,
UPLOADED,MICHAEL OWEN 2,yes,
UPLOADED,MICK McCARTHY,yes,
UPLOADED,MICK McCARTHY 2,yes,
UPLOADED,MIKE WILLIAMSON (1),yes,
UPLOADED,MIKE WILLIAMSON 2,yes,
UPLOADED,MIKEL ARTETA,yes,
UPLOADED,MIKEL ARTETA 2,yes,
UPLOADED,MILAN MISUN,yes,
UPLOADED,MILAN MISUN 2,yes,
UPLOADED,MOHAMED DIAME (1),yes,
UPLOADED,MOHAMED DIAME 2,yes,
UPLOADED,MOHAMED SALAH,yes,
UPLOADED,MOHAMED SALAH 2,yes,
UPLOADED,MONCUR (1),yes,
UPLOADED,MONCUR 2,yes,
UPLOADED,MORGAN SCHNEIDERLIN,yes,
UPLOADED,MORGAN SCHNEIDERLIN 2,yes,
UPLOADED,Manuel Lanzini (1),yes,
UPLOADED,Manuel Lanzini 2,yes,
UPLOADED,Marcus Rashford SILVER Signed Football Print SJ,no,"found under 2024 ""-signed-autographed-footballers-star-print"" handle"
UPLOADED,Marcus Rashford personalised,no,"found under 2024 ""-signed-autographed-footballers-star-print"" handle"
UPLOADED,Mark Hughes (1),yes,
UPLOADED,Mark Hughes 2,yes,
UPLOADED,McMANAMAN REDKNAPP GAZZA SHEARER (1),yes,
UPLOADED,McMANAMAN REDKNAPP GAZZA SHEARER 2,yes,
UPLOADED,Mohamed Salah SILVER Signed Football Print SJ,no,"found under 2024 ""-signed-autographed-footballers-star-print"" handle"
UPLOADED,Mohamed Salah Signed Football Print SJ,no,"found under 2024 ""-signed-autographed-footballers-star-print"" handle"
UPLOADED,Moussa SISSOKO (1),yes,
UPLOADED,Moussa SISSOKO 2,yes,
UPLOADED,NACHO MONREAL,yes,
UPLOADED,NACHO MONREAL 2,yes,
UPLOADED,NANI (1),yes,
UPLOADED,NANI 2,yes,
UPLOADED,NEIL HARRIS (1),yes,
UPLOADED,NEIL HARRIS 2,yes,
UPLOADED,NEMANJA MATIC,yes,
UPLOADED,NEMANJA MATIC 2,yes,
UPLOADED,NEWCASTLE UNITED 2016 17 CHAMPIONS TEAM SQUAD (1),yes,
UPLOADED,NEWCASTLE UNITED 2016 17 CHAMPIONS TEAM SQUAD 2,yes,
UPLOADED,NEYMAR DA SILVA 1,no,"found under 2024 ""-signed-autographed-footballers-star-print"" handle"
UPLOADED,NEYMAR DA SILVA 2,no,"found under 2024 ""-signed-autographed-footballers-star-print"" handle"
UPLOADED,NICK BARMBY 1,yes,
UPLOADED,NICK BARMBY 2,yes,
UPLOADED,NICKY BUTT (1),yes,
UPLOADED,NICKY BUTT 2,yes,
UPLOADED,NICKY WEAVER (1),yes,
UPLOADED,NICKY WEAVER 2,yes,
UPLOADED,NIGEL CLOUGH 1,yes,
UPLOADED,NIGEL CLOUGH 2,yes,
UPLOADED,NIGEL WINTERBURN,yes,
UPLOADED,NIGEL WINTERBURN 2,yes,
UPLOADED,NIKOLA ZIGIC (1),yes,
UPLOADED,NIKOLA ZIGIC 2,yes,
UPLOADED,NOBBY STILES (1),yes,
UPLOADED,NOBBY STILES 2,yes,
UPLOADED,NORMAN WHITESIDE (1),yes,
UPLOADED,NORMAN WHITESIDE 2,yes,
UPLOADED,NORWICH CITY 2015 PLAY OFF FINAL WINNERS SQUAD,yes,
UPLOADED,NORWICH CITY 2015 PLAY OFF FINAL WINNERS SQUAD 2,yes,
UPLOADED,Nathaniel Clyne (1),yes,
UPLOADED,Nathaniel Clyne 2,yes,
UPLOADED,Neymar PSG Signed Print,no,"found under 2024 ""-signed-autographed-footballers-star-print"" handle"
UPLOADED,Neymar PSG Signed Print 2,no,"found under 2024 ""-signed-autographed-footballers-star-print"" handle"
UPLOADED,Neymar PSG Signed Print 3,no,"found under 2024 ""-signed-autographed-footballers-star-print"" handle"
UPLOADED,Neymar PSG Signed Print 4,no,"found under 2024 ""-signed-autographed-footballers-star-print"" handle"
UPLOADED,Neymar PSG Signed Print 5,no,"found under 2024 ""-signed-autographed-footballers-star-print"" handle"
UPLOADED,Ngolo kante Signed Football Print SJ,no,"found under 2024 ""-signed-autographed-footballers-star-print"" handle"
UPLOADED,OBAFEMI MARTINS (1),yes,
UPLOADED,OBAFEMI MARTINS 2,yes,
UPLOADED,OLE SOLSKJAER (1),yes,
UPLOADED,OLE SOLSKJAER 2,yes,
UPLOADED,OLIVER BIERHOFF,yes,
UPLOADED,OLIVER BIERHOFF 2,yes,
UPLOADED,OLIVIER GIROUD,yes,
UPLOADED,OLIVIER GIROUD 2,yes,
UPLOADED,OSSIE ARDILLES,yes,
UPLOADED,OSSIE ARDILLES 2,yes,
UPLOADED,OUSMANE DEMBELE,yes,
UPLOADED,OUSMANE DEMBELE 2,yes,
UPLOADED,PABLO COUNAGO,yes,
UPLOADED,PABLO COUNAGO 2,yes,
UPLOADED,PAOLO MALDINI,yes,
UPLOADED,PAOLO MALDINI 2,yes,
UPLOADED,PAPISS CISSE,yes,
UPLOADED,PAPISS CISSE 2,yes,
UPLOADED,PAT RICE ARSENAL,yes,
UPLOADED,PAT RICE ARSENAL 2,yes,
UPLOADED,PATRICK KLUIVERT,yes,
UPLOADED,PATRICK KLUIVERT 2,yes,
UPLOADED,PAUL GASCOIGNE,yes,
UPLOADED,PAUL GASCOIGNE 1,no,"found under 2024 ""-signed-autographed-footballers-star-print"" handle"
UPLOADED,PAUL GASCOIGNE 2,yes,
UPLOADED,PAUL GASCOIGNE 2 (2),no,"found under 2024 ""-signed-autographed-footballers-star-print"" handle"
UPLOADED,PAUL INCE 1,yes,
UPLOADED,PAUL INCE 2,yes,
UPLOADED,PAUL LAMBERT,yes,
UPLOADED,PAUL LAMBERT 2,yes,
UPLOADED,PAUL MERSON,yes,
UPLOADED,PAUL MERSON 2,yes,
UPLOADED,PAUL POGBA (1),yes,
UPLOADED,PAUL POGBA 2,yes,
UPLOADED,PAUL ROBINSON 2,yes,
UPLOADED,PAUL SCHOLES 1,no,"found under 2024 ""-signed-autographed-footballers-star-print"" handle"
UPLOADED,PAUL SCHOLES 2,no,"found under 2024 ""-signed-autographed-footballers-star-print"" handle"
UPLOADED,PAUL SCHOLES _ ALEX FERGUSON,yes,
UPLOADED,PAUL SCHOLES _ ALEX FERGUSON 2,yes,
UPLOADED,PEDRO OBIANG (1),yes,
UPLOADED,PEDRO OBIANG 2,yes,
UPLOADED,PEDRO RODRIGUEZ,yes,
UPLOADED,PEDRO RODRIGUEZ 2,yes,
UPLOADED,PEP GUARDIOLA,yes,
UPLOADED,PEP GUARDIOLA 2,yes,
UPLOADED,PETER BEARDSLEY,yes,
UPLOADED,PETER BEARDSLEY 2,yes,
UPLOADED,PETER CROUCH (1),yes,
UPLOADED,PETER CROUCH 2,yes,
UPLOADED,PETER ODEMWINGIE,yes,
UPLOADED,PETER ODEMWINGIE 2,yes,
UPLOADED,PETER SCHMEICHEL (1),yes,
UPLOADED,PETER SCHMEICHEL 2,yes,
UPLOADED,PETR CECH,yes,
UPLOADED,PETR CECH 2,yes,
UPLOADED,PETR CECH CHELSEA,yes,
UPLOADED,PETR CECH CHELSEA 2,yes,
UPLOADED,PHIL BABB,yes,
UPLOADED,PHIL BABB 2,yes,
UPLOADED,PHIL JAGIELKA,yes,
UPLOADED,PHIL JAGIELKA 2,yes,
UPLOADED,PHIL THOMPSON 1,yes,
UPLOADED,PHIL THOMPSON 2,yes,
UPLOADED,PIERRE EMERICK AUBAMEYANG,yes,
UPLOADED,PIERRE EMERICK AUBAMEYANG 2,yes,
UPLOADED,Paul Pogba SILVER Signed Football Print SJ,no,"found under 2024 ""-signed-autographed-footballers-star-print"" handle"
UPLOADED,Pierre Aubameyang,no,"found under 2024 ""-signed-autographed-footballers-star-print"" handle"
UPLOADED,Pierre Aubameyang PERSONALISED,no,"found under 2024 ""-signed-autographed-footballers-star-print"" handle"
UPLOADED,Pierre Aubameyang PERSONALISED 2,no,"found under 2024 ""-signed-autographed-footballers-star-print"" handle"
UPLOADED,RAFA BENITEZ (1),yes,
UPLOADED,RAFA BENITEZ 2,yes,
UPLOADED,RAHEEM STERLING 1,yes,
UPLOADED,RAHEEM STERLING 2,yes,
UPLOADED,RAHEEM STERLING SILVER Signed Football Print SJ,no,"found under 2024 ""-signed-autographed-footballers-star-print"" handle"
UPLOADED,RAY CLEMENCE 1,yes,
UPLOADED,RAY CLEMENCE 2,yes,
UPLOADED,RICKIE LAMBERT 1,yes,
UPLOADED,RICKIE LAMBERT 2,yes,
UPLOADED,RICKY VILLA,yes,
UPLOADED,RICKY VILLA 2,yes,
UPLOADED,RIO FERDINAND (1),yes,
UPLOADED,RIO FERDINAND 2,yes,
UPLOADED,RIVALDO,yes,
UPLOADED,RIVALDO 2,yes,
UPLOADED,RIYAD MAHREZ Signed Football Print SJ,no,"found under 2024 ""-signed-autographed-footballers-star-print"" handle"
UPLOADED,ROBBIE KEANE,yes,
UPLOADED,ROBBIE KEANE 2,yes,
UPLOADED,ROBERT SNODGRASS (1),yes,
UPLOADED,ROBERT SNODGRASS 2,yes,
UPLOADED,ROBERTO CARLOS,yes,
UPLOADED,ROBERTO CARLOS 2,yes,
UPLOADED,ROBERTO FIRMINO & MO SALAH,no,"found under 2024 ""-signed-autographed-footballers-star-print"" handle"
UPLOADED,ROBERTO FIRMINO & MO SALAH NO BADGE DO NOT USE,no,"found under 2024 ""-signed-autographed-footballers-star-print"" handle"
UPLOADED,ROBERTO MANCINI (1),yes,
UPLOADED,ROBERTO MANCINI 2,yes,
UPLOADED,ROBERTO SOLDADO,yes,
UPLOADED,ROBERTO SOLDADO 2,yes,
UPLOADED,ROBIN VAN PERSIE 1,no,"found under 2024 ""-signed-autographed-footballers-star-print"" handle"
UPLOADED,ROBIN VAN PERSIE 2,no,"found under 2024 ""-signed-autographed-footballers-star-print"" handle"
UPLOADED,RODRIGO PALACIO,yes,
UPLOADED,RODRIGO PALACIO 2,yes,
UPLOADED,ROMELU LUKAKA (1),no,stray Black Frame file of ROMELU LUKAKU (1) (live)
UPLOADED,ROMELU LUKAKU (1),yes,
UPLOADED,ROMELU LUKAKU 2,yes,
UPLOADED,RONALD ZUBAR,yes,
UPLOADED,RONALD ZUBAR 2,yes,
UPLOADED,ROONEY GIGGS FERDINAND 1,no,"found under 2024 ""-signed-autographed-footballers-star-print"" handle"
UPLOADED,ROONEY GIGGS FERDINAND 2,no,"found under 2024 ""-signed-autographed-footballers-star-print"" handle"
UPLOADED,ROSS BARKLEY 1,no,"found under 2024 ""-signed-autographed-footballers-star-print"" handle"
UPLOADED,ROSS BARKLEY 2,no,"found under 2024 ""-signed-autographed-footballers-star-print"" handle"
UPLOADED,ROY KEANE (1),yes,
UPLOADED,ROY KEANE 2,yes,
UPLOADED,RUUD VAN NISTELROOY MALAGA,yes,
UPLOADED,RUUD VAN NISTELROOY MALAGA 2,yes,
UPLOADED,RYAN GIGGS + DAVID BECKHAM,yes,
UPLOADED,RYAN GIGGS + DAVID BECKHAM 2,yes,
UPLOADED,RYAN GIGGS + PAUL SCHOLES,yes,
UPLOADED,RYAN GIGGS + PAUL SCHOLES 2,yes,
UPLOADED,RYAN GIGGS 1,no,"found under 2024 ""-signed-autographed-footballers-star-print"" handle"
UPLOADED,RYAN GIGGS 2,no,"found under 2024 ""-signed-autographed-footballers-star-print"" handle"
UPLOADED,Raul Gonzalez 1,yes,
UPLOADED,Raul Gonzalez 2,yes,
UPLOADED,Roberto Firmino Signed Football Print SJ,no,"found under 2024 ""-signed-autographed-footballers-star-print"" handle"
UPLOADED,Romelu Lukaku SILVER Signed Football Print SJ,no,"found under 2024 ""-signed-autographed-footballers-star-print"" handle"
UPLOADED,Ronaldo SILVER Signed Football Print SJ,no,"found under 2024 ""-signed-autographed-footballers-star-print"" handle"
UPLOADED,SAMIR NASRI (1),yes,
UPLOADED,SAMIR NASRI 2,yes,
UPLOADED,SAMUEL ETO_O,yes,
UPLOADED,SAMUEL ETO_O 2,yes,
UPLOADED,SANTI CAZORLA,yes,
UPLOADED,SANTI CAZORLA 2,yes,
UPLOADED,SCOTT DANN,yes,
UPLOADED,SCOTT DANN 2,yes,
UPLOADED,SCOTT McDONALD,yes,
UPLOADED,SCOTT McDONALD 2,yes,
UPLOADED,SCOTT PARKER,yes,
UPLOADED,SCOTT PARKER 2,yes,
UPLOADED,SERGIO AGUERO 1,no,"found under 2024 ""-signed-autographed-footballers-star-print"" handle"
UPLOADED,SERGIO AGUERO 2,no,"found under 2024 ""-signed-autographed-footballers-star-print"" handle"
UPLOADED,SHAUN WRIGHT-PHILLIPS,yes,
UPLOADED,SHAUN WRIGHT-PHILLIPS 2,yes,
UPLOADED,SHINJI KAGAWA (1),yes,
UPLOADED,SHINJI KAGAWA 2,yes,
UPLOADED,SIEM DE JONG (1),yes,
UPLOADED,SIEM DE JONG 2,yes,
UPLOADED,SIMON DAVIES,yes,
UPLOADED,SIMON DAVIES 2,yes,
UPLOADED,SLAVEN BILIC (1),yes,
UPLOADED,SLAVEN BILIC 2,yes,
UPLOADED,SLAVEN BILIC _ JULIAN DICKS (1),yes,
UPLOADED,SOFIANE FEGHOULI _ MANUEL LANZINI (1),yes,
UPLOADED,SOL CAMPBELL,yes,
UPLOADED,SOL CAMPBELL 2,yes,
UPLOADED,STEED MALBRAQUE,yes,
UPLOADED,STEED MALBRAQUE 2,yes,
UPLOADED,STEVE BRUCE,yes,
UPLOADED,STEVE BRUCE 2,yes,
UPLOADED,STEVE MCMANAMAN (1),yes,
UPLOADED,STEVE MCMANAMAN 2,yes,
UPLOADED,STEVEN GERRARD,no,"found under 2024 ""-signed-autographed-footballers-star-print"" handle"
UPLOADED,STEVEN GERRARD RANGERS,no,"found under 2024 ""-signed-autographed-footballers-star-print"" handle"
UPLOADED,Sadio Mane SILVER Signed Football Print SJ,no,"found under 2024 ""-signed-autographed-footballers-star-print"" handle"
UPLOADED,TEDDY SHERINGHAM (1),yes,
UPLOADED,TEDDY SHERINGHAM 2,yes,
UPLOADED,THEO WALCOTT,yes,
UPLOADED,THEO WALCOTT 2,yes,
UPLOADED,THIBAUT COURTOIS,yes,
UPLOADED,THIBAUT COURTOIS 2,yes,
UPLOADED,THIERRY HENRY 1,no,"found under 2024 ""-signed-autographed-footballers-star-print"" handle"
UPLOADED,THIERRY HENRY 2,no,"found under 2024 ""-signed-autographed-footballers-star-print"" handle"
UPLOADED,THIERRY HENRY _ ROBERT PIRES,yes,
UPLOADED,THIERRY HENRY _ ROBERT PIRES 2,yes,
UPLOADED,THOMAS VERMAELEN,yes,
UPLOADED,THOMAS VERMAELEN 2,yes,
UPLOADED,TIM CAHILL,yes,
UPLOADED,TIM CAHILL 2,yes,
UPLOADED,TOM HEATON (1),yes,
UPLOADED,TOM HEATON 2,yes,
UPLOADED,TOM HUDDLESTONE,yes,
UPLOADED,TOM HUDDLESTONE 2,yes,
UPLOADED,TONY ADAMS,yes,
UPLOADED,TONY ADAMS 2,yes,
UPLOADED,TOTTENHAM HOT SPURS 1984 UEFA CUP FINAL,yes,
UPLOADED,TOTTENHAM HOT SPURS 1984 UEFA CUP FINAL 2,yes,
UPLOADED,TREVOR BROOKING,yes,
UPLOADED,TREVOR BROOKING 2,yes,
UPLOADED,UGO EHIOGU,yes,
UPLOADED,UGO EHIOGU 2,yes,
UPLOADED,UNAI EMERY,yes,
UPLOADED,UNAI EMERY 2,yes,
UPLOADED,VICTOR ANICHEBE,yes,
UPLOADED,VICTOR ANICHEBE 2,yes,
UPLOADED,VICTOR VALDES,yes,
UPLOADED,VICTOR VALDES 2,yes,
UPLOADED,VIRGIL VAN DIJK SIGNED PRINT,no,"found under 2024 ""-signed-autographed-footballers-star-print"" handle"
UPLOADED,VIV ANDERSON,yes,
UPLOADED,VIV ANDERSON 2,yes,
UPLOADED,Victor Moses (1),yes,
UPLOADED,Victor Moses 2,yes,
UPLOADED,Vurnon Anita (1),yes,
UPLOADED,Vurnon Anita 2,yes,
UPLOADED,WAYNE ROONEY + JUAN MATA (1),yes,
UPLOADED,WAYNE ROONEY + JUAN MATA 2,yes,
UPLOADED,WAYNE ROONEY 1,no,"found under 2024 ""-signed-autographed-footballers-star-print"" handle"
UPLOADED,WAYNE ROONEY 2,no,"found under 2024 ""-signed-autographed-footballers-star-print"" handle"
UPLOADED,WEST HAM PLAY OFF FINAL WINNERS SQUAD (1),yes,
UPLOADED,WEST HAM PLAY OFF FINAL WINNERS SQUAD 2,yes,
UPLOADED,WILFRIED ZAHA,yes,
UPLOADED,WILFRIED ZAHA 2,yes,
UPLOADED,WINSTON REID (1),yes,
UPLOADED,WINSTON REID 2,yes,
UPLOADED,WORLD CUP 1996 CELEBRATING 50 YEARS 1,no,"found under 2024 ""-signed-autographed-footballers-star-print"" handle"
UPLOADED,WORLD CUP 1996 CELEBRATING 50 YEARS 2,no,"found under 2024 ""-signed-autographed-footballers-star-print"" handle"
UPLOADED,Willian Signed Football Print SJ,no,"found under 2024 ""-signed-autographed-footballers-star-print"" handle"
UPLOADED,XAVI,yes,
UPLOADED,XAVI 2,yes,
UPLOADED,YAYA TOURE (1),yes,
UPLOADED,YAYA TOURE 2,yes,
UPLOADED,YOAN GOUFFRAN (1),yes,
UPLOADED,gabriel jesus SILVER Signed Football Print SJ,no,"found under 2024 ""-signed-autographed-footballers-star-print"" handle"
UPLOADED,neymar messi suarez signed,no,"found under 2024 ""-signed-autographed-footballers-star-print"" handle"
