name,product_id,handle,url,title,skus,main_image_id,print_pdf_file_id,print_pdf_url,collections,channels,dropbox_folder,notes
Liam Gallagher,gid://shopify/Product/16064554074493,liam-gallagher-face-mask,https://foxyprinting.co.uk/products/liam-gallagher-face-mask,Liam Gallagher Face Mask – Fancy Dress Cardboard Costume Mask,FaceMask-LiamGallagher-RC-E; FaceMask-LiamGallagher-RC-S; FaceMask-LiamGallagher-DIY-E; FaceMask-LiamGallagher-DIY-S,gid://shopify/MediaImage/69873595187581,gid://shopify/GenericFile/69873611866493,https://cdn.shopify.com/s/files/1/1774/9115/files/liam-gallagher-face-mask-FaceMask-LiamGallagher-RC-E-print-and-cut-SRA4.pdf?v=1791312805,music-celebrities; masks; spently_products; all-facemasks; best-selling-products; newest-products; best-selling-face-masks,Online Store; Shop; Google & YouTube; Facebook & Instagram; TikTok,/AI DESIGNS 2026/Liam Gallagher Face Mask – Fancy Dress Cardboard Costume Mask - FaceMask-LiamGallagher-RC-E,Used current-look 'Liam Gallager.jpg' (young version also in Dropbox).
Travis Kelce,gid://shopify/Product/16064554140029,travis-kelce-face-mask,https://foxyprinting.co.uk/products/travis-kelce-face-mask,Travis Kelce Face Mask – Fancy Dress Cardboard Costume Mask,FaceMask-TravisKelce-RC-E; FaceMask-TravisKelce-RC-S; FaceMask-TravisKelce-DIY-E; FaceMask-TravisKelce-DIY-S,gid://shopify/MediaImage/69873595220349,gid://shopify/GenericFile/69873611899261,https://cdn.shopify.com/s/files/1/1774/9115/files/travis-kelce-face-mask-FaceMask-TravisKelce-RC-E-print-and-cut-SRA4.pdf?v=1791312804,sport-celebrities; music-celebrities; masks; spently_products; all-facemasks; best-selling-products; newest-products; best-selling-face-masks,Online Store; Shop; Google & YouTube; Facebook & Instagram; TikTok,/AI DESIGNS 2026/Travis Kelce Face Mask – Fancy Dress Cardboard Costume Mask - FaceMask-TravisKelce-RC-E,Art rendered from Dropbox PDF at 300 dpi. In music + sport collections as suggested.
Matt Damon,gid://shopify/Product/16064554205565,matt-damon-face-mask,https://foxyprinting.co.uk/products/matt-damon-face-mask,Matt Damon Face Mask – Fancy Dress Cardboard Costume Mask,FaceMask-MattDamon-RC-E; FaceMask-MattDamon-RC-S; FaceMask-MattDamon-DIY-E; FaceMask-MattDamon-DIY-S,gid://shopify/MediaImage/69873595253117,gid://shopify/GenericFile/69873611932029,https://cdn.shopify.com/s/files/1/1774/9115/files/matt-damon-face-mask-FaceMask-MattDamon-RC-E-print-and-cut-SRA4.pdf?v=1791312804,tv-celebritys; masks; movie-actor-face-masks; spently_products; all-facemasks; best-selling-products; newest-products; best-selling-face-masks,Online Store; Shop; Google & YouTube; Facebook & Instagram; TikTok,/AI DESIGNS 2026/Matt Damon Face Mask – Fancy Dress Cardboard Costume Mask - FaceMask-MattDamon-RC-E,"Used 'Matt Damon 5.jpg' (RGB, clearer) over the CMYK 'Matt Damon.jpg'."
Jerry Hall,gid://shopify/Product/16064554238333,jerry-hall-face-mask,https://foxyprinting.co.uk/products/jerry-hall-face-mask,Jerry Hall Face Mask – Fancy Dress Cardboard Costume Mask,FaceMask-JerryHall-RC-E; FaceMask-JerryHall-RC-S; FaceMask-JerryHall-DIY-E; FaceMask-JerryHall-DIY-S,gid://shopify/MediaImage/69873595285885,gid://shopify/GenericFile/69873611964797,https://cdn.shopify.com/s/files/1/1774/9115/files/jerry-hall-face-mask-FaceMask-JerryHall-RC-E-print-and-cut-SRA4.pdf?v=1791312804,film-movie-celebrities; masks; spently_products; all-facemasks; tv-star-masks; best-selling-products; newest-products; best-selling-face-masks; the-traitors-face-masks,Online Store; Shop; Google & YouTube; Facebook & Instagram; TikTok,/AI DESIGNS 2026/Jerry Hall Face Mask – Fancy Dress Cardboard Costume Mask - FaceMask-JerryHall-RC-E,Also tagged traitors-masks (The Celebrity Traitors 2026 cast) -> the-traitors-face-masks.
Jimin,gid://shopify/Product/16064554303869,jimin-bts-face-mask,https://foxyprinting.co.uk/products/jimin-bts-face-mask,Jimin Face Mask (BTS) – Fancy Dress Cardboard Costume Mask,FaceMask-JiminBTS-RC-E; FaceMask-JiminBTS-RC-S; FaceMask-JiminBTS-DIY-E; FaceMask-JiminBTS-DIY-S,gid://shopify/MediaImage/69873595318653,gid://shopify/GenericFile/69873611997565,https://cdn.shopify.com/s/files/1/1774/9115/files/jimin-bts-face-mask-FaceMask-JiminBTS-RC-E-print-and-cut-SRA4.pdf?v=1791312803,music-celebrities; masks; spently_products; all-facemasks; best-selling-products; newest-products; best-selling-face-masks; k-pop-face-masks,Online Store; Shop; Google & YouTube; Facebook & Instagram; TikTok,/AI DESIGNS 2026/Jimin Face Mask (BTS) – Fancy Dress Cardboard Costume Mask - FaceMask-JiminBTS-RC-E,Eye holes set by hand; softer outline for pale pink hair (cut follows hair tips at top). Art 854x1280 px (~100 dpi at A4). Tagged kpop-masks -> k-pop-face-masks.
V (Kim Taehyung),gid://shopify/Product/16064554336637,v-kim-taehyung-bts-face-mask,https://foxyprinting.co.uk/products/v-kim-taehyung-bts-face-mask,"V Face Mask (Kim Taehyung, BTS) – Fancy Dress Cardboard Costume Mask",FaceMask-VKimTaehyungBTS-RC-E; FaceMask-VKimTaehyungBTS-RC-S; FaceMask-VKimTaehyungBTS-DIY-E; FaceMask-VKimTaehyungBTS-DIY-S,gid://shopify/MediaImage/69873595384189,gid://shopify/GenericFile/69873612063101,https://cdn.shopify.com/s/files/1/1774/9115/files/v-kim-taehyung-bts-face-mask-FaceMask-VKimTaehyungBTS-RC-E-print-and-cut-SRA4.pdf?v=1791312803,music-celebrities; masks; spently_products; all-facemasks; best-selling-products; newest-products; best-selling-face-masks; k-pop-face-masks,Online Store; Shop; Google & YouTube; Facebook & Instagram; TikTok,"/AI DESIGNS 2026/V Face Mask (Kim Taehyung, BTS) – Fancy Dress Cardboard Costume Mask - FaceMask-VKimTaehyungBTS-RC-E",Art 905x1280 px. Tagged kpop-masks -> k-pop-face-masks.
RM (Kim Namjoon),gid://shopify/Product/16064555221373,rm-kim-namjoon-bts-face-mask,https://foxyprinting.co.uk/products/rm-kim-namjoon-bts-face-mask,"RM Face Mask (Kim Namjoon, BTS) – Fancy Dress Cardboard Costume Mask",FaceMask-RMKimNamjoonBTS-RC-E; FaceMask-RMKimNamjoonBTS-RC-S; FaceMask-RMKimNamjoonBTS-DIY-E; FaceMask-RMKimNamjoonBTS-DIY-S,gid://shopify/MediaImage/69873599971709,gid://shopify/GenericFile/69873612095869,https://cdn.shopify.com/s/files/1/1774/9115/files/rm-kim-namjoon-bts-face-mask-FaceMask-RMKimNamjoonBTS-RC-E-print-and-cut-SRA4.pdf?v=1791312803,music-celebrities; masks; spently_products; all-facemasks; best-selling-products; newest-products; best-selling-face-masks; k-pop-face-masks,Online Store; Shop; Google & YouTube; Facebook & Instagram; TikTok,"/AI DESIGNS 2026/RM Face Mask (Kim Namjoon, BTS) – Fancy Dress Cardboard Costume Mask - FaceMask-RMKimNamjoonBTS-RC-E",Artwork shows RM winking: left eye hole sits on a closed eye. Tagged kpop-masks -> k-pop-face-masks.
Suga (Min Yoongi),gid://shopify/Product/16064555254141,suga-min-yoongi-bts-face-mask,https://foxyprinting.co.uk/products/suga-min-yoongi-bts-face-mask,"Suga Face Mask (Min Yoongi, BTS) – Fancy Dress Cardboard Costume Mask",FaceMask-SugaMinYoongiBTS-RC-E; FaceMask-SugaMinYoongiBTS-RC-S; FaceMask-SugaMinYoongiBTS-DIY-E; FaceMask-SugaMinYoongiBTS-DIY-S,gid://shopify/MediaImage/69873600004477,gid://shopify/GenericFile/69873612128637,https://cdn.shopify.com/s/files/1/1774/9115/files/suga-min-yoongi-bts-face-mask-FaceMask-SugaMinYoongiBTS-RC-E-print-and-cut-SRA4.pdf?v=1791312804,music-celebrities; masks; spently_products; all-facemasks; best-selling-products; newest-products; best-selling-face-masks; k-pop-face-masks,Online Store; Shop; Google & YouTube; Facebook & Instagram; TikTok,"/AI DESIGNS 2026/Suga Face Mask (Min Yoongi, BTS) – Fancy Dress Cardboard Costume Mask - FaceMask-SugaMinYoongiBTS-RC-E",Art 853x1280 px. Tagged kpop-masks -> k-pop-face-masks.
J-Hope (Jung Hoseok),gid://shopify/Product/16064555286909,j-hope-jung-hoseok-bts-face-mask,https://foxyprinting.co.uk/products/j-hope-jung-hoseok-bts-face-mask,"J-Hope Face Mask (Jung Hoseok, BTS) – Fancy Dress Cardboard Costume Mask",FaceMask-JHopeJungHoseokBTS-RC-E; FaceMask-JHopeJungHoseokBTS-RC-S; FaceMask-JHopeJungHoseokBTS-DIY-E; FaceMask-JHopeJungHoseokBTS-DIY-S,gid://shopify/MediaImage/69873600168317,gid://shopify/GenericFile/69873612161405,https://cdn.shopify.com/s/files/1/1774/9115/files/j-hope-jung-hoseok-bts-face-mask-FaceMask-JHopeJungHoseokBTS-RC-E-print-and-cut-SRA4.pdf?v=1791312804,music-celebrities; masks; spently_products; all-facemasks; best-selling-products; newest-products; best-selling-face-masks; k-pop-face-masks,Online Store; Shop; Google & YouTube; Facebook & Instagram; TikTok,"/AI DESIGNS 2026/J-Hope Face Mask (Jung Hoseok, BTS) – Fancy Dress Cardboard Costume Mask - FaceMask-JHopeJungHoseokBTS-RC-E",Art 905x1280 px. Tagged kpop-masks -> k-pop-face-masks.
Florence Welch,gid://shopify/Product/16064555319677,florence-welch-face-mask,https://foxyprinting.co.uk/products/florence-welch-face-mask,Florence Welch Face Mask – Fancy Dress Cardboard Costume Mask,FaceMask-FlorenceWelch-RC-E; FaceMask-FlorenceWelch-RC-S; FaceMask-FlorenceWelch-DIY-E; FaceMask-FlorenceWelch-DIY-S,gid://shopify/MediaImage/69873600201085,gid://shopify/GenericFile/69873612194173,https://cdn.shopify.com/s/files/1/1774/9115/files/florence-welch-face-mask-FaceMask-FlorenceWelch-RC-E-print-and-cut-SRA4.pdf?v=1791312804,music-celebrities; masks; spently_products; all-facemasks; best-selling-products; newest-products; best-selling-face-masks,Online Store; Shop; Google & YouTube; Facebook & Instagram; TikTok,/AI DESIGNS 2026/Florence Welch Face Mask – Fancy Dress Cardboard Costume Mask - FaceMask-FlorenceWelch-RC-E,"Low-res art 595x842 px (~72 dpi at A4): print may be soft. Hair reaches art edge, cut follows edge on sides."
Mark Ronson,gid://shopify/Product/16064555352445,mark-ronson-face-mask,https://foxyprinting.co.uk/products/mark-ronson-face-mask,Mark Ronson Face Mask – Fancy Dress Cardboard Costume Mask,FaceMask-MarkRonson-RC-E; FaceMask-MarkRonson-RC-S; FaceMask-MarkRonson-DIY-E; FaceMask-MarkRonson-DIY-S,gid://shopify/MediaImage/69873600233853,gid://shopify/GenericFile/69873612226941,https://cdn.shopify.com/s/files/1/1774/9115/files/mark-ronson-face-mask-FaceMask-MarkRonson-RC-E-print-and-cut-SRA4.pdf?v=1791312804,music-celebrities; masks; spently_products; all-facemasks; best-selling-products; newest-products; best-selling-face-masks,Online Store; Shop; Google & YouTube; Facebook & Instagram; TikTok,/AI DESIGNS 2026/Mark Ronson Face Mask – Fancy Dress Cardboard Costume Mask - FaceMask-MarkRonson-RC-E,
Ben Price,gid://shopify/Product/16064555385213,ben-price-face-mask,https://foxyprinting.co.uk/products/ben-price-face-mask,Ben Price Face Mask – Fancy Dress Cardboard Costume Mask,FaceMask-BenPrice-RC-E; FaceMask-BenPrice-RC-S; FaceMask-BenPrice-DIY-E; FaceMask-BenPrice-DIY-S,gid://shopify/MediaImage/69873600266621,gid://shopify/GenericFile/69873612259709,https://cdn.shopify.com/s/files/1/1774/9115/files/ben-price-face-mask-FaceMask-BenPrice-RC-E-print-and-cut-SRA4.pdf?v=1791312804,masks; spently_products; all-facemasks; tv-star-masks; best-selling-products; newest-products; reality-tv-face-masks; best-selling-face-masks,Online Store; Shop; Google & YouTube; Facebook & Instagram; TikTok,/AI DESIGNS 2026/Ben Price Face Mask – Fancy Dress Cardboard Costume Mask - FaceMask-BenPrice-RC-E,Art 827x1169 px.
Andrew Garfield,gid://shopify/Product/16064556138877,andrew-garfield-face-mask,https://foxyprinting.co.uk/products/andrew-garfield-face-mask,Andrew Garfield Face Mask – Fancy Dress Cardboard Costume Mask,FaceMask-AndrewGarfield-RC-E; FaceMask-AndrewGarfield-RC-S; FaceMask-AndrewGarfield-DIY-E; FaceMask-AndrewGarfield-DIY-S,gid://shopify/MediaImage/69873602494845,gid://shopify/GenericFile/69873612292477,https://cdn.shopify.com/s/files/1/1774/9115/files/andrew-garfield-face-mask-FaceMask-AndrewGarfield-RC-E-print-and-cut-SRA4.pdf?v=1791312804,tv-celebritys; masks; movie-actor-face-masks; spently_products; all-facemasks; best-selling-products; newest-products; best-selling-face-masks,Online Store; Shop; Google & YouTube; Facebook & Instagram; TikTok,/AI DESIGNS 2026/Andrew Garfield Face Mask – Fancy Dress Cardboard Costume Mask - FaceMask-AndrewGarfield-RC-E,
Nicholas Hoult,gid://shopify/Product/16064556171645,nicholas-hoult-face-mask,https://foxyprinting.co.uk/products/nicholas-hoult-face-mask,Nicholas Hoult Face Mask – Fancy Dress Cardboard Costume Mask,FaceMask-NicholasHoult-RC-E; FaceMask-NicholasHoult-RC-S; FaceMask-NicholasHoult-DIY-E; FaceMask-NicholasHoult-DIY-S,gid://shopify/MediaImage/69873602560381,gid://shopify/GenericFile/69873612325245,https://cdn.shopify.com/s/files/1/1774/9115/files/nicholas-hoult-face-mask-FaceMask-NicholasHoult-RC-E-print-and-cut-SRA4.pdf?v=1791312804,tv-celebritys; masks; movie-actor-face-masks; spently_products; all-facemasks; best-selling-products; newest-products; best-selling-face-masks,Online Store; Shop; Google & YouTube; Facebook & Instagram; TikTok,/AI DESIGNS 2026/Nicholas Hoult Face Mask – Fancy Dress Cardboard Costume Mask - FaceMask-NicholasHoult-RC-E,Used 'Nicholas Hoult.jpg' (2480 px).
Jeff Hordley,gid://shopify/Product/16064556204413,jeff-hordley-face-mask,https://foxyprinting.co.uk/products/jeff-hordley-face-mask,Jeff Hordley Face Mask – Fancy Dress Cardboard Costume Mask,FaceMask-JeffHordley-RC-E; FaceMask-JeffHordley-RC-S; FaceMask-JeffHordley-DIY-E; FaceMask-JeffHordley-DIY-S,gid://shopify/MediaImage/69873602593149,gid://shopify/GenericFile/69873612358013,https://cdn.shopify.com/s/files/1/1774/9115/files/jeff-hordley-face-mask-FaceMask-JeffHordley-RC-E-print-and-cut-SRA4.pdf?v=1791312803,film-movie-celebrities; masks; spently_products; all-facemasks; tv-star-masks; best-selling-products; newest-products; emmerdale; emmerdale-1; best-selling-face-masks,Online Store; Shop; Google & YouTube; Facebook & Instagram; TikTok,/AI DESIGNS 2026/Jeff Hordley Face Mask – Fancy Dress Cardboard Costume Mask - FaceMask-JeffHordley-RC-E,Eye holes set by hand (auto detection fell back to forehead). Art 906x1280 px.
Joel Dommett,gid://shopify/Product/16064556237181,joel-dommett-face-mask,https://foxyprinting.co.uk/products/joel-dommett-face-mask,Joel Dommett Face Mask – Fancy Dress Cardboard Costume Mask,FaceMask-JoelDommett-RC-E; FaceMask-JoelDommett-RC-S; FaceMask-JoelDommett-DIY-E; FaceMask-JoelDommett-DIY-S,gid://shopify/MediaImage/69873602658685,gid://shopify/GenericFile/69873612390781,https://cdn.shopify.com/s/files/1/1774/9115/files/joel-dommett-face-mask-FaceMask-JoelDommett-RC-E-print-and-cut-SRA4.pdf?v=1791312804,masks; comedians; spently_products; all-facemasks; tv-star-masks; best-selling-products; newest-products; best-selling-face-masks,Online Store; Shop; Google & YouTube; Facebook & Instagram; TikTok,/AI DESIGNS 2026/Joel Dommett Face Mask – Fancy Dress Cardboard Costume Mask - FaceMask-JoelDommett-RC-E,
Gwen,gid://shopify/Product/16064556269949,gwen-melanie-walters-face-mask,https://foxyprinting.co.uk/products/gwen-melanie-walters-face-mask,Gwen Face Mask (Melanie Walters) – Fancy Dress Cardboard Costume Mask,FaceMask-GwenMelanieWalters-RC-E; FaceMask-GwenMelanieWalters-RC-S; FaceMask-GwenMelanieWalters-DIY-E; FaceMask-GwenMelanieWalters-DIY-S,gid://shopify/MediaImage/69873602724221,gid://shopify/GenericFile/69873612423549,https://cdn.shopify.com/s/files/1/1774/9115/files/gwen-melanie-walters-face-mask-FaceMask-GwenMelanieWalters-RC-E-print-and-cut-SRA4.pdf?v=1791312804,film-movie-celebrities; masks; strictly-come-dancing; spently_products; all-facemasks; tv-star-masks; best-selling-products; newest-products; best-selling-face-masks,Online Store; Shop; Google & YouTube; Facebook & Instagram; TikTok,/AI DESIGNS 2026/Gwen Face Mask (Melanie Walters) – Fancy Dress Cardboard Costume Mask - FaceMask-GwenMelanieWalters-RC-E,"TV character (Gavin & Stacey) disclaimer; hair reaches art edge, cut follows edge on sides. Tagged Strictly Come Dancing (Melanie Walters is a 2026 contestant)."
Brendan O'Carroll (Mrs Brown),,,,SKIPPED,,,,,,,,Already on the store: agnes-brown-mrs-brown-boys-face-mask (Agnes Brown = Mrs Brown). Not created (rule 8).
