name,reason,why_trending,source_url
Taylor Swift,"already sold (taylor-swift-2025-celebrity-face-mask-fancy-dress-cardboard-costume-mask, ACTIVE)",'Patient Zero' entered the UK singles chart at No.1 on 3 Oct 2026; married Travis Kelce in July 2026,https://creativedisc.com/2026/10/uk-official-singles-chart-03-oct-2026/
Sam Fender,"already sold (sam-fender-celebrity-face-mask-fancy-dress-cardboard-costume-mask, ACTIVE)",'Rein Me In' with Olivia Dean is the 2026 song of the summer and Brits Song of the Year,https://www.officialcharts.com/chart-news/official-biggest-songs-of-2026
Raye,"already sold (raye-celebrity-face-mask-fancy-dress-cardboard-costume-mask, ACTIVE)",'Where Is My Husband!' was the first UK No.1 of 2026; Mercury Prize 2026 shortlist,https://en.wikipedia.org/wiki/List_of_UK_top-ten_singles_in_2026
Harry Styles,"already sold (harry-styles-face-mask-face-mask, ACTIVE)","2026 album 'Kiss All the Time. Disco, Occasionally.' went to No.1; record Wembley stadium run",https://www.officialcharts.com/chart-news/harry-styles-kiss-all-the-time-disco-occasionally-number-1-album
Rosalia,"already sold (celebrity-face-mask-fancy-dress-cardboard-costume-mask, ACTIVE)",Brits 2026 International Artist of the Year,https://www.radiox.co.uk/news/brit-awards/2026-winners-full-list/
Noel Gallagher,"already sold (gallagher-face-mask, ACTIVE)",Brits 2026 Songwriter of the Year; Oasis tour speculation,https://www.radiox.co.uk/news/brit-awards/2026-winners-full-list/
Rose (BLACKPINK),"already sold (rose-blackpink-celebrity-face-mask-k-pop-idol-face-mask-funny-mask-for-stag-do-hen-night-tv-events-fancy-dress-costume-parties-ready-to-wear, ACTIVE)",'APT' with Bruno Mars won Brits 2026 International Song,https://www.radiox.co.uk/news/brit-awards/2026-winners-full-list/
Bruno Mars,"already sold (bruno-mars-jb-music-star-fancy-dress-cardboard-celebrity-party-stag-birthday-idea-fancy-dress-face-mask, ACTIVE)",'APT' with Rose won Brits 2026 International Song,https://www.radiox.co.uk/news/brit-awards/2026-winners-full-list/
Fred Again,"already sold (fred-again-celebrity-face-mask-fancy-dress-cardboard-costume-mask, ACTIVE)",Brits 2026 Dance Act winner,https://www.radiox.co.uk/news/brit-awards/2026-winners-full-list/
Paul McCartney,"already sold (paul-mccartney-jb-music-star-fancy-dress-cardboard-celebrity-party-stag-birthday-idea-fancy-dress-face-mask, ACTIVE)",First ever Mercury Prize nomination at 84 (ceremony 22 Oct 2026),https://www.radiox.co.uk/news/mercury-prize/mercury-prize-2026-shortlist-revealed-12-albums/
Jade Thirlwall,"already sold (jade-thirlwall-jb-music-star-fancy-dress-cardboard-celebrity-party-stag-birthday-idea-fancy-dress-face-mask, ACTIVE)",Solo album 'That's Showbiz Baby!' on the Mercury Prize 2026 shortlist,https://www.radiox.co.uk/news/mercury-prize/mercury-prize-2026-shortlist-revealed-12-albums/
Lewis Capaldi,"already sold (copy-of-leigh-anne-pinnock-2020-music-dress-cardboard-celebrity-party-face-mask, ACTIVE)",Headlined BST Hyde Park and the new Roundhay Festival in 2026,https://www.shortlist.com/music/the-8-best-festival-line-ups-of-summer-2026-for-anyone-with-a-glastonbury-shaped-hole-in-their-calendars
Ed Sheeran,"already sold (ed-sheeran-jb-music-star-fancy-dress-cardboard-celebrity-party-stag-birthday-idea-fancy-dress-face-mask, ACTIVE)",Guest at Taylor Swift's July 2026 wedding; perennial chart star,https://www.rollingstone.com/music/music-news/taylor-swift-travis-kelce-wedding-ceremony-1235575513/
Selena Gomez,"already sold (selena-gomez-golden-globes-2025-celebrity-face-masks-hollywood-themed-fancy-dress-party-accessories, ACTIVE)",Guest at Taylor Swift's July 2026 wedding,https://www.rollingstone.com/music/music-news/taylor-swift-travis-kelce-wedding-ceremony-1235575513/
Jungkook (BTS),"already sold (junkook-jimin-jungshook-bts-korean-music-star-k-pop-music-star-celebrity-face-mask-fancy-dress-cardboard-costume-mask-copy, ACTIVE)",BTS returned in March 2026 with 'Arirang' and a 79-date world tour,https://www.mensjournal.com/entertainment/bts-tickets-tour-bigbang-coachella-blackpink-new-album-2026
Jennie (BLACKPINK),"already sold (jennie-blackpink-celebrity-face-mask-k-pop-idol-face-mask-funny-mask-for-stag-do-hen-night-tv-events-fancy-dress-costume-parties-ready-to-wear, ACTIVE)",BLACKPINK album 'DEADLINE' set a girl-group first-day sales record in 2026,https://www.kpopstarz.com/articles/322931/20260403/most-popular-kpop-groups-2026.htm
Jisoo (BLACKPINK),"already sold (jisoo-blackpink-celebrity-face-mask-k-pop-idol-face-mask-funny-mask-for-stag-do-hen-night-tv-events-fancy-dress-costume-parties-ready-to-wear, ACTIVE)",BLACKPINK album 'DEADLINE' set a girl-group first-day sales record in 2026,https://www.kpopstarz.com/articles/322931/20260403/most-popular-kpop-groups-2026.htm
Lisa (BLACKPINK),"already sold (lisa-blackpink-celebrity-face-mask-k-pop-idol-face-mask-funny-mask-for-stag-do-hen-night-tv-events-fancy-dress-costume-parties-ready-to-wear, ACTIVE)",BLACKPINK album 'DEADLINE' set a girl-group first-day sales record in 2026,https://www.kpopstarz.com/articles/322931/20260403/most-popular-kpop-groups-2026.htm
Lacey Turner,"already sold (lacey-turner-celebrity-face-mask-eastenders-tv-soap-star-fancy-dress-costume-party-prop-for-hen-stag-do-birthday-accessory, ACTIVE)",First star confirmed for Strictly Come Dancing 2026,https://www.thepinknews.com/2026/07/23/all-the-confirmed-strictly-come-dancing-celebrities-for-the-2026-line-up/
Dani Dyer,"already sold (copy-of-curtis-pritchard-love-island-mask-celebrity-cardboard-face-mask, ACTIVE)",Back on Strictly 2026 after injury cut her 2025 run short,https://www.thepinknews.com/2026/07/23/all-the-confirmed-strictly-come-dancing-celebrities-for-the-2026-line-up/
Emma Willis,"already sold (emma-willis-celebrity-face-mask, ACTIVE)",New Strictly Come Dancing co-host for 2026,https://www.televisual.com/news/emma-willis-johannes-radebe-josh-widdicombe-to-host-strictly/
Wayne Rooney,"already sold (wayne-rooney-face-mask, ACTIVE)",In advanced talks to be I'm a Celebrity 2026's 'biggest ever signing',https://www.ladbible.com/entertainment/tv/im-a-celebrity-itv-tv-entertainment-line-up-rumoured-659732-20260920
Chloe Burrows,"already sold (copy-of-ched-uzor-love-island-mask-celebrity-cardboard-face-mask, ACTIVE)",Reported to be in advanced talks for I'm a Celebrity 2026,https://www.ladbible.com/entertainment/tv/im-a-celebrity-itv-tv-entertainment-line-up-rumoured-659732-20260920
Jesy Nelson,"already sold (little-mix-jesy-nelson-music-star-fancy-dress-cardboard-celebrity-party-face-mask, ACTIVE)",Reportedly in talks for I'm a Celebrity 2026,https://www.ladbible.com/entertainment/tv/im-a-celebrity-itv-tv-entertainment-line-up-rumoured-659732-20260920
Joanna Page,"already sold (joanna-page-gavin-and-stacey-face-mask, ACTIVE)",Rumoured for I'm a Celebrity 2026,https://graziadaily.co.uk/life/tv-and-film/im-a-celebrity-get-me-out-of-here-2026-line-up/
Christopher Dean,"already sold (christopher-dean-torvill-and-dean-celebrity-party-face-fancy-dress-copy, ACTIVE)",Rumoured for I'm a Celebrity 2026,https://graziadaily.co.uk/life/tv-and-film/im-a-celebrity-get-me-out-of-here-2026-line-up/
Claudia Winkleman,"already sold (claudia-winkelman-face-mask, ACTIVE)","Hosts The Celebrity Traitors series 2, on BBC One from 1 Oct 2026",https://www.heart.co.uk/showbiz/tv-movies/the-traitors/celebrity-traitors-2026-series-two-full-cast-confirmed/
Bella Ramsey,"already sold (bella-ramsey-the-last-of-us-celebrity-face-mask-fancy-dress-cardboard-costume-mask, ACTIVE)",The Celebrity Traitors 2026 cast,https://www.heart.co.uk/showbiz/tv-movies/the-traitors/celebrity-traitors-2026-series-two-full-cast-confirmed/
James Acaster,"already sold (james-acaster-face-mask-fancy-dress-cardboard-costume-mask, ACTIVE)",The Celebrity Traitors 2026 cast,https://www.heart.co.uk/showbiz/tv-movies/the-traitors/celebrity-traitors-2026-series-two-full-cast-confirmed/
James Blunt,"already sold (james-blunt-jb-music-star-fancy-dress-cardboard-celebrity-party-stag-birthday-idea-fancy-dress-face-mask, ACTIVE)",The Celebrity Traitors 2026 cast,https://www.heart.co.uk/showbiz/tv-movies/the-traitors/celebrity-traitors-2026-series-two-full-cast-confirmed/
Joe Lycett,"already sold (joe-lycett-celebrity-party-face-fancy-dress-copy, ACTIVE)",The Celebrity Traitors 2026 cast,https://www.heart.co.uk/showbiz/tv-movies/the-traitors/celebrity-traitors-2026-series-two-full-cast-confirmed/
Julie Hesmondhalgh,"already sold (julie-hesmondhalgh-aka-hayley-tv-star-face-mask, ACTIVE)",The Celebrity Traitors 2026 cast,https://www.heart.co.uk/showbiz/tv-movies/the-traitors/celebrity-traitors-2026-series-two-full-cast-confirmed/
Leigh-Anne Pinnock,"already sold (leigh-anne-pinnock-jb-music-star-fancy-dress-cardboard-celebrity-party-stag-birthday-idea-fancy-dress-face-mask, ACTIVE)",The Celebrity Traitors 2026 cast,https://www.heart.co.uk/showbiz/tv-movies/the-traitors/celebrity-traitors-2026-series-two-full-cast-confirmed/
Miranda Hart,"already sold (miranda-hart-jb-funny-comedian-fancy-dress-cardboard-celebrity-party-stag-birthday-idea-fancy-dress-face-mask, ACTIVE)",The Celebrity Traitors 2026 cast,https://www.heart.co.uk/showbiz/tv-movies/the-traitors/celebrity-traitors-2026-series-two-full-cast-confirmed/
Ross Kemp,"already sold (ross-kemp-jb-eastenders-actor-fancy-dress-cardboard-celebrity-party-stag-birthday-idea-fancy-dress-face-mask, ACTIVE)",The Celebrity Traitors 2026 cast,https://www.heart.co.uk/showbiz/tv-movies/the-traitors/celebrity-traitors-2026-series-two-full-cast-confirmed/
Sebastian Croft,"already sold (sebastian-croft-heartstopper-celebrity-face-mask, ACTIVE)",The Celebrity Traitors 2026 cast,https://www.heart.co.uk/showbiz/tv-movies/the-traitors/celebrity-traitors-2026-series-two-full-cast-confirmed/
Alan Carr,"already sold (alan-carr-comedian-celebrity-facemask-fancy-dress-cardboard-costume-mask, ACTIVE)","NTA Special Recognition Award, Sept 2026; Celebrity Big Brother 2026 favourite",https://www.heart.co.uk/showbiz/who-won-at-the-national-television-awards-2026-full-list-of-winners-revealed/
David Attenborough,"already sold (david-attenborough-tv-star-face-mask, ACTIVE)",NTA 2026 Best TV Presenter,https://www.heart.co.uk/showbiz/who-won-at-the-national-television-awards-2026-full-list-of-winners-revealed/
Vicky McClure,"already sold (vicky-mcclure-celebrity-face-mask-fancy-dress-cardboard-costume-mask, ACTIVE)",NTA 2026 Drama Performance winner (Trigger Point),https://www.heart.co.uk/showbiz/who-won-at-the-national-television-awards-2026-full-list-of-winners-revealed/
Michael McIntyre,"already sold (michael-mcintyre-comedian-face-mask, ACTIVE)",'Big Show' won the 2026 NTA Bruce Forsyth Entertainment Award,https://www.heart.co.uk/showbiz/who-won-at-the-national-television-awards-2026-full-list-of-winners-revealed/
Olivia Attwood,"already sold (copy-of-nathan-massey-love-island-mask-celebrity-cardboard-face-mask, ACTIVE)",Red-carpet star at the NTAs 2026,https://www.hellomagazine.com/fashion/celebrity-style/922311/national-television-awards-2026-best-dressed-celebrities/
Jack Whitehall,"already sold (jack-whitehall-jb-funny-comedian-fancy-dress-cardboard-celebrity-party-stag-birthday-idea-fancy-dress-face-mask, ACTIVE)",Hosted the Brit Awards 2026,https://www.radiox.co.uk/news/brit-awards/2026-winners-full-list/
Erling Haaland,"already sold (erling-haaland-face-mask-fancy-dress-cardboard-costume-mask, ACTIVE)",Premier League 2026-27 top scorer; Man City top of the table,https://www.fotmob.com/leagues/47/stats/season/36781/players/goals/premier-league
Alexander Isak,"already sold (alexander-isak-liverpool-face-mask-football-player-celebrity-card-mask-celebrity-mask-for-stag-do-hen-night-fancy-dress-costume-parties-funny-adult-card-mask, ACTIVE)",Second in the Premier League scoring charts 2026-27,https://www.fotmob.com/leagues/47/stats/season/36781/players/goals/premier-league
Harry Kane,"already sold (harry-kane-jb-footballer-fancy-dress-cardboard-celebrity-party-stag-birthday-idea-fancy-dress-face-mask, ACTIVE)",In Tuchel's Sept/Oct 2026 England squad; Ballon d'Or 2026 nominee,https://www.si.com/soccer/ballon-dor-2026-full-list-nominees
Jude Bellingham,"already sold (jude-bellingham-england-euros-2024-celebrity-party-face-fancy-dress-cardboard-costume-mask, ACTIVE)",In England's Sept/Oct 2026 squad,https://www.themag.co.uk/2026/09/thomas-tuchel-has-now-named-his-first-england-squad-since-the-2026-world-cup-finals/
Bukayo Saka,"already sold (bukayo-saka-celebrity-face-mask-fancy-dress-hen-birthday-party-fun-stag-do, ACTIVE)",In England's Sept/Oct 2026 squad,https://www.themag.co.uk/2026/09/thomas-tuchel-has-now-named-his-first-england-squad-since-the-2026-world-cup-finals/
Declan Rice,"already sold (declan-rice-england-euros-2024-celebrity-party-face-fancy-dress-cardboard-costume-mask, ACTIVE)",In England's Sept/Oct 2026 squad,https://www.themag.co.uk/2026/09/thomas-tuchel-has-now-named-his-first-england-squad-since-the-2026-world-cup-finals/
Cole Palmer,"already sold (cole-palmer-england-euros-2024-celebrity-party-face-fancy-dress-cardboard-costume-mask, ACTIVE)","Named in England's Sept/Oct 2026 squad, then withdrew injured",https://www.themag.co.uk/2026/09/thomas-tuchel-has-now-named-his-first-england-squad-since-the-2026-world-cup-finals/
Marcus Rashford,"already sold (marcus-rashford-celebrity-face-mask-fancy-dress-hen-birthday-party-fun-stag-do, ACTIVE)",In England's Sept/Oct 2026 squad,https://www.themag.co.uk/2026/09/thomas-tuchel-has-now-named-his-first-england-squad-since-the-2026-world-cup-finals/
Eberechi Eze,"already sold (eberechi-eze-england-euros-2024-celebrity-party-face-fancy-dress-cardboard-costume-mask, ACTIVE)",In England's Sept/Oct 2026 squad,https://www.themag.co.uk/2026/09/thomas-tuchel-has-now-named-his-first-england-squad-since-the-2026-world-cup-finals/
Anthony Gordon,"already sold (anthony-gordon-england-euros-2024-celebrity-party-face-fancy-dress-cardboard-costume-mask-copy, ACTIVE)",In England's Sept/Oct 2026 squad,https://www.themag.co.uk/2026/09/thomas-tuchel-has-now-named-his-first-england-squad-since-the-2026-world-cup-finals/
Morgan Rogers,"already sold (morgan-rogers-face-mask-2026-england-football-player-celebrity-card-face-mask-celebrity-mask-for-stag-do-hen-night-fancy-dress-costume-parties-funny-adult-card-mask, ACTIVE)",In England's Sept/Oct 2026 squad,https://www.themag.co.uk/2026/09/thomas-tuchel-has-now-named-his-first-england-squad-since-the-2026-world-cup-finals/
Trent Alexander-Arnold,"already sold (trent-alexander-arnold-celebrity-face-mask-fancy-dress-hen-birthday-party-fun-stag-do, ACTIVE)",In England's Sept/Oct 2026 squad,https://www.themag.co.uk/2026/09/thomas-tuchel-has-now-named-his-first-england-squad-since-the-2026-world-cup-finals/
Marc Guehi,"already sold (marc-guehi-face-mask-2026-england-football-player-celebrity-card-face-mask-celebrity-mask-for-stag-do-hen-night-fancy-dress-costume-parties-funny-adult-card-mask, ACTIVE)",In England's Sept/Oct 2026 squad,https://www.themag.co.uk/2026/09/thomas-tuchel-has-now-named-his-first-england-squad-since-the-2026-world-cup-finals/
Kobbie Mainoo,"already sold (kobbie-mainoo-england-euros-2024-celebrity-party-face-fancy-dress-cardboard-costume-mask, ACTIVE)",In England's Sept/Oct 2026 squad,https://www.themag.co.uk/2026/09/thomas-tuchel-has-now-named-his-first-england-squad-since-the-2026-world-cup-finals/
Myles Lewis-Skelly,"already sold (myles-lewis-skelly-face-mask-2026-england-football-player-celebrity-card-face-mask-celebrity-mask-for-stag-do-hen-night-fancy-dress-costume-parties-funny-adult-card-mask, ACTIVE)",In England's Sept/Oct 2026 squad,https://www.themag.co.uk/2026/09/thomas-tuchel-has-now-named-his-first-england-squad-since-the-2026-world-cup-finals/
Elliot Anderson,"already sold (elliot-anderson-face-mask-2026-england-football-player-celebrity-card-face-mask-realistic-printed-fan-mask-with-eye-holes-elastic-strap-football-party-fancy-dress, ACTIVE)",In England's Sept/Oct 2026 squad,https://www.themag.co.uk/2026/09/thomas-tuchel-has-now-named-his-first-england-squad-since-the-2026-world-cup-finals/
Dominic Calvert-Lewin,"already sold (dominic-calvert-lewin-leeds-united-face-mask-football-player-celebrity-card-mask-celebrity-mask-for-stag-do-hen-night-fancy-dress-costume-parties-funny-adult-card-mask, ACTIVE)",In England's Sept/Oct 2026 squad,https://www.themag.co.uk/2026/09/thomas-tuchel-has-now-named-his-first-england-squad-since-the-2026-world-cup-finals/
Jarrad Branthwaite,"already sold (jarrad-branthwaite-england-euros-2024-celebrity-party-face-fancy-dress-cardboard-costume-mask, ACTIVE)",In England's Sept/Oct 2026 squad,https://www.themag.co.uk/2026/09/thomas-tuchel-has-now-named-his-first-england-squad-since-the-2026-world-cup-finals/
Thomas Tuchel,"already sold (thomas-tuchel-england-manager-celebrity-face-mask-fancy-dress-cardboard-costume-mask, ACTIVE)",Named his first England squad since the 2026 World Cup,https://www.themag.co.uk/2026/09/thomas-tuchel-has-now-named-his-first-england-squad-since-the-2026-world-cup-finals/
Rodri,"already sold (rodri-manchester-city-face-mask-rodrigo-hernandez-cascante-football-player-celebrity-card-mask-celebrity-mask-for-stag-do-hen-night-fancy-dress-costume-parties-funny-adult-card-mask, ACTIVE)",Golden Ball winner as Spain won the 2026 World Cup,https://allafrica.com/stories/202607210766.html
Pau Cubarsi,"already sold (pau-cubarsi-face-mask-spain-footballer-inspired-card-face-mask-football-fan-party-accessory-sports-fancy-dress-prop-supporter-gift, ACTIVE)",Young Player of the 2026 World Cup,https://allafrica.com/stories/202607210766.html
Lamine Yamal,"already sold (lamine-jamal-football-celebrity-face-mask-fancy-dress-cardboard-costume-mask, ACTIVE)",World Cup 2026 winner; Ballon d'Or 2026 nominee (ceremony London 26 Oct),https://www.si.com/soccer/ballon-dor-2026-full-list-nominees
Kylian Mbappe,"already sold (kylian-mbappe-face-mask-france-football-superstar-inspired-card-face-mask-soccer-fan-party-accessory-match-day-supporter-prop-sports-fan-gift, ACTIVE)",Ballon d'Or 2026 nominee,https://www.si.com/soccer/ballon-dor-2026-full-list-nominees
Lionel Messi,"already sold (lionel-messi-face-mask, ACTIVE)",Ballon d'Or 2026 nominee; Argentina 2026 World Cup finalists,https://www.si.com/soccer/ballon-dor-2026-full-list-nominees
Ousmane Dembele,"already sold (ousmane-dembele-face-mask-france-football-star-inspired-card-face-mask-soccer-fan-party-accessory-sports-supporter-prop-football-gift, ACTIVE)","Defending Ballon d'Or champion, 2026 nominee",https://www.si.com/soccer/ballon-dor-2026-full-list-nominees
Vinicius Junior,"already sold (vinicius-junior-face-mask-brazil-football-star-inspired-card-face-mask-soccer-fan-party-accessory-match-day-supporter-prop-sports-fan-gift, ACTIVE)",Ballon d'Or 2026 nominee,https://www.si.com/soccer/ballon-dor-2026-full-list-nominees
Michael Carrick,"already sold (michael-carrick-celebrity-face-mask, ACTIVE)",Re-appointed Man Utd manager,https://www.si.com/soccer/premier-league-table-since-michael-carrick-took-over-man-utd
Kimi Antonelli,"already sold (kimi-antonelli-facemask-f1-motorsport-celebrity-card-face-mask-celebrity-mask-for-stag-do-hen-night-fancy-dress-costume-parties-funny-adult-card-mask, ACTIVE)",Leads the 2026 F1 drivers' championship by 84 points,https://www.forbes.com.au/life/f1/f1-driver-standings-2026/
George Russell,"already sold (george-russell-f1-celebrity-face-mask-fancy-dress-cardboard-costume-mask, ACTIVE)",Second in the 2026 F1 championship,https://www.forbes.com.au/life/f1/f1-driver-standings-2026/
Lewis Hamilton,"already sold (lewis-hamilton-face-mask, ACTIVE)",Third in the 2026 F1 championship,https://www.forbes.com.au/life/f1/f1-driver-standings-2026/
Lando Norris,"already sold (lando-norris-facemask-f1-motorsport-celebrity-card-face-mask-celebrity-mask-for-stag-do-hen-night-fancy-dress-costume-parties-funny-adult-card-mask, ACTIVE)",Fighting for third in the 2026 F1 championship,https://www.forbes.com.au/life/f1/f1-driver-standings-2026/
Charles Leclerc,"already sold (charles-leclerc-face-mask-celebrity-f1-driver-mask-for-stag-do-hen-night-fancy-dress-costume-parties-funny-adult-card-mask, ACTIVE)",Fighting for third in the 2026 F1 championship,https://www.forbes.com.au/life/f1/f1-driver-standings-2026/
Max Verstappen,"already sold (max-verstappen-f1-celebrity-face-mask, ACTIVE)",Winless so far in 2026,https://www.forbes.com.au/life/f1/f1-driver-standings-2026/
Luke Littler,"already sold (luke-littler-darts-champion-face-mask-fancy-dress-cardboard-costume-mask, ACTIVE)",Back-to-back PDC world champion (Jan 2026) and World Matchplay winner (July 2026),https://en.wikipedia.org/wiki/2026_PDC_World_Darts_Championship
Gian van Veen,"already sold (gian-van-veen-face-mask-funny-celebrity-card-mask-for-fancy-dress-stag-do-hen-party-darts-theme-costume-parties-adult-novelty-face-mask, ACTIVE)",2026 PDC World Championship finalist,https://en.wikipedia.org/wiki/2026_PDC_World_Darts_Championship
Luke Humphries,"already sold (luke-humphries-darts-face-mask-fancy-dress-cardboard-costume-mask, ACTIVE)","World No.2, rival to Littler",https://en.wikipedia.org/wiki/2026_World_Matchplay
Tyson Fury,"already sold (tyson-fury-gypsie-king-boxer-celebrity-face-mask, ACTIVE)",Fury v Joshua confirmed for 11 Dec 2026 in Cardiff,https://www.espn.com/boxing/story/_/id/49646893/tyson-fury-anthony-joshua-boxing-heavyweight-fight-announced-eddie-hearn-dana-white
Anthony Joshua,"already sold (anthony-joshua-cap-jb-boxing-fancy-dress-cardboard-celebrity-party-stag-birthday-idea-fancy-dress-face-mask, ACTIVE)",Fury v Joshua confirmed for 11 Dec 2026 in Cardiff,https://www.espn.com/boxing/story/_/id/49646893/tyson-fury-anthony-joshua-boxing-heavyweight-fight-announced-eddie-hearn-dana-white
Joe Root,"already sold (joe-root-celebrity-face-mask, ACTIVE)",Appointed England Test captain after Stokes retired,https://www.expressandstar.com/uk-sports/harry-brook-ready-for-test-captaincy-honour-8770856
Maro Itoje,"already sold (maro-itoje-face-mask-england-lock-forward-rugby-player-celebrity-card-mask-for-fancy-dress-sports-fans-match-days-six-nations-events-parties-stag-hen-nights-adult-costume-mask, ACTIVE)",Targets an Autumn Nations clean sweep,https://www.flashscore.co.uk/news/rugby-union-friendly-international-fans-should-expect-england-captain-itoje-targets-autumn-nations-clean-sweep/QBP5GqJk/
Jannik Sinner,"already sold (jannik-sinner-tennis-fancy-dress-cardboard-celebrity-party-face-mask, ACTIVE)",Won Wimbledon 2026 (second in a row),https://www.covers.com/tennis/wimbledon-odds-2026
Carlos Alcaraz,"already sold (carlos-alcaraz-tennis-fancy-dress-cardboard-celebrity-party-face-mask, ACTIVE)",Reigning US Open champion going into the 2026 event,https://www.lta.org.uk/fan-zone/us-open/news/preview-draws-player-list-and-how-to-watch
Aryna Sabalenka,"already sold (aryna-sabalenka-tennis-celebrity-face-mask-fancy-dress-cardboard-costume-mask, ACTIVE)","Two-time defending US Open champion, top seed 2026",https://www.lta.org.uk/fan-zone/us-open/news/preview-draws-player-list-and-how-to-watch
Jack Draper,"already sold (jack-draper-celebrity-face-mask-professional-tennis-player-fancy-dress-costume-prop-for-sports-party-hen-stag-do-accessory, ACTIVE)","British No.1, missed the 2026 US Open injured",https://www.lta.org.uk/fan-zone/us-open/news/preview-draws-player-list-and-how-to-watch
Angryginge,"already sold (angry-ginge-face-mask-celebrity-streamer-mask-for-stag-do-hen-night-fancy-dress-costume-parties-funny-adult-card-mask, ACTIVE)",Sidemen Charity Match 2026 player and UK streaming star,https://www.si.com/soccer/sidemen-fc-vs-youtube-all-stars-confirmed-squads-for-2026-charity-match
KSI,"already sold (ksi-face-mask-youtube-star-boxer-mask-for-stag-do-hen-night-fancy-dress-costume-parties-funny-adult-card-mask, ACTIVE)",Sidemen Charity Match 2026 raised a record £6.2m at Wembley,https://en.wikipedia.org/wiki/Sidemen_Charity_Match
Miniminter,"already sold (miniminter-sidemen-realistic-cardboard-celebrity-mask-for-stag-do-hen-do-fancy-dress-costume-parties-fun-party-disguise, ACTIVE)",Sidemen Charity Match 2026,https://www.si.com/soccer/sidemen-fc-vs-youtube-all-stars-confirmed-squads-for-2026-charity-match
Logan Paul,"already sold (logan-paul-face-mask-influencer-boxer-celebrity-mask-for-stag-do-hen-party-fancy-dress-costume-events-funny-adult-card-mask, ACTIVE)",Sidemen Charity Match 2026 headline name,https://www.si.com/soccer/sidemen-fc-vs-youtube-all-stars-confirmed-squads-for-2026-charity-match
Glen Powell,"already sold (glen-powell-top-gun-maverick-celebrity-face-mask, ACTIVE)",'John Politics' meme was one of 2026's viral memes,https://www.ranker.com/list/funny-memes-2026/alby-thompson
Andy Burnham,"already sold (andy-burnham-face-mask-celebrity-card-face-mask-prime-minister-party-prop-costume-accessory-fancy-dress-mask-photo-booth-prop-for-parties-events-celebrations-ready-to-wear, ACTIVE)",Became PM in July 2026; Labour polling boost after conference speech,https://yougov.com/en-gb/articles/55688-voting-intention-4-5-october-2026-lab-27-ref-22-con-20-ld-11-grn-11
Keir Starmer,"already sold (kier-starmer-politician-celebrity-party-face-fancy-dress-copy, ACTIVE)",Replaced as PM by Andy Burnham in July 2026,https://yougov.com/en-gb/articles/55688-voting-intention-4-5-october-2026-lab-27-ref-22-con-20-ld-11-grn-11
Nigel Farage,"already sold (nigel-farage-celebrity-face-mask, ACTIVE)",Reform conference; under investigation over an undeclared £5m gift,https://www.yahoo.com/news/articles/farages-reform-party-sees-conference-060134560.html
Donald Trump,"already sold (donald-trump-celebrity-face-mask, ACTIVE)","Constantly in the news, incl. clashes with NYC mayor Mamdani",https://www.bluewin.ch/en/news/international/charm-offensive-in-the-oval-office-trump-raves-about-mamdani-2974478.html
King Charles III,"already sold (prince-charles-royal-fancy-dress-cardboard-celebrity-party-face-mask, ACTIVE)","Autumn tour to Antigua, Bahamas and CHOGM (27 Oct-4 Nov 2026)",https://www.hellomagazine.com/royalty/920139/king-charles-surprise-trip-abroad-prince-harry-meghan-markle-uk/
Queen Camilla,"already sold (camilla-parker-bowles-face-mask, ACTIVE)",Autumn royal tour with the King (27 Oct-4 Nov 2026),https://www.hellomagazine.com/royalty/920139/king-charles-surprise-trip-abroad-prince-harry-meghan-markle-uk/
Prince William,"already sold (prince-william-new-face-mask, ACTIVE)",Appeared on the Kelces' 'New Heights' podcast in 2026,https://www.hellomagazine.com/royalty/920139/king-charles-surprise-trip-abroad-prince-harry-meghan-markle-uk/
Prince Harry,"already sold (prince-harry-new-face-mask, ACTIVE)",UK visit and reunion with the King in 2026,https://www.hellomagazine.com/royalty/920139/king-charles-surprise-trip-abroad-prince-harry-meghan-markle-uk/
Meghan Markle,"already sold (meghan-markle-celebrity-royal-party-facemask, ACTIVE)",UK visit with Harry in 2026,https://www.hellomagazine.com/royalty/920139/king-charles-surprise-trip-abroad-prince-harry-meghan-markle-uk/
Tom Holland,"already sold (tom-holland-face-mask-fancy-dress-cardboard-costume-mask, ACTIVE)",'Spider-Man: Brand New Day' is the UK's biggest film of 2026; also in 'The Odyssey',https://www.soapcentral.com/entertainment/new-set-image-spider-man-brand-new-day-finally-shows-trio-tom-holland-zendaya-jacob-batalon-reunited
Zendaya,"already sold (zendaya-mh-2017-tv-celebrity-face-mask, ACTIVE)",Stars in 'Spider-Man: Brand New Day' and 'The Odyssey' (2026),https://www.soapcentral.com/entertainment/new-set-image-spider-man-brand-new-day-finally-shows-trio-tom-holland-zendaya-jacob-batalon-reunited
Sadie Sink,"already sold (sadie-sink-stranger-things-celebrity-party-face-mask, ACTIVE)",New star of 'Spider-Man: Brand New Day' (2026),https://www.soapcentral.com/entertainment/new-set-image-spider-man-brand-new-day-finally-shows-trio-tom-holland-zendaya-jacob-batalon-reunited
Robert Pattinson,"already sold (robert-pattinson-batman-celebrity-face-mask-fancy-dress-cardboard-costume-mask, ACTIVE)",'The Odyssey' cast (2026),https://www.screendaily.com/news/september-2026-up-3-on-previous-year-at-uk-ireland-box-office-total-nears-1bn/5221007.article
Anne Hathaway,"already sold (anne-hathaway-celebrity-face-mask-fancy-dress-cardboard-costume-mask, ACTIVE)",'The Odyssey' cast (2026),https://www.screendaily.com/news/september-2026-up-3-on-previous-year-at-uk-ireland-box-office-total-nears-1bn/5221007.article
Charlize Theron,"already sold (charlize-theron-face-mask, ACTIVE)",'The Odyssey' cast (2026),https://www.screendaily.com/news/september-2026-up-3-on-previous-year-at-uk-ireland-box-office-total-nears-1bn/5221007.article
Florence Pugh,"already sold (florence-pugh-celebrity-face-mask-fancy-dress-cardboard-costume-mask, ACTIVE)",'Spider-Man: Brand New Day' cast (2026),https://www.soapcentral.com/entertainment/new-set-image-spider-man-brand-new-day-finally-shows-trio-tom-holland-zendaya-jacob-batalon-reunited
Johnny Depp,"already sold (pirates-johnny-depp-celebrity-face-mask, ACTIVE)",Plays Scrooge in autumn 2026 release 'Ebenezer',https://guides.justwatch.com/uk/most-anticipated-autumn-movies-2026
Kemi Badenoch,"already sold (kemi-badenoch-politician-celebrity-face-mask, ACTIVE)","Tory leader, sparring with Polanski and Burnham in 2026",https://theweek.com/politics/zack-polanski-by-election-parliament-greens
Shirley Ballas,"already sold (shirley-ballas-strictly-come-dancing-celebrity-party-face-mask, ACTIVE)",Head judge on Strictly 2026,https://jang.com.pk/en/73113-strictly-come-dancing-2026-launch-sees-major-format-shake-up-with-new-hosts-news
Motsi Mabuse,"already sold (motsi-mabuse-strictly-come-dancing-celebrity-party-face-mask, ACTIVE)",Strictly 2026 judge,https://jang.com.pk/en/73113-strictly-come-dancing-2026-launch-sees-major-format-shake-up-with-new-hosts-news
Anton Du Beke,"already sold (anton-du-beke-celebrity-face-mask-fancy-dress-cardboard-costume-mask, ACTIVE)",Strictly 2026 judge,https://jang.com.pk/en/73113-strictly-come-dancing-2026-launch-sees-major-format-shake-up-with-new-hosts-news
Craig Revel Horwood,"already sold (craig-revel-horwood-strictly-come-dancing-face-mask, ACTIVE)",Strictly 2026 judge,https://jang.com.pk/en/73113-strictly-come-dancing-2026-launch-sees-major-format-shake-up-with-new-hosts-news
Florian Wirtz,"already sold (florian-wirtz-football-celebrity-face-mask-fancy-dress-cardboard-costume-mask, ACTIVE)","Liverpool's record signing, under scrutiny in 2026-27",https://www.football365.com/news/feature-ranking-20-biggest-summer-signings-gyokeres-wirtz
Viktor Gyokeres,"already sold (viktor-gyokeres-arsenal-face-mask-arsenal-manager-celebrity-card-mask-celebrity-mask-for-stag-do-hen-night-fancy-dress-costume-parties-funny-adult-card-mask, ACTIVE)",Rising in the 2026-27 summer-signings rankings,https://www.football365.com/news/feature-ranking-20-biggest-summer-signings-gyokeres-wirtz
Mohamed Salah,"already sold (mohamed-salah-liverpool-2026-face-mask-football-player-celebrity-card-mask-celebrity-mask-for-stag-do-hen-night-fancy-dress-costume-parties-funny-adult-card-mask, ACTIVE)",Liverpool preparing for life without him,https://www.football365.com/news/feature-ranking-20-biggest-summer-signings-gyokeres-wirtz
Nick Woltemade,"already sold (nick-woltemade-newcastle-united-face-mask-newcastle-football-player-celebrity-card-mask-celebrity-mask-for-stag-do-hen-night-fancy-dress-costume-parties-funny-adult-card-mask, ACTIVE)",Big-money summer signing,https://www.football365.com/news/feature-ranking-20-biggest-summer-signings-gyokeres-wirtz
Chappell Roan,"already sold (chapell-roan-celebrity-face-mask-fancy-dress-cardboard-costume-mask, ACTIVE)","Lollapalooza 2026 headliner, one of pop's biggest names",https://gulfnews.com/entertainment/coachella-2026-justin-bieber-sabrina-carpenter-lead-star-studded-lineup-1.500272230
Addison Rae,"already sold (addison-rae-celebrity-face-mask-fancy-dress-cardboard-costume-mask, ACTIVE)",Coachella and Lollapalooza 2026 performer,https://gulfnews.com/entertainment/coachella-2026-justin-bieber-sabrina-carpenter-lead-star-studded-lineup-1.500272230
Justin Bieber,"already sold (justin-bieber-celebrity-face-mask-fancy-dress-high-quality-cardboard-masks-for-any-occasion, ACTIVE)",Coachella 2026 headliner,https://gulfnews.com/entertainment/coachella-2026-justin-bieber-sabrina-carpenter-lead-star-studded-lineup-1.500272230
Ariana Grande,"already sold (ariana-grande-celebrity-face-mask-fancy-dress-high-quality-cardboard-masks-for-any-occasion, ACTIVE)",10-night O2 residency in 2026,https://discover.ticketmaster.co.uk/music/biggest-uk-tours-concerts-2026-the-ultimate-guide-74862/
Dua Lipa,"already sold (dua-lipa-2024-celebrity-face-mask-fancy-dress-cardboard-costume-mask, ACTIVE)",Major 2026 UK tour,https://discover.ticketmaster.co.uk/music/biggest-uk-tours-concerts-2026-the-ultimate-guide-74862/
Sabrina Carpenter,"already sold (sabrina-carpenter-celebrity-face-mask-fancy-dress-cardboard-costume-mask, ACTIVE)",Coachella 2026 headliner; multiple O2/Co-op Live nights,https://gulfnews.com/entertainment/coachella-2026-justin-bieber-sabrina-carpenter-lead-star-studded-lineup-1.500272230
Nick Mohammed,"already sold (nick-mohammed-face-mask-fancy-dress-cardboard-costume-mask-copy, ACTIVE)",Celebrity Traitors 2025 runner-up,https://www.lbc.co.uk/article/celebrity-traitors-winner-revealed-5HjdGSy_2
Adam Sandler,"already sold (adam-sandler-celebrity-face-mask-fancy-dress-cardboard-costume-mask, ACTIVE)",Officiated Taylor Swift and Travis Kelce's wedding,https://www.rollingstone.com/music/music-news/taylor-swift-travis-kelce-wedding-ceremony-1235575513/
Behzinga,"already sold (behzinga-sidemen-face-mask-celebrity-youtuber-mask-for-stag-do-hen-night-fancy-dress-costume-parties-funny-adult-card-mask, ACTIVE)",Sidemen Charity Match 2026,https://www.si.com/soccer/sidemen-fc-vs-youtube-all-stars-confirmed-squads-for-2026-charity-match
Vikkstar,"already sold (vikkstar-face-mask-sidemen-member-novelty-mask-funny-fancy-dress-mask-for-stag-do-parties-events-adult-card-mask, ACTIVE)",Sidemen Charity Match 2026,https://www.si.com/soccer/sidemen-fc-vs-youtube-all-stars-confirmed-squads-for-2026-charity-match
Zerkaa,"already sold (zerka-sidemen-realistic-cardboard-celebrity-mask-for-stag-do-hen-do-fancy-dress-costume-parties-fun-party-disguise, ACTIVE)",Sidemen Charity Match 2026,https://www.si.com/soccer/sidemen-fc-vs-youtube-all-stars-confirmed-squads-for-2026-charity-match
Rio Ngumoha,excluded rule: under 18 (born 2008),In England's Sept/Oct 2026 squad,https://www.themag.co.uk/2026/09/thomas-tuchel-has-now-named-his-first-england-squad-since-the-2026-world-cup-finals/
Pope Leo XIV,"reserve: eligible and not sold, ranked 101 (outside top 100)",First American pope; 2026 AI encyclical,https://www.nampa.org/text/22935478
Aljaz Skorjanec,"reserve: eligible and not sold, ranked 102 (outside top 100)",Returning Strictly pro for 2026,https://www.irishnews.com/entertainment/strictly-come-dancing-reveals-five-new-professional-dancers-ZFRL7VKZ55NFHMBQKCOFXQW26Y/
Amy Dowden,"reserve: eligible and not sold, ranked 103 (outside top 100)",Returning Strictly pro for 2026,https://www.irishnews.com/entertainment/strictly-come-dancing-reveals-five-new-professional-dancers-ZFRL7VKZ55NFHMBQKCOFXQW26Y/
Angelista,"reserve: eligible and not sold, ranked 104 (outside top 100)",Finished third in the Love Island series 13 final,https://www.hellorayo.co.uk/news/entertainment/television/love-island-series-13-winners
Simba,"reserve: eligible and not sold, ranked 105 (outside top 100)",Finished third in the Love Island series 13 final,https://www.hellorayo.co.uk/news/entertainment/television/love-island-series-13-winners
Aleksandra Isaeva,"reserve: eligible and not sold, ranked 106 (outside top 100)",One of five new Strictly pros for 2026,https://www.irishnews.com/entertainment/strictly-come-dancing-reveals-five-new-professional-dancers-ZFRL7VKZ55NFHMBQKCOFXQW26Y/
Cristian Priori,"reserve: eligible and not sold, ranked 107 (outside top 100)",One of five new Strictly pros for 2026,https://www.irishnews.com/entertainment/strictly-come-dancing-reveals-five-new-professional-dancers-ZFRL7VKZ55NFHMBQKCOFXQW26Y/
Lethabo Monametsi,"reserve: eligible and not sold, ranked 108 (outside top 100)",One of five new Strictly pros for 2026,https://www.irishnews.com/entertainment/strictly-come-dancing-reveals-five-new-professional-dancers-ZFRL7VKZ55NFHMBQKCOFXQW26Y/
Maddie Ingoldsby,"reserve: eligible and not sold, ranked 109 (outside top 100)",One of five new Strictly pros for 2026,https://www.irishnews.com/entertainment/strictly-come-dancing-reveals-five-new-professional-dancers-ZFRL7VKZ55NFHMBQKCOFXQW26Y/
Mark Karmalita,"reserve: eligible and not sold, ranked 110 (outside top 100)",One of five new Strictly pros for 2026,https://www.irishnews.com/entertainment/strictly-come-dancing-reveals-five-new-professional-dancers-ZFRL7VKZ55NFHMBQKCOFXQW26Y/
Liana Jade,"reserve: eligible and not sold, ranked 111 (outside top 100)",9.8M-follower UK TikTok creator,https://www.influencer-hero.com/blogs/top-british-tiktok-influencers
Shakeel Murtaza (thepoolguy),"reserve: eligible and not sold, ranked 112 (outside top 100)",UK TikTok's most-followed creator (14.9M),https://en.wikipedia.org/wiki/Shakeel_Murtaza
Ozzy Osbourne,"excluded rule: recently deceased (posthumous Brits 2026 Lifetime Achievement) - mask would be in poor taste",Brits 2026 Lifetime Achievement Award (posthumous),https://www.radiox.co.uk/news/brit-awards/2026-winners-full-list/
Married at First Sight UK 2026 brides and grooms,"excluded rule: private individuals, first names only in coverage, low recognition",MAFS UK started on E4 on 21 Sep 2026,https://www.newcastleworld.com/read-this/married-at-first-sight-uk-cast-full-list-4281175
