rank,name,known_for,category,why_trending,source_url,dropbox_artwork_path,suggested_collections,notes
1,Olivia Dean,British singer-songwriter,music,Brits 2026 Artist of the Year; 'Man I Need' is the UK's biggest song of 2026; Mercury Prize favourite (22 Oct),https://www.officialcharts.com/chart-news/official-biggest-songs-of-2026,,music-celebrities,Mercury Prize winner announced 22 Oct 2026 - good launch hook.
2,Maya Jama,Presenter,tv,The Celebrity Traitors 2026 cast,https://www.heart.co.uk/showbiz/tv-movies/the-traitors/celebrity-traitors-2026-series-two-full-cast-confirmed/,,tv-star-masks;film-movie-celebrities;love-island,"Surprising gap: no Maya Jama mask on the store (Love Island host, Celebrity Traitors 2026). High priority."
3,Liam Gallagher,Oasis singer,music,Keeps teasing more Oasis reunion shows,https://www.radiox.co.uk/artists/oasis/liam-gallagher-teases-more-reunion-shows-i-know-things-you-dont-know/,/2019 TIDY - CELEBRITY FACEMASKS FINAL 7200 IMAGES/2026 MUSIC/Liam Gallager.jpg; /2019 TIDY - CELEBRITY FACEMASKS FINAL 7200 IMAGES/2026 MUSIC/Liam Gallagher Young.jpg,music-celebrities,Pair with the store's Noel Gallagher mask (gallagher-face-mask) as an Oasis brothers pack.
4,Travis Kelce,NFL star,sport,Married Taylor Swift on 3 July 2026,https://www.rollingstone.com/music/music-news/taylor-swift-travis-kelce-wedding-ceremony-1235575513/,/Anna and RAFIA Work 2/Anna and Rafia/taylor swift and ex boyfriends facemasks/travis kelce.pdf; /Anna and RAFIA Work 2/Anna and Rafia/taylor swift and ex boyfriends facemasks/travis kelce.jpg,music-celebrities;sport-celebrities,"Pair with the store's Taylor Swift mask as a wedding couple pack (celebrity-couples-fancy-dress-face-masks). Dropbox file is in the 'taylor swift and ex boyfriends facemasks' set, not the main mask library."
5,Matt Damon,Actor,film,"Plays Odysseus in Nolan's 'The Odyssey', one of 2026's biggest films",https://www.screendaily.com/news/september-2026-up-3-on-previous-year-at-uk-ireland-box-office-total-nears-1bn/5221007.article,/2019 TIDY - CELEBRITY FACEMASKS FINAL 7200 IMAGES/2026 MOVIE STARS/Matt Damon.jpg; /2019 TIDY - CELEBRITY FACEMASKS FINAL 7200 IMAGES/2026 MOVIE STARS/Matt Damon 5.jpg,movie-actor-face-masks;tv-celebritys,
6,Ben Stokes,Cricketer,sport,Retired from England duty in June 2026; rumoured for I'm a Celebrity 2026,https://www.heart.co.uk/news/sport/ben-stokes-former-england-captain-confirms-am/,,cricket-face-masks;sport-celebrities,"Store has only Ben Stokes printed-signature prints, no mask."
7,Daniel Dubois,Boxer,sport,Defends WBO belt v Fabio Wardley on 17 Oct 2026,https://www.si.com/fannation/boxing/daniel-dubois-eyeing-megafight-after-fabio-wardley-rematch,,boxer-face-masks;sport-celebrities,Fight v Wardley on 17 Oct 2026 - pair with a Fabio Wardley mask as a fight pack.
8,Skepta,Rapper,music,Brits 2026 Dance Act winner (with Fred Again and PlaqueBoyMax),https://www.radiox.co.uk/news/brit-awards/2026-winners-full-list/,,music-celebrities,"Dropbox has Skepta poster-print artwork only (/Anna and RAFIA Work 2/.../uk rappers/Skepta.pdf), no mask artwork."
9,Dave,Rapper,music,'Raindance' with Tems is the UK's biggest rap song of 2026; Mercury Prize 2026 shortlist,https://www.officialcharts.com/chart-news/official-biggest-songs-of-2026,,music-celebrities,Rapper Santan Dave (not to be confused with other Daves on the store).
10,Lola Young,Singer,music,Brits 2026 Breakthrough Artist of the Year,https://www.radiox.co.uk/news/brit-awards/2026-winners-full-list/,,music-celebrities,
11,Romesh Ranganathan,Comedian,tv,The Celebrity Traitors 2026 cast,https://www.heart.co.uk/showbiz/tv-movies/the-traitors/celebrity-traitors-2026-series-two-full-cast-confirmed/,,comedians;tv-star-masks,
12,Michael Sheen,Actor,tv,The Celebrity Traitors 2026 cast,https://www.heart.co.uk/showbiz/tv-movies/the-traitors/celebrity-traitors-2026-series-two-full-cast-confirmed/,,tv-star-masks;film-movie-celebrities,
13,Richard E. Grant,Actor,tv,The Celebrity Traitors 2026 cast,https://www.heart.co.uk/showbiz/tv-movies/the-traitors/celebrity-traitors-2026-series-two-full-cast-confirmed/,,tv-star-masks;film-movie-celebrities,
14,Rob Beckett,Comedian,tv,The Celebrity Traitors 2026 cast,https://www.heart.co.uk/showbiz/tv-movies/the-traitors/celebrity-traitors-2026-series-two-full-cast-confirmed/,,comedians;tv-star-masks,
15,Jerry Hall,Model,tv,The Celebrity Traitors 2026 cast,https://www.heart.co.uk/showbiz/tv-movies/the-traitors/celebrity-traitors-2026-series-two-full-cast-confirmed/,/2019 TIDY - CELEBRITY FACEMASKS FINAL 7200 IMAGES/2026 WAGS AND MODELS/Jerry Hall.jpg; /2019 TIDY - CELEBRITY FACEMASKS FINAL 7200 IMAGES/jerry_hall.jpg,tv-star-masks;film-movie-celebrities,
16,Josh Widdicombe,Comedian,tv,New Strictly Come Dancing co-host for 2026,https://www.televisual.com/news/emma-willis-johannes-radebe-josh-widdicombe-to-host-strictly/,,strictly-come-dancing;tv-star-masks;comedians,
17,Johannes Radebe,Dancer and presenter,tv,New Strictly Come Dancing co-host for 2026,https://www.televisual.com/news/emma-willis-johannes-radebe-josh-widdicombe-to-host-strictly/,,strictly-come-dancing;tv-star-masks,
18,Delta Goodrem,Pop singer,tv,Strictly Come Dancing 2026 contestant,https://www.thepinknews.com/2026/07/23/all-the-confirmed-strictly-come-dancing-celebrities-for-the-2026-line-up/,,strictly-come-dancing;tv-star-masks;music-celebrities,"Dropbox has Delta Goodrem birthday-card and signature-print artwork only, no mask artwork."
19,Chris Appleton,Celebrity hairstylist,tv,Strictly Come Dancing 2026 contestant,https://www.thepinknews.com/2026/07/23/all-the-confirmed-strictly-come-dancing-celebrities-for-the-2026-line-up/,,strictly-come-dancing;tv-star-masks,
20,Cach Mercer,Love Island champion,tv,Strictly Come Dancing 2026 contestant,https://www.thepinknews.com/2026/07/23/all-the-confirmed-strictly-come-dancing-celebrities-for-the-2026-line-up/,,strictly-come-dancing;tv-star-masks;love-island,
21,Lorenzo Alessi,Love Island 2026 winner,tv,Won Love Island series 13 (July 2026),https://www.heart.co.uk/showbiz/tv-movies/love-island/2026-who-won-series-13-winning-couple-revealed-final-results-explained/,,love-island;love-island-face-mask;reality-tv-face-masks,Pair with Julia Majchrzak as a Love Island 2026 winners couple pack.
22,Julia Majchrzak,Love Island 2026 winner,tv,Won Love Island series 13 (July 2026),https://www.heart.co.uk/showbiz/tv-movies/love-island/2026-who-won-series-13-winning-couple-revealed-final-results-explained/,,love-island;love-island-face-mask;reality-tv-face-masks,Pair with Lorenzo Alessi as a Love Island 2026 winners couple pack.
23,Jynxzi,Streamer,influencer,Man of the Match at the record-breaking Sidemen Charity Match 2026,https://en.wikipedia.org/wiki/Sidemen_Charity_Match,,tv-star-masks;all-facemasks,US streamer; Sidemen Charity Match 2026 Man of the Match.
24,iShowSpeed,Streamer,influencer,Sidemen Charity Match 2026 headline name,https://www.si.com/soccer/sidemen-fc-vs-youtube-all-stars-confirmed-squads-for-2026-charity-match,,tv-star-masks;all-facemasks,Massive with UK teens/young adults; check owner wants creator masks.
25,Central Cee,Rapper,music,Coachella 2026 performer,https://gulfnews.com/entertainment/coachella-2026-justin-bieber-sabrina-carpenter-lead-star-studded-lineup-1.500272230,,music-celebrities,"Dropbox has Central Cee poster-print artwork only (/Anna and RAFIA Work 2/.../uk rappers/), no mask artwork."
26,Zohran Mamdani,Mayor of New York,public-figure,"NYC's mayor, frequently clashing with/courted by Trump",https://www.bluewin.ch/en/news/international/charm-offensive-in-the-oval-office-trump-raves-about-mamdani-2974478.html,,politicians-and-royals,US politician; check UK demand before making.
27,JD Vance,US Vice President,public-figure,Praised Pope Leo's AI encyclical (May 2026),https://www.nampa.org/text/22935478,,politicians-and-royals,US politician; check UK demand before making.
28,Zack Polanski,Green Party leader,public-figure,Green leader polling ahead of Farage on favourability; Badenoch called him 'ridiculous',https://theweek.com/politics/zack-polanski-by-election-parliament-greens,,politicians-and-royals,
29,Jimin (BTS),K-pop singer,music,BTS 2026 comeback album 'Arirang' and world tour,https://www.mensjournal.com/entertainment/bts-tickets-tour-bigbang-coachella-blackpink-new-album-2026,/2019 TIDY - CELEBRITY FACEMASKS FINAL 7200 IMAGES/2026 MUSIC/Jimin (BTS).jpg,music-celebrities,Store only has a combined 'JUNKOOK JIMIN JUNGSHOOK' BTS mask (junkook-jimin-jungshook-...); no dedicated Jimin mask. Natural BTS 7-mask pack once all members exist.
30,V (BTS),K-pop singer,music,BTS 2026 comeback album 'Arirang' and world tour,https://www.mensjournal.com/entertainment/bts-tickets-tour-bigbang-coachella-blackpink-new-album-2026,/2019 TIDY - CELEBRITY FACEMASKS FINAL 7200 IMAGES/2026 MUSIC/Kim Taehyung 2.jpg,music-celebrities,BTS member; pair as a BTS pack.
31,RM (BTS),K-pop rapper,music,BTS 2026 comeback album 'Arirang' and world tour,https://www.mensjournal.com/entertainment/bts-tickets-tour-bigbang-coachella-blackpink-new-album-2026,/2019 TIDY - CELEBRITY FACEMASKS FINAL 7200 IMAGES/2026 MUSIC/RM (BTS).jpg,music-celebrities,BTS member; pair as a BTS pack.
32,Suga (BTS),K-pop rapper,music,BTS 2026 comeback album 'Arirang' and world tour,https://www.mensjournal.com/entertainment/bts-tickets-tour-bigbang-coachella-blackpink-new-album-2026,/2019 TIDY - CELEBRITY FACEMASKS FINAL 7200 IMAGES/2026 MUSIC/Suga (BTS).jpg,music-celebrities,BTS member; pair as a BTS pack.
33,J-Hope (BTS),K-pop rapper,music,BTS 2026 comeback album 'Arirang' and world tour,https://www.mensjournal.com/entertainment/bts-tickets-tour-bigbang-coachella-blackpink-new-album-2026,/2019 TIDY - CELEBRITY FACEMASKS FINAL 7200 IMAGES/2026 MUSIC/J Hope.jpg,music-celebrities,BTS member; pair as a BTS pack.
34,Jin (BTS),K-pop singer,music,BTS 2026 comeback album 'Arirang' and world tour,https://www.mensjournal.com/entertainment/bts-tickets-tour-bigbang-coachella-blackpink-new-album-2026,,music-celebrities,BTS member; no artwork found in Dropbox.
35,Florence Welch,Florence + The Machine singer,music,Mercury Prize 2026 shortlist; Reading & Leeds 2026 headliner,https://www.radiox.co.uk/news/mercury-prize/mercury-prize-2026-shortlist-revealed-12-albums/,/2019 TIDY - CELEBRITY FACEMASKS FINAL 7200 IMAGES/2026 MUSIC/Florence Welch.jpg,music-celebrities,
36,Mark Ronson,Producer,music,Brits 2026 Outstanding Contribution to Music,https://www.radiox.co.uk/news/brit-awards/2026-winners-full-list/,/2019 TIDY - CELEBRITY FACEMASKS FINAL 7200 IMAGES/2026 MUSIC/Mark Ronson.jpg,music-celebrities,
37,Tems,Singer,music,"Featured on 'Raindance', one of the UK's biggest songs of 2026",https://www.officialcharts.com/chart-news/official-biggest-songs-of-2026,,music-celebrities,
38,GK Barry,TikToker,influencer,One of the UK's biggest TikTokers,https://www.influencer-hero.com/blogs/top-british-tiktok-influencers,,tv-star-masks;all-facemasks,UK TikTok/podcast star.
39,Amelia Dimoldenberg,Chicken Shop Date host,influencer,One of the UK's biggest social media celebrities,https://www.influencer-hero.com/blogs/top-british-tiktok-influencers,,tv-star-masks;all-facemasks,Chicken Shop Date host.
40,Ricky Wilson,Kaiser Chiefs singer,music,Reported to have signed up for I'm a Celebrity 2026,https://www.ladbible.com/entertainment/tv/im-a-celebrity-itv-tv-entertainment-line-up-rumoured-659732-20260920,,im-a-celebrity-face-masks;tv-star-masks;music-celebrities,
41,AJ Odudu,TV presenter,tv,Rumoured for I'm a Celebrity 2026,https://graziadaily.co.uk/life/tv-and-film/im-a-celebrity-get-me-out-of-here-2026-line-up/,,im-a-celebrity-face-masks;tv-star-masks,
42,Ade Adepitan,Presenter/Paralympian,tv,Reportedly in advanced negotiations for I'm a Celebrity 2026,https://graziadaily.co.uk/life/tv-and-film/im-a-celebrity-get-me-out-of-here-2026-line-up/,,im-a-celebrity-face-masks;tv-star-masks,
43,Hannah Fry,Mathematician/presenter,tv,The Celebrity Traitors 2026 cast,https://www.heart.co.uk/showbiz/tv-movies/the-traitors/celebrity-traitors-2026-series-two-full-cast-confirmed/,,tv-star-masks;film-movie-celebrities,"Dropbox has a mug grid 'HANNAH FRYE.pdf' (/Jamie artwork/brad mug grids/), not mask artwork."
44,Amol Rajan,Broadcaster,tv,The Celebrity Traitors 2026 cast,https://www.heart.co.uk/showbiz/tv-movies/the-traitors/celebrity-traitors-2026-series-two-full-cast-confirmed/,,tv-star-masks;film-movie-celebrities,
45,Joanne McNally,Comedian,tv,The Celebrity Traitors 2026 cast,https://www.heart.co.uk/showbiz/tv-movies/the-traitors/celebrity-traitors-2026-series-two-full-cast-confirmed/,,comedians;tv-star-masks,
46,King Kenny,Content creator,influencer,The Celebrity Traitors 2026 cast,https://www.heart.co.uk/showbiz/tv-movies/the-traitors/celebrity-traitors-2026-series-two-full-cast-confirmed/,,tv-star-masks;all-facemasks,
47,Sharon Rooney,Actor,tv,The Celebrity Traitors 2026 cast,https://www.heart.co.uk/showbiz/tv-movies/the-traitors/celebrity-traitors-2026-series-two-full-cast-confirmed/,,tv-star-masks;film-movie-celebrities,
48,Rachel Duffy,The Traitors 2026 winner,tv,First Traitor pair to win the UK Traitors (Jan 2026),https://en.wikipedia.org/wiki/The_Traitors_(British_TV_series)_series_4,,reality-tv-face-masks;tv-star-masks,Pair with Stephen Libby (The Traitors 2026 winning pair).
49,Stephen Libby,The Traitors 2026 winner,tv,First Traitor pair to win the UK Traitors (Jan 2026),https://en.wikipedia.org/wiki/The_Traitors_(British_TV_series)_series_4,,reality-tv-face-masks;tv-star-masks,Pair with Rachel Duffy (The Traitors 2026 winning pair).
50,Ben Price,Actor,tv,Betting favourite to enter Celebrity Big Brother 2026,https://www.olbg.com/news/celebrity-big-brother-2026-odds-early-betting-favourites-enter-house,/2019 TIDY - CELEBRITY FACEMASKS FINAL 7200 IMAGES/2026 TV SHOWS AND STARS/Ben Price.jpg,reality-tv-face-masks;tv-star-masks,
51,Fabio Wardley,Boxer,sport,Rematch v Daniel Dubois on 17 Oct 2026,https://www.si.com/fannation/boxing/daniel-dubois-eyeing-megafight-after-fabio-wardley-rematch,,boxer-face-masks;sport-celebrities,Pair with Daniel Dubois as a fight pack (17 Oct 2026).
52,Harry Brook,Cricketer,sport,Passed over for the England Test captaincy in 2026,https://www.expressandstar.com/uk-sports/harry-brook-ready-for-test-captaincy-honour-8770856,,cricket-face-masks;sport-celebrities,Note: 2025 nightclub-bouncer altercation reported (no conviction found); check owner is happy before listing.
53,Andrew Garfield,Actor,film,Stars in autumn 2026 release 'The Uprising',https://guides.justwatch.com/uk/most-anticipated-autumn-movies-2026,/2019 TIDY - CELEBRITY FACEMASKS FINAL 7200 IMAGES/2026 MOVIE STARS/new facemasks oscars 2022/Andrew Garfield.jpg,movie-actor-face-masks;tv-celebritys,
54,Nicholas Hoult,Actor,film,Stars in autumn 2026 heist film 'How to Rob a Bank',https://guides.justwatch.com/uk/most-anticipated-autumn-movies-2026,/2019 TIDY - CELEBRITY FACEMASKS FINAL 7200 IMAGES/2026 MOVIE STARS/Nicholas Hoult.jpg; /2019 TIDY - CELEBRITY FACEMASKS FINAL 7200 IMAGES/2026 MOVIE STARS/Nicolas Hoult.jpg,movie-actor-face-masks;tv-celebritys,
55,Jacob Batalon,Actor,film,'Spider-Man: Brand New Day' (2026),https://www.soapcentral.com/entertainment/new-set-image-spider-man-brand-new-day-finally-shows-trio-tom-holland-zendaya-jacob-batalon-reunited,,movie-actor-face-masks;tv-celebritys,
56,Jeff Hordley,Emmerdale actor,tv,NTA 2026 Serial Drama Performance winner,https://www.heart.co.uk/showbiz/who-won-at-the-national-television-awards-2026-full-list-of-winners-revealed/,/2019 TIDY - CELEBRITY FACEMASKS FINAL 7200 IMAGES/2026 TV SHOWS AND STARS/2026 Emmerdale/Jeff Hordley.jpg,tv-star-masks;film-movie-celebrities;emmerdale,
57,Joel Dommett,Comedian/presenter,tv,Hosted the NTAs 2026,https://www.heart.co.uk/showbiz/who-won-at-the-national-television-awards-2026-full-list-of-winners-revealed/,/2019 TIDY - CELEBRITY FACEMASKS FINAL 7200 IMAGES/2026 TV SHOWS AND STARS/Joel Dommett MH.jpg,comedians;tv-star-masks,
58,Jaime Winstone,Actor,tv,Strictly Come Dancing 2026 contestant,https://www.thepinknews.com/2026/07/23/all-the-confirmed-strictly-come-dancing-celebrities-for-the-2026-line-up/,,strictly-come-dancing;tv-star-masks,
59,Shaun Wright-Phillips,Former England footballer,sport,Strictly Come Dancing 2026 contestant,https://www.thepinknews.com/2026/07/23/all-the-confirmed-strictly-come-dancing-celebrities-for-the-2026-line-up/,,strictly-come-dancing;tv-star-masks;footballer-face-masks,
60,Melanie Walters,Gavin & Stacey actor,tv,Strictly Come Dancing 2026 contestant,https://www.thepinknews.com/2026/07/23/all-the-confirmed-strictly-come-dancing-celebrities-for-the-2026-line-up/,/2019 TIDY - CELEBRITY FACEMASKS FINAL 7200 IMAGES/2026 TV SHOWS AND STARS/GAVIN STACEY/Gwen (Gavin and Stacey).jpg,strictly-come-dancing;tv-star-masks,"Dropbox artwork is Melanie Walters in character as Gwen (Gavin & Stacey) - real actor, character styling."
61,Graeme Hall,TV dog trainer 'The Dogfather',tv,Strictly Come Dancing 2026 contestant,https://www.thepinknews.com/2026/07/23/all-the-confirmed-strictly-come-dancing-celebrities-for-the-2026-line-up/,,strictly-come-dancing;tv-star-masks,
62,Will Best,Big Brother host,tv,Strictly Come Dancing 2026 contestant,https://www.thepinknews.com/2026/07/23/all-the-confirmed-strictly-come-dancing-celebrities-for-the-2026-line-up/,,strictly-come-dancing;tv-star-masks,
63,Bethany Antonia,House of the Dragon actor,tv,Strictly Come Dancing 2026 contestant,https://www.thepinknews.com/2026/07/23/all-the-confirmed-strictly-come-dancing-celebrities-for-the-2026-line-up/,,strictly-come-dancing;tv-star-masks,
64,Lawrence Robb,Emmerdale actor,tv,Strictly Come Dancing 2026 contestant,https://www.thepinknews.com/2026/07/23/all-the-confirmed-strictly-come-dancing-celebrities-for-the-2026-line-up/,,strictly-come-dancing;tv-star-masks;emmerdale,
65,Sarah Storey,Paralympic cyclist,sport,Strictly Come Dancing 2026 contestant,https://www.thepinknews.com/2026/07/23/all-the-confirmed-strictly-come-dancing-celebrities-for-the-2026-line-up/,,strictly-come-dancing;tv-star-masks;olympics-2012-face-masks,
66,Tabby Stoecker,Olympic skeleton racer,sport,Strictly Come Dancing 2026 contestant,https://www.thepinknews.com/2026/07/23/all-the-confirmed-strictly-come-dancing-celebrities-for-the-2026-line-up/,,strictly-come-dancing;tv-star-masks,
67,John Nellis,Content creator,influencer,Strictly Come Dancing 2026 contestant,https://www.thepinknews.com/2026/07/23/all-the-confirmed-strictly-come-dancing-celebrities-for-the-2026-line-up/,,strictly-come-dancing;tv-star-masks,
68,Perri Kiely,Diversity dancer,tv,Rumoured for I'm a Celebrity 2026,https://graziadaily.co.uk/life/tv-and-film/im-a-celebrity-get-me-out-of-here-2026-line-up/,,im-a-celebrity-face-masks;tv-star-masks,
69,Nadiya Bychkova,Dancer,tv,Rumoured for I'm a Celebrity 2026,https://graziadaily.co.uk/life/tv-and-film/im-a-celebrity-get-me-out-of-here-2026-line-up/,,im-a-celebrity-face-masks;tv-star-masks,
70,Su-Elise Nash,Mis-Teeq singer,music,Rumoured for I'm a Celebrity 2026,https://graziadaily.co.uk/life/tv-and-film/im-a-celebrity-get-me-out-of-here-2026-line-up/,,im-a-celebrity-face-masks;tv-star-masks,
71,Jasmine Muller,Love Island 2026 runner-up,tv,Runner-up on Love Island series 13,https://www.heart.co.uk/showbiz/tv-movies/love-island/2026-who-won-series-13-winning-couple-revealed-final-results-explained/,,love-island;love-island-face-mask;reality-tv-face-masks,Pair with Kavan Murphy (Love Island 2026 runners-up).
72,Kavan Murphy,Love Island 2026 runner-up,tv,Runner-up on Love Island series 13,https://www.heart.co.uk/showbiz/tv-movies/love-island/2026-who-won-series-13-winning-couple-revealed-final-results-explained/,,love-island;love-island-face-mask;reality-tv-face-masks,Pair with Jasmine Muller (Love Island 2026 runners-up).
73,Hugo Ekitike,Liverpool striker,sport,"Liverpool forward, injury concern in 2026",https://www.football365.com/news/feature-ranking-20-biggest-summer-signings-gyokeres-wirtz,,footballer-face-masks;sport-celebrities,"Dropbox has Hugo Ekitike poster artwork only (/BENS FILES/football prints/ekitike brighter.jpg), no mask artwork."
74,Nico O'Reilly,Man City defender,sport,In England's Sept/Oct 2026 squad,https://www.themag.co.uk/2026/09/thomas-tuchel-has-now-named-his-first-england-squad-since-the-2026-world-cup-finals/,,england-2021-football-face-masks;footballer-face-masks;sport-celebrities,"Dropbox has Nico O'Reilly poster artwork only (OWEN'S WORK/.../england posters), no mask artwork. Pairs with existing England squad 2026 masks."
75,Unai Simon,Spain goalkeeper,sport,Golden Glove at the 2026 World Cup,https://allafrica.com/stories/202607210766.html,,footballer-face-masks;sport-celebrities,
76,Linda Noskova,Tennis player,sport,Won Wimbledon 2026 women's title,https://www.covers.com/tennis/wimbledon-odds-2026,,tennis-face-masks;sport-celebrities,
77,Felix (Stray Kids),K-pop singer,music,Stray Kids' 'Karma' sold nearly 3.7 million copies,https://www.kpopstarz.com/articles/322931/20260403/most-popular-kpop-groups-2026.htm,,music-celebrities,
78,Hyunjin (Stray Kids),K-pop singer,music,Stray Kids' 'Karma' sold nearly 3.7 million copies,https://www.kpopstarz.com/articles/322931/20260403/most-popular-kpop-groups-2026.htm,,music-celebrities,
79,Bang Chan (Stray Kids),K-pop leader,music,Stray Kids' 'Karma' sold nearly 3.7 million copies,https://www.kpopstarz.com/articles/322931/20260403/most-popular-kpop-groups-2026.htm,,music-celebrities,
80,Ella Langley,Country singer,music,'Choosin' Texas' became her first UK top 10 hit in 2026,https://en.wikipedia.org/wiki/List_of_UK_top-ten_singles_in_2026,,music-celebrities,
81,Bella Kay,Singer,music,Scored her first UK top 10 single in 2026,https://en.wikipedia.org/wiki/List_of_UK_top-ten_singles_in_2026,,music-celebrities,
82,Sombr,Singer,music,Coachella 2026 performer,https://gulfnews.com/entertainment/coachella-2026-justin-bieber-sabrina-carpenter-lead-star-studded-lineup-1.500272230,,music-celebrities,
83,Karol G,Singer,music,Coachella 2026 headliner,https://gulfnews.com/entertainment/coachella-2026-justin-bieber-sabrina-carpenter-lead-star-studded-lineup-1.500272230,,music-celebrities,
84,Kevin Parker (Tame Impala),Musician,music,Tame Impala scored a first UK top 10 single in 2026,https://en.wikipedia.org/wiki/List_of_UK_top-ten_singles_in_2026,,music-celebrities,
85,Ellie Rowsell (Wolf Alice),Singer,music,Wolf Alice won Group of the Year at the Brits 2026,https://www.radiox.co.uk/news/brit-awards/2026-winners-full-list/,,music-celebrities,
86,Nia Archives,DJ/producer,music,Mercury Prize 2026 shortlist,https://www.radiox.co.uk/news/mercury-prize/mercury-prize-2026-shortlist-revealed-12-albums/,,music-celebrities,
87,Kojey Radical,Rapper,music,Mercury Prize 2026 shortlist,https://www.radiox.co.uk/news/mercury-prize/mercury-prize-2026-shortlist-revealed-12-albums/,,music-celebrities,
88,David Olusoga,Historian/presenter,tv,Celebrity Traitors 2025 runner-up,https://www.lbc.co.uk/article/celebrity-traitors-winner-revealed-5HjdGSy_2,,tv-star-masks;film-movie-celebrities,
89,Brendan O'Carroll,Mrs Brown's Boys,tv,Mrs Brown's Boys won its fifth NTA in 2026,https://www.heart.co.uk/showbiz/who-won-at-the-national-television-awards-2026-full-list-of-winners-revealed/,/2019 TIDY - CELEBRITY FACEMASKS FINAL 7200 IMAGES/2026 TV SHOWS AND STARS/Mrs Brown 2.jpg,comedians;tv-star-masks,Dropbox artwork is Brendan O'Carroll in character as Mrs Brown; store already has 'Maria Mrs Browns Boys' mask but no Mrs Brown/Brendan mask.
90,Junaid Ahmed,TOWIE star,tv,Reportedly in talks for Celebrity Big Brother 2026,https://www.olbg.com/news/celebrity-big-brother-2026-odds-early-betting-favourites-enter-house,,reality-tv-face-masks;tv-star-masks;towie,
91,Amanda Cronin,Real Housewives of London,tv,Reportedly in talks for Celebrity Big Brother 2026,https://www.olbg.com/news/celebrity-big-brother-2026-odds-early-betting-favourites-enter-house,,reality-tv-face-masks;tv-star-masks;real-housewives,
92,Jenny Newby,Gogglebox star,tv,Back in Gogglebox series 28 (from 4 Sep 2026),https://www.hellorayo.co.uk/tay/entertainment/television/gogglebox-series-28,,reality-tv-face-masks;tv-star-masks,
93,Lee Riley,Gogglebox star,tv,Back in Gogglebox series 28 (from 4 Sep 2026),https://www.hellorayo.co.uk/tay/entertainment/television/gogglebox-series-28,,reality-tv-face-masks;tv-star-masks,
94,TBJZL,YouTuber/Sidemen,influencer,Sidemen Charity Match 2026,https://www.si.com/soccer/sidemen-fc-vs-youtube-all-stars-confirmed-squads-for-2026-charity-match,,tv-star-masks;all-facemasks,
95,W2S,YouTuber/Sidemen,influencer,Sidemen Charity Match 2026,https://www.si.com/soccer/sidemen-fc-vs-youtube-all-stars-confirmed-squads-for-2026-charity-match,,tv-star-masks;all-facemasks,
96,Dianne Buswell,Strictly professional,tv,Returning Strictly pro for 2026,https://www.irishnews.com/entertainment/strictly-come-dancing-reveals-five-new-professional-dancers-ZFRL7VKZ55NFHMBQKCOFXQW26Y/,,strictly-come-dancing;tv-star-masks,
97,Katya Jones,Strictly professional,tv,Returning Strictly pro for 2026,https://www.irishnews.com/entertainment/strictly-come-dancing-reveals-five-new-professional-dancers-ZFRL7VKZ55NFHMBQKCOFXQW26Y/,,strictly-come-dancing;tv-star-masks,
98,Vito Coppola,Strictly professional,tv,Returning Strictly pro for 2026,https://www.irishnews.com/entertainment/strictly-come-dancing-reveals-five-new-professional-dancers-ZFRL7VKZ55NFHMBQKCOFXQW26Y/,,strictly-come-dancing;tv-star-masks,
99,Nikita Kuzmin,Strictly professional,tv,Returning Strictly pro for 2026,https://www.irishnews.com/entertainment/strictly-come-dancing-reveals-five-new-professional-dancers-ZFRL7VKZ55NFHMBQKCOFXQW26Y/,,strictly-come-dancing;tv-star-masks,
100,Jason Kelce,Former NFL star/podcaster,sport,Best man at Taylor Swift's July 2026 wedding,https://www.rollingstone.com/music/music-news/taylor-swift-travis-kelce-wedding-ceremony-1235575513/,,sport-celebrities,Dropbox has Jason Kelce signature-print artwork only; pair with Travis Kelce and Taylor Swift.
