id,title,product_type,fb,tiktok,google
gid://shopify/Product/9404629640,Personalised Hull KR Fan TEAM THEME INSPIRED Kids Adult Birthday Card 5,Sport Cards,False,False,False
gid://shopify/Product/9404634184,Personalised Warrington Wolves Fan TEAM THEME INSPIRED Kids Adult Birthday Card,Sport Cards,False,False,False
gid://shopify/Product/9404636680,Personalised Huddersfield Giants Fan TEAM THEME INSPIRED Kids Adult Birthday Card,Sport Cards,False,False,False
gid://shopify/Product/9405662984,Tottenham Inspired Theme Personalised Party Fruit Shoot Label Sticker,Fruit shoot Labels,False,False,False
gid://shopify/Product/10461976776,Arsenal Theme Inspired Kids Inspired Adult Personalised Sports Birthday Card (SA),Sport Cards,False,False,False
gid://shopify/Product/10461977864,Chelsea Fc Theme Inspired Kids Inspired Adult Personalised Sports Birthday Card (SA),Sport Cards,False,False,False
gid://shopify/Product/10461989704,Nino Torres Chelsea Theme Inspired Kids Inspired Adult Personalised Sports Birthday Card (SA),Sport Cards,False,False,False
gid://shopify/Product/10461996040,Steven Gerrard Liverpool Theme Inspired Kids Inspired Adult Personalised Sports Birthday Card (SA),Sport Cards,False,False,False
gid://shopify/Product/10623968840,Alexander Lacazette Gunners Inspired Style Personalised Football Birthday Card,Sport Cards,False,False,False
gid://shopify/Product/10623968904,Alexis Sanchez Gunners Inspired Style Personalised Football Birthday Card,Sport Cards,False,False,False
gid://shopify/Product/10623968968,Alvaro Morata Inspired Style Personalised Football Birthday Card,Sport Cards,False,False,False
gid://shopify/Product/10623969288,Cesc Fabregas Inspired Style Personalised Football Birthday Card,Sport Cards,False,False,False
gid://shopify/Product/10623969352,Christian Eriksen Spurs Inspired Style Personalised Football Birthday Card,Sport Cards,False,False,False
gid://shopify/Product/10623969608,Daniel Sturridge Liverpool Inspired Style Personalised Football Birthday Card,Sport Cards,False,False,False
gid://shopify/Product/10623969672,David Luiz Inspired Style Personalised Football Birthday Card,Sport Cards,False,False,False
gid://shopify/Product/10623969736,Dele Alli Spurs Inspired Style Personalised Football Birthday Card,Sport Cards,False,False,False
gid://shopify/Product/10623969992,Eden Hazard Inspired Style Personalised Football Birthday Card,Sport Cards,False,False,False
gid://shopify/Product/10623972232,Harry Kane Spurs Inspired Style Personalised Football Birthday Card,Sport Cards,False,False,False
gid://shopify/Product/10623973064,Mesut Ozil Gunners Inspired Style Personalised Football Birthday Card,Sport Cards,False,False,False
gid://shopify/Product/10623973192,Ngolo Kante Inspired Style Personalised Football Birthday Card,Sport Cards,False,False,False
gid://shopify/Product/10623973448,Phillipe Coutinho Liverpool Inspired Style Personalised Football Birthday Card,Sport Cards,False,False,False
gid://shopify/Product/10623974024,Ross Barkley Toffees Inspired Style Personalised Football Birthday Card,Sport Cards,False,False,False
gid://shopify/Product/10623974088,Saido Mane Liverpool Inspired Style Personalised Football Birthday Card,Sport Cards,False,False,False
gid://shopify/Product/10623974280,Seamus Coleman Toffees Inspired Style Personalised Football Birthday Card,Sport Cards,False,False,False
gid://shopify/Product/10623974920,Wayne Rooney Toffees Inspired Style Personalised Football Birthday Card,Sport Cards,False,False,False
gid://shopify/Product/10623975112,Willian Inspired Style Personalised Football Birthday Card,Sport Cards,False,False,False
gid://shopify/Product/4590504181835,"Personalised Chelsea Bottle Opener Plaque ANY TEXT | Father's Day Gift | Dad, Grandad Gift | Birthday Gift For Him | Personalised Sign",,False,False,False
gid://shopify/Product/4590633254987,"Personalsied BOURNEMOUTH FOOTBALL SIGN Bottle Opener Plaque ANY TEXT | Father's Day Gift | Dad, Grandad Gift | Birthday Gift For Him",,False,False,False
gid://shopify/Product/4590633287755,"Personalsied ARSENAL FOOTBALL SIGN Bottle Opener Plaque ANY TEXT | Father's Day Gift | Dad, Grandad Gift | Birthday Gift For Him | Personalised Sign",,False,False,False
gid://shopify/Product/4590633320523,"Personalsied ASTON VILLA FOOTBALL SIGN Bottle Opener Plaque ANY TEXT | Father's Day Gift | Dad, Grandad Gift | Birthday Gift For Him",,False,False,False
gid://shopify/Product/4590633386059,"Personalsied BRENTFORD FOOTBALL SIGN Bottle Opener Plaque ANY TEXT | Father's Day Gift | Dad, Grandad Gift | Birthday Gift For Him | Personalised Sign",,False,False,False
gid://shopify/Product/4590633418827,"Personalsied BRIGHTON & HOVE ALBION FOOTBALL SIGN Bottle Opener Plaque ANY TEXT | Father's Day Gift | Dad, Grandad Gift | Birthday Gift For Him",,False,False,False
gid://shopify/Product/4590633484363,"Personalsied BURNLEY FOOTBALL SIGN Bottle Opener Plaque ANY TEXT | Father's Day Gift | Dad, Grandad Gift | Birthday Gift For Him | Personalised Sign",,False,False,False
gid://shopify/Product/4590633517131,"Personalsied CHELSEA FOOTBALL SIGN Bottle Opener Plaque ANY TEXT | Father's Day Gift | Dad, Grandad Gift | Birthday Gift For Him | Personalised Sign",,False,False,False
gid://shopify/Product/4590633582667,"Personalsied CRYSTAL PALACE FOOTBALL SIGN Bottle Opener Plaque ANY TEXT | Father's Day Gift | Dad, Grandad Gift | Birthday Gift For Him",,False,False,False
gid://shopify/Product/4590633680971,"Personalsied EVERTON FOOTBALL SIGN Bottle Opener Plaque ANY TEXT | Father's Day Gift | Dad, Grandad Gift | Birthday Gift For Him | Personalised Sign",,False,False,False
gid://shopify/Product/4590633746507,"Personalsied FULHAM FOOTBALL SIGN Bottle Opener Plaque ANY TEXT | Father's Day Gift | Dad, Grandad Gift | Birthday Gift For Him | Personalised Sign",,False,False,False
gid://shopify/Product/4590633844811,"Personalsied LEEDS FOOTBALL SIGN Bottle Opener Plaque ANY TEXT | Father's Day Gift | Dad, Grandad Gift | Birthday Gift For Him | Personalised Sign",,False,False,False
gid://shopify/Product/4590634008651,"Personalsied LIVERPOOL FOOTBALL SIGN Bottle Opener Plaque ANY TEXT | Father's Day Gift | Dad, Grandad Gift | Birthday Gift For Him | Personalised Sign",,False,False,False
gid://shopify/Product/4590634172491,"Personalsied NEWCASTLE FOOTBALL SIGN Bottle Opener Plaque ANY TEXT | Father's Day Gift | Dad, Grandad Gift | Birthday Gift For Him | Personalised Sign",,False,False,False
gid://shopify/Product/4590634238027,"Personalsied NORWICH FOOTBALL SIGN Bottle Opener Plaque ANY TEXT | Father's Day Gift | Dad, Grandad Gift | Birthday Gift For Him | Personalised Sign",,False,False,False
gid://shopify/Product/4590634303563,"Personalsied NOTTINGHAM FOREST FOOTBALL SIGN Bottle Opener Plaque ANY TEXT | Father's Day Gift | Dad, Grandad Gift | Birthday Gift For Him",,False,False,False
gid://shopify/Product/4590634336331,"Personalsied SHEFFIELD FOOTBALL SIGN Bottle Opener Plaque ANY TEXT | Father's Day Gift | Dad, Grandad Gift | Birthday Gift For Him | Personalised Sign",,False,False,False
gid://shopify/Product/4590634467403,"Personalsied SOUTHAMPTON FOOTBALL SIGN Bottle Opener Plaque ANY TEXT | Father's Day Gift | Dad, Grandad Gift | Birthday Gift For Him",,False,False,False
gid://shopify/Product/4590634565707,"Personalsied TOTTENHAM FOOTBALL SIGN Bottle Opener Plaque ANY TEXT | Father's Day Gift | Dad, Grandad Gift | Birthday Gift For Him | Personalised Sign",,False,False,False
gid://shopify/Product/4590634664011,"Personalsied WATFORD FOOTBALL SIGN Bottle Opener Plaque ANY TEXT | Father's Day Gift | Dad, Grandad Gift | Birthday Gift For Him | Personalised Sign",,False,False,False
gid://shopify/Product/4590634696779,"Personalsied WEST BROMWICH ALBION FOOTBALL SIGN Bottle Opener Plaque ANY TEXT | Father's Day Gift | Dad, Grandad Gift | Birthday Gift For Him",,False,False,False
gid://shopify/Product/4590634827851,"Personalsied WEST HAM FOOTBALL SIGN Bottle Opener Plaque ANY TEXT | Father's Day Gift | Dad, Grandad Gift | Birthday Gift For Him | Personalised Sign",,False,False,False
gid://shopify/Product/4590634926155,"Personalsied WOLVERHAMPTON FOOTBALL SIGN Bottle Opener Plaque ANY TEXT | Father's Day Gift | Dad, Grandad Gift | Birthday Gift For Him",,False,False,False
gid://shopify/Product/7463951106299,Arsenal Football Club gift - The Gunners - Tiny Men Big Balls Poster,Football Gift,False,False,False
gid://shopify/Product/7463998128379,Chelsea Football Club gift - The Blues - Tiny Men Big Balls Poster,Football Gift,False,False,False
gid://shopify/Product/7464682193147,Liverpool Football Club gift - The Reds - Tiny Men Big Balls Poster,Football Gift,False,False,False
gid://shopify/Product/7464692908283,Norwitch Football Club gift - The Canaries - Tiny Men Big Balls Poster,Football Gift,False,False,False
gid://shopify/Product/7464702640379,Plymouth Football Club gift - The Pilgrims - Tiny Men Big Balls Poster,Football Gift,False,False,False
gid://shopify/Product/7464708079867,Preston Football Club gift - The Lilywhites - Tiny Men Big Balls Poster,Football Gift,False,False,False
gid://shopify/Product/7464715387131,Southampton Football Club gift - The Saints - Tiny Men Big Balls Poster,Football Gift,False,False,False
gid://shopify/Product/7464719712507,Sunderland Football Club gift - The Black Cats - Tiny Men Big Balls Poster,Football Gift,False,False,False
gid://shopify/Product/7464727412987,Tottenham Football Club gift - The Spurs - Tiny Men Big Balls Poster,Football Gift,False,False,False
gid://shopify/Product/7464737210619,West Ham Football Club gift - The Hammers - Tiny Men Big Balls Poster,Football Gift,False,False,False
gid://shopify/Product/7518489247995,Liverpool Football Team Children's Birthday Banner Thin,,False,False,False
gid://shopify/Product/7518490034427,Southampton Football Team Children's Birthday Banner Thin,,False,False,False
gid://shopify/Product/7518526734587,Liverpool Football Team Children's Birthday Banner Thick,,False,False,False
gid://shopify/Product/7518585618683,Leeds United Champions Football Team Face Covering Mask,Masks,False,False,False
gid://shopify/Product/7540420051195,Personalized Arsenal Football Drinks Coaster,Coasters,False,False,False
gid://shopify/Product/7540421329147,Personalized Aston Villa Football Drinks Coaster,Coasters,False,False,False
gid://shopify/Product/7540421689595,Personalized Brentford Football Drinks Coaster,Coasters,False,False,False
gid://shopify/Product/7540421886203,Personalized Brighton and Hove Albion Football Drinks Coaster,Coasters,False,False,False
gid://shopify/Product/7540422344955,Personalized Burnley Football Drinks Coaster,Coasters,False,False,False
gid://shopify/Product/7540423000315,Personalized Chelsea Football Drinks Coaster,Coasters,False,False,False
gid://shopify/Product/7540423065851,Personalized Crystal Palace Football Drinks Coaster,Coasters,False,False,False
gid://shopify/Product/7540423426299,Personalized Everton Football Drinks Coaster,Coasters,False,False,False
gid://shopify/Product/7540423786747,Personalized Leeds Football Drinks Coaster,Coasters,False,False,False
gid://shopify/Product/7540424114427,Personalized Leicester Football Drinks Coaster,Coasters,False,False,False
gid://shopify/Product/7540424540411,Personalized Liverpool Football Drinks Coaster,Coasters,False,False,False
gid://shopify/Product/7540424966395,Personalized Man City Football Drinks Coaster,Coasters,False,False,False
gid://shopify/Product/7540425163003,Personalized Man United Football Drinks Coaster,Coasters,False,False,False
gid://shopify/Product/7540425588987,Personalized Newcastle Football Drinks Coaster,Coasters,False,False,False
gid://shopify/Product/7540425916667,Personalized Norwitch City Football Drinks Coaster,Coasters,False,False,False
gid://shopify/Product/7540426375419,Personalized Southampton Football Drinks Coaster,Coasters,False,False,False
gid://shopify/Product/7540426473723,Personalized Tottenham Football Drinks Coaster,Coasters,False,False,False
gid://shopify/Product/7540427063547,Personalized Watford Football Drinks Coaster,Coasters,False,False,False
gid://shopify/Product/7540427194619,Personalized West Ham Football Drinks Coaster,Coasters,False,False,False
gid://shopify/Product/7540427456763,Personalized Wolves Football Drinks Coaster,Coasters,False,False,False
gid://shopify/Product/7540477919483,Personalized Arsenal Bar Mat - Home Bar Runner,Bar Mat,False,False,False
gid://shopify/Product/7540478804219,Personalized Aston Villa Bar Mat - Home Bar Runner,Bar Mat,False,False,False
gid://shopify/Product/7540479394043,Personalized Brentford Bar Mat - Home Bar Runner,Bar Mat,False,False,False
gid://shopify/Product/7540479820027,Personalized Brighton and Hove Albion Bar Mat - Home Bar Runner,Bar Mat,False,False,False
gid://shopify/Product/7540480344315,Personalized Burnley Bar Mat - Home Bar Runner,Bar Mat,False,False,False
gid://shopify/Product/7540480573691,Personalized Chelsea Bar Mat - Home Bar Runner,Bar Mat,False,False,False
gid://shopify/Product/7540481196283,Personalized Crystal Palace Bar Mat - Home Bar Runner,Bar Mat,False,False,False
gid://shopify/Product/7540481491195,Personalized Everton Bar Mat - Home Bar Runner,Bar Mat,False,False,False
gid://shopify/Product/7540482015483,Personalized Leeds Bar Mat - Home Bar Runner,Bar Mat,False,False,False
gid://shopify/Product/7540482441467,Personalized Leicester Bar Mat - Home Bar Runner,Bar Mat,False,False,False
gid://shopify/Product/7540482572539,Personalized Liverpool Bar Mat - Home Bar Runner,Bar Mat,False,False,False
gid://shopify/Product/7540483096827,Personalized Man City Bar Mat - Home Bar Runner,Bar Mat,False,False,False
gid://shopify/Product/7540483260667,Personalized Man United Bar Mat - Home Bar Runner,Bar Mat,False,False,False
gid://shopify/Product/7540483850491,Personalized Newcastle United Bar Mat - Home Bar Runner,Bar Mat,False,False,False
gid://shopify/Product/7540484145403,Personalized Norwich City Bar Mat - Home Bar Runner,Bar Mat,False,False,False
gid://shopify/Product/7540484407547,Personalized Southampton Bar Mat - Home Bar Runner,Bar Mat,False,False,False
gid://shopify/Product/7540484964603,Personalized Tottenham Bar Mat - Home Bar Runner,Bar Mat,False,False,False
gid://shopify/Product/7540487258363,Personalized Watford Bar Mat - Home Bar Runner,Bar Mat,False,False,False
gid://shopify/Product/7540487553275,Personalized West Ham Bar Mat - Home Bar Runner,Bar Mat,False,False,False
gid://shopify/Product/7540487848187,Personalized Wolves Bar Mat - Home Bar Runner,Bar Mat,False,False,False
gid://shopify/Product/7561841475835,Personalized Aberdeen Football Drinks Coaster,Coasters,False,False,False
gid://shopify/Product/7561845833979,Personalized Dundee Football Drinks Coaster,Coasters,False,False,False
gid://shopify/Product/7561847013627,Personalized Dundee United Football Drinks Coaster,Coasters,False,False,False
gid://shopify/Product/7561847865595,Personalized Hearts Football Drinks Coaster,Coasters,False,False,False
gid://shopify/Product/7561871458555,Personalized Hibernian Football Drinks Coaster,Coasters,False,False,False
gid://shopify/Product/7561932636411,Personalized Motherwell Football Drinks Coaster,Coasters,False,False,False
gid://shopify/Product/7561933193467,Personalized Rangers Football Drinks Coaster,Coasters,False,False,False
gid://shopify/Product/7561936371963,Personalized St. Mirren Football Drinks Coaster,Coasters,False,False,False
gid://shopify/Product/7561946759419,Personalized Aberdeen Bar Mat - Home Bar Runner,Bar Mat,False,False,False
gid://shopify/Product/7561948070139,Personalized Dundee United Bar Mat - Home Bar Runner,Bar Mat,False,False,False
gid://shopify/Product/7561948365051,Personalized Hearts Bar Mat - Home Bar Runner,Bar Mat,False,False,False
gid://shopify/Product/7561948528891,Personalized Hibernian Bar Mat - Home Bar Runner,Bar Mat,False,False,False
gid://shopify/Product/7561949151483,Personalized Motherwell Bar Mat - Home Bar Runner,Bar Mat,False,False,False
gid://shopify/Product/7561949249787,Personalized Rangers Bar Mat - Home Bar Runner,Bar Mat,False,False,False
gid://shopify/Product/7561950462203,Personalized St. Mirren Bar Mat - Home Bar Runner,Bar Mat,False,False,False
gid://shopify/Product/8171428937979,Middlesbrough 1973 Retro Football Lightweight Beach Gym Towel,Towel,False,False,False
gid://shopify/Product/14928365027709,Luke Littler Printed Signature Print – Darts Wall Art – Perfect for Fans – Reproduction Print,Signed Darts Posters,True,True,True
gid://shopify/Product/14931119047037,Coldplay Printed Signature Print – Wall Art for Music Fans – Perfect Collectors’ Item – Reproduction Print,,True,True,True
gid://shopify/Product/14931120324989,Katy Perry Printed Signature Print – Wall Art – Perfect for Music Fans – Reproduction Print,,True,True,True
gid://shopify/Product/14931120882045,Stephen Bunting Printed Signature Print – Darts Wall Art – Perfect Gift for Fans and Collectors – Reproduction Print,Signed Darts Posters,True,True,True
gid://shopify/Product/16062451646845,Personalised Wheelie Bin Sticker – Design 31,Wheelie Bin Stickers,False,False,False
gid://shopify/Product/16062451679613,Personalised Wheelie Bin Sticker – Design 32,Wheelie Bin Stickers,False,False,False
gid://shopify/Product/16062451712381,Personalised Wheelie Bin Sticker – Design 33,Wheelie Bin Stickers,False,False,False
gid://shopify/Product/16062452400509,Personalised Wheelie Bin Sticker – Design 34,Wheelie Bin Stickers,False,False,False
gid://shopify/Product/16062452433277,Personalised Wheelie Bin Sticker – Design 35,Wheelie Bin Stickers,False,False,False
gid://shopify/Product/16062452629885,Personalised Wheelie Bin Sticker – Design 36,Wheelie Bin Stickers,False,False,False
