id,title,product_type,reasons,was_missing
gid://shopify/Product/14898866323837,Steve Irwin M932 Television Printed Signature Poster Print Gift – Reproduction Print,Signed Television Prints,signed-print,tt
gid://shopify/Product/16052551909757,Personalised Football Baby Grow – Born to Support Like Daddy – for Leeds United Fans,Baby Grows,third-party-name; football-club,fb tt gg
gid://shopify/Product/16052554826109,Sam Fender Poster Print – Unofficial Music Wall Art – A4 to A0 or Framed,Music Poster,third-party-name,fb tt gg
gid://shopify/Product/16052558168445,Personalised Football Baby Grow – Born to Support Like Daddy – for Leicester City Fans,Baby Grows,third-party-name; football-club,fb tt gg
gid://shopify/Product/16052558233981,Personalised Football Baby Grow – Born to Support Like Daddy – for Manchester City Fans,Baby Grows,third-party-name; football-club,fb tt gg
gid://shopify/Product/16052558299517,Personalised Football Baby Grow – Born to Support Like Daddy – for Nottingham Forest Fans,Baby Grows,third-party-name; football-club,fb tt gg
gid://shopify/Product/16052558365053,Personalised Football Baby Grow – Born to Support Like Daddy – for Southampton Fans,Baby Grows,third-party-name; football-club,fb tt gg
gid://shopify/Product/16052558463357,Personalised Football Baby Grow – Born to Support Like Daddy – for Tottenham Fans,Baby Grows,third-party-name; football-club,fb tt gg
gid://shopify/Product/16052558496125,Personalised Football Baby Grow – Born to Support Like Daddy – for West Ham Fans,Baby Grows,third-party-name; football-club,fb tt gg
gid://shopify/Product/16052558594429,Personalised Football Baby Grow – Born to Support Like Daddy – for Wolves Fans,Baby Grows,third-party-name; football-club,fb tt gg
gid://shopify/Product/16052558692733,Personalised Football Baby Grow – Born to Support Like Daddy – for Liverpool Fans,Baby Grows,third-party-name; football-club,fb tt gg
gid://shopify/Product/16052560462205,Sabrina Carpenter Poster Print – Unofficial Music Wall Art – A4 to A0 or Framed,Music Poster,third-party-name,fb tt gg
gid://shopify/Product/16052561019261,Rude Golf Towel – I Use This Towel to Clean My Balls – Design 1,Golf Towels,rude,fb tt gg
gid://shopify/Product/16052561084797,Rude Golf Towel – I Use This Towel to Clean My Balls – Design 2,Golf Towels,rude,fb tt gg
gid://shopify/Product/16052561117565,May the Course Be With You Golf Towel – Funny Golf Gift,Golf Towels,brand/character (Star Wars pun: May the Course Be With You),fb tt gg
gid://shopify/Product/16052563247485,Chappell Roan Poster Print – Unofficial Music Wall Art – A4 to A0 or Framed,Music Poster,third-party-name,fb tt gg
gid://shopify/Product/16052563837309,Rude Golf Towel – Swing Swear Search Repeat – Funny Golf Gift,Golf Towels,rude,fb tt gg
gid://shopify/Product/16052566917501,Charli XCX Poster Print – Unofficial Music Wall Art – A4 to A0 or Framed,Music Poster,third-party-name,fb tt gg
gid://shopify/Product/16052570653053,Teddy Swims Poster Print – Unofficial Music Wall Art – A4 to A0 or Framed,Music Poster,third-party-name,fb tt gg
gid://shopify/Product/16052570718589,Benson Boone Poster Print – Unofficial Music Wall Art – A4 to A0 or Framed,Music Poster,third-party-name,fb tt gg
gid://shopify/Product/16052573995389,Straight Outta Mummy Baby Grow – Funny Newborn Slogan Baby Vest – Coming Home Outfit,Baby Vest,third-party-name; brand/character,fb tt gg
gid://shopify/Product/16052574716285,Welcome to the Rebel Alliance Door Hanger – Sci-Fi Fan Door Sign – Pack of 4,Door Sign,third-party-name; brand/character,fb tt gg
gid://shopify/Product/16052574781821,Move Along Door Hanger – Funny Sci-Fi Do Not Disturb Sign – Pack of 4,Door Sign,third-party-name,fb tt gg
gid://shopify/Product/16052574847357,Welcome to the Dark Side Door Hanger – Sci-Fi Fan Door Sign – Pack of 4,Door Sign,third-party-name; brand/character,fb tt gg
gid://shopify/Product/16052574945661,This Is Not the Room You Are Looking For Door Hanger – Funny Sci-Fi Sign – Pack of 4,Door Sign,third-party-name,fb tt gg
gid://shopify/Product/16052577075581,Little Miss Sunshine Baby Grow – Cute Sunshine Slogan Baby Vest – Baby Girl Gift,Baby Vest,third-party-name; brand/character,fb tt gg
gid://shopify/Product/16052577337725,Jamie Webster Poster Print – Unofficial Music Wall Art – A4 to A0 or Framed,Music Poster,third-party-name,fb tt gg
gid://shopify/Product/16052577468797,Luke Littler Poster Print – Unofficial Darts Wall Art – A4 to A0 or Framed,Sports Poster,third-party-name,fb tt gg
gid://shopify/Product/16052582842749,Wrap Up Daddy Didn't Funny Baby Grow – Cheeky Slogan Baby Vest – Christmas Baby Gift,Baby Vest,rude (innuendo: Wrap Up Daddy Didn't),fb tt gg
gid://shopify/Product/16052584710525,Chloe Kelly Poster Print – Unofficial Football Wall Art – A4 to A0 or Framed,Sports Poster,third-party-name,fb tt gg
gid://shopify/Product/16052584874365,Leah Williamson Poster Print – Unofficial Football Wall Art – A4 to A0 or Framed,Sports Poster,third-party-name,fb tt gg
gid://shopify/Product/16052585660797,Nappy Full of Sh*t Funny Baby Grow – Rude Slogan Baby Vest – Joke Baby Shower Gift,Baby Vest,rude,fb tt gg
gid://shopify/Product/16052586578301,Lucy Bronze Poster Print – Unofficial Football Wall Art – A4 to A0 or Framed,Sports Poster,third-party-name,fb tt gg
gid://shopify/Product/16052586676605,Hannah Hampton Poster Print – Unofficial Football Wall Art – A4 to A0 or Framed,Sports Poster,third-party-name,fb tt gg
gid://shopify/Product/16052587463037,Leah Williamson & Irene Paredes Poster Print – Unofficial Football Wall Art – A4 to A0 or Framed,Sports Poster,third-party-name,fb tt gg
gid://shopify/Product/16052587495805,Chloe Kelly & Ella Toone Poster Print – Unofficial Football Wall Art – A4 to A0 or Framed,Sports Poster,third-party-name,fb tt gg
gid://shopify/Product/16052588970365,Jack Joseph Face Mask – Fancy Dress Cardboard Costume Mask,Celebrity Facemask,third-party-name; celebrity/character-mask,fb tt gg
gid://shopify/Product/16052589134205,Cole Anderson-James Face Mask – Fancy Dress Cardboard Costume Mask,Celebrity Facemask,third-party-name; celebrity/character-mask,fb tt gg
gid://shopify/Product/16052589199741,Graeme Swann 2026 Face Mask – Celebrity Card Face Mask,Celebrity Facemask,third-party-name; celebrity/character-mask,fb tt gg
gid://shopify/Product/16058970866045,Old Trafford Stadium Vintage Travel Poster – Manchester Football Stadium Wall Art Print – Retro Sports Stadium Artwork,Stadium Poster Print,third-party-name; football-club,fb tt gg
gid://shopify/Product/16059085816189,Emirates Stadium Vintage Travel Poster – London Football Stadium Wall Art Print – Retro Sports Stadium Artwork,Stadium Poster Print,third-party-name; football-club,fb tt gg
gid://shopify/Product/16059089977725,Villa Park Stadium Vintage Travel Poster – Birmingham Football Stadium Wall Art Print – Retro Sports Stadium Artwork,Stadium Poster Print,third-party-name; football-club,fb tt gg
gid://shopify/Product/16059090043261,Dean Court Stadium Vintage Travel Poster – Bournemouth Football Stadium Wall Art Print – Retro Sports Stadium Artwork,Stadium Poster Print,third-party-name; football-club,fb tt gg
gid://shopify/Product/16059090108797,Brentford Community Stadium Vintage Travel Poster – London Football Stadium Wall Art Print – Retro Sports Stadium Artwork,Stadium Poster Print,third-party-name; football-club,fb tt gg
gid://shopify/Product/16059094139261,Falmer Stadium Vintage Travel Poster – Brighton Football Stadium Wall Art Print – Retro Sports Stadium Artwork,Stadium Poster Print,third-party-name; football-club,fb tt gg
gid://shopify/Product/16059094204797,Stamford Bridge Stadium Vintage Travel Poster – London Football Stadium Wall Art Print – Retro Sports Stadium Artwork,Stadium Poster Print,third-party-name; football-club,fb tt gg
gid://shopify/Product/16059094303101,Coventry Arena Vintage Travel Poster – Coventry Football Stadium Wall Art Print – Retro Sports Stadium Artwork,Stadium Poster Print,third-party-name; football-club,fb tt gg
gid://shopify/Product/16059097940349,Selhurst Park Stadium Vintage Travel Poster – London Football Stadium Wall Art Print – Retro Sports Stadium Artwork,Stadium Poster Print,third-party-name; football-club,fb tt gg
gid://shopify/Product/16059098005885,Everton Stadium Vintage Travel Poster – Liverpool Football Stadium Wall Art Print – Retro Sports Stadium Artwork,Stadium Poster Print,third-party-name; football-club,fb tt gg
gid://shopify/Product/16059098038653,Craven Cottage Stadium Vintage Travel Poster – London Football Stadium Wall Art Print – Retro Sports Stadium Artwork,Stadium Poster Print,third-party-name; football-club,fb tt gg
gid://shopify/Product/16059102331261,Hull City Stadium Vintage Travel Poster – Hull Football Stadium Wall Art Print – Retro Sports Stadium Artwork,Stadium Poster Print,third-party-name; football-club,fb tt gg
gid://shopify/Product/16059102462333,Portman Road Stadium Vintage Travel Poster – Ipswich Football Stadium Wall Art Print – Retro Sports Stadium Artwork,Stadium Poster Print,third-party-name; football-club,fb tt gg
gid://shopify/Product/16059102495101,Elland Road Stadium Vintage Travel Poster – Leeds Football Stadium Wall Art Print – Retro Sports Stadium Artwork,Stadium Poster Print,third-party-name; football-club,fb tt gg
gid://shopify/Product/16059106296189,Anfield Stadium Vintage Travel Poster – Liverpool Football Stadium Wall Art Print – Retro Sports Stadium Artwork,Stadium Poster Print,third-party-name; football-club,fb tt gg
gid://shopify/Product/16059106394493,Etihad Stadium Vintage Travel Poster – Manchester Football Stadium Wall Art Print – Retro Sports Stadium Artwork,Stadium Poster Print,third-party-name; football-club,fb tt gg
gid://shopify/Product/16059106492797,St James' Park Stadium Vintage Travel Poster – Newcastle upon Tyne Football Stadium Wall Art Print – Retro Sports Stadium Artwork,Stadium Poster Print,third-party-name; football-club,fb tt gg
gid://shopify/Product/16059687076221,City Ground Stadium Vintage Travel Poster – Nottingham Football Stadium Wall Art Print – Retro Sports Stadium Artwork,Stadium Poster Print,third-party-name; football-club,fb tt gg
gid://shopify/Product/16059687174525,Stadium of Light Vintage Travel Poster – Sunderland Football Stadium Wall Art Print – Retro Sports Stadium Artwork,Stadium Poster Print,third-party-name; football-club,fb tt gg
gid://shopify/Product/16059687305597,Tottenham Hotspur Stadium Vintage Travel Poster – London Football Stadium Wall Art Print – Retro Sports Stadium Artwork,Stadium Poster Print,third-party-name; football-club,fb tt gg
gid://shopify/Product/16063687197053,Leatherface Face Mask – Fancy Dress Cardboard Costume Mask,Celebrity Facemask,third-party-name; celebrity/character-mask; brand/character,fb tt gg
gid://shopify/Product/16063687229821,Insidious Demon Face Mask – Fancy Dress Cardboard Costume Mask,Celebrity Facemask,third-party-name; celebrity/character-mask; brand/character,fb tt gg
gid://shopify/Product/16063694635389,"Lou and Andy Couple Face Mask Pair – Comedy Double Act Card Masks – Fancy Dress, Stag & Hen Party Props",Celebrity Facemask,third-party-name; celebrity/character-mask,fb tt gg
gid://shopify/Product/16063694668157,"Little Britain Characters Face Mask Pack – 4 Card Masks: Vicky Pollard, Lou, Andy & Bubbles DeVere – Fancy Dress Party Props",Celebrity Facemask,third-party-name; celebrity/character-mask; brand/character,fb tt gg
